date,GMW000000017794_T1_GLD000000020024,GMW000000017943_T1_GLD000000018234,GMW000000116943_T1_GLD000000146384,GMW000000017759_T1_GLD000000023641,GMW000000018050_T1_GLD000000018248,GMW000000018111_T1_GLD000000023466,GMW000000017862_T1_GLD000000018241,GMW000000117259_T1_GLD000000146635,GMW000000017817_T1_GLD000000020564,GMW000000070329_T1_GLD000000073527,GMW000000069616_T1_GLD000000072960,GMW000000011540_T1_GLD000000157588,GMW000000070328_T1_GLD000000071218,GMW000000069636_T1_GLD000000073220,GMW000000070231_T1_GLD000000071221,GMW000000035026_T2_GLD000000038657,GMW000000076065_T2_GLD000000041666,GMW000000076066_T1_GLD000000041599,GMW000000076058_T1_GLD000000041662,GMW000000075982_T1_GLD000000041462,GMW000000075984_T1_GLD000000041463,GMW000000075987_T1_GLD000000041350,GMW000000075987_T2_GLD000000041351,GMW000000075988_T2_GLD000000041349,GMW000000075989_T1_GLD000000041388,GMW000000034997_T1_GLD000000050328,GMW000000042154_T2_GLD000000050330,GMW000000035026_T1_GLD000000038656,GMW000000075988_T1_GLD000000041348,GMW000000042154_T1_GLD000000050325,GMW000000076062_T1_GLD000000041664,GMW000000075980_T1_GLD000000041460,GMW000000076060_T1_GLD000000041663,GMW000000076065_T1_GLD000000041665
2017-01-01,9.826099395751953,4.698398590087891,8.505744934082031,6.514575481414795,4.853733062744141,5.399255275726318,9.224217414855957,10.306614875793457,,4.260288238525391,12.17476749420166,,1.4281535148620605,11.802327156066895,4.260288238525391,,,,,,,,,,,,,,,,,,,
2017-01-02,9.830252647399902,4.709630012512207,8.52172565460205,6.5302653312683105,4.863926410675049,5.403827667236328,9.233915328979492,10.311412811279297,,4.319038391113281,12.181997299194336,,1.4433220624923706,11.806137084960938,4.319038391113281,,,,,,,,,,,,,,,,,,,
2017-01-03,9.832375526428223,4.716852188110352,8.536911010742188,6.546010971069336,4.871524810791016,5.407415866851807,9.243691444396973,10.316803932189941,,4.27773904800415,12.188268661499023,,1.4485735893249512,11.809755325317383,4.27773904800415,,,,,,,,,,,,,,,,,,,
2017-01-04,9.835997581481934,4.723461627960205,8.551656723022461,6.5617356300354,4.87743616104126,5.410259246826172,9.253497123718262,10.3226957321167,,4.298912525177002,12.196280479431152,,1.4545856714248657,11.814004898071289,4.298912525177002,,,,,,,,,,,,,,,,,,,
2017-01-05,9.83761978149414,4.726311683654785,8.565847396850586,6.577186107635498,4.880990505218506,5.412445068359375,9.262960433959961,10.328995704650879,,4.259737968444824,12.202208518981934,,1.4542362689971924,11.81757926940918,4.259737968444824,,,,,,,,,,,,,,,,,,,
2017-01-06,9.836956977844238,4.726480484008789,8.579655647277832,6.592144012451172,4.882681846618652,5.413291931152344,9.271751403808594,10.335531234741211,,4.235952854156494,12.205397605895996,,1.4520975351333618,11.819452285766602,4.235952854156494,,,,,,,,,,,,,,,,,,,
2017-01-07,9.837909698486328,4.727583885192871,8.593393325805664,6.6066575050354,4.884336948394775,5.414658069610596,9.280028343200684,10.342391967773438,,4.340868949890137,12.209748268127441,,1.4716910123825073,11.821488380432129,4.340868949890137,,,,,,,,,,,,,,,,,,,
2017-01-08,9.837498664855957,4.726720333099365,8.606754302978516,6.620626449584961,4.885494709014893,5.414797306060791,9.28763198852539,10.349234580993652,,4.283786773681641,12.212578773498535,,1.4785869121551514,11.822941780090332,4.283786773681641,,,,,,,,,,,,,,,,,,,
2017-01-09,9.842474937438965,4.728761672973633,8.620073318481445,6.634166240692139,4.887284755706787,5.4156880378723145,9.295071601867676,10.35634708404541,,4.377028465270996,12.221908569335938,,1.4912105798721313,11.82738971710205,4.377028465270996,,,,,,,,,,,,,,,,,,,
2017-01-10,9.847350120544434,4.731164932250977,8.633323669433594,6.647308349609375,4.889357089996338,5.416351318359375,9.302395820617676,10.363553047180176,,4.350277423858643,12.232471466064453,,1.4996123313903809,11.833483695983887,4.350277423858643,,,,,,,,,,,,,,,,,,,
2017-01-11,9.84941577911377,4.732261657714844,8.646471977233887,6.6599955558776855,4.890883922576904,5.416810989379883,9.30945873260498,10.370831489562988,,4.323620796203613,12.240824699401855,,1.5013525485992432,11.839227676391602,4.323620796203613,,,,,,,,,,,,,,,,,,,
2017-01-12,9.888994216918945,4.769808292388916,8.66086483001709,6.674350738525391,4.921125411987305,5.418286323547363,9.32453727722168,10.378618240356445,,4.627110481262207,12.348509788513184,,1.6631325483322144,11.91339111328125,4.627110481262207,8.961631774902344,9.394135475158691,9.291071891784668,8.960474014282227,10.683219909667969,10.303053855895996,10.481375694274902,10.481375694274902,11.102683067321777,10.551761627197266,,,8.961631774902344,11.102683067321777,,8.961631774902344,11.095844268798828,,9.394135475158691
2017-01-13,9.940740585327148,4.8180012702941895,8.679627418518066,6.692624568939209,4.9738287925720215,5.421307563781738,9.348928451538086,10.387945175170898,,4.646472454071045,12.470490455627441,,1.7048251628875732,12.018261909484863,4.646472454071045,,,,,,,,,,,,,,,,,,,
2017-01-14,9.964006423950195,4.858641624450684,8.70348834991455,6.714396953582764,5.015745639801025,5.425584316253662,9.380342483520508,10.399641990661621,,4.640944004058838,12.512078285217285,,1.6829510927200317,12.088715553283691,4.640944004058838,,,,,,,,,,,,,,,,,,,
2017-01-15,9.962080001831055,4.87973165512085,8.731263160705566,6.737792491912842,5.031855583190918,5.4303998947143555,9.410199165344238,10.414071083068848,,4.630740642547607,12.497777938842773,,1.660531759262085,12.115893363952637,4.630740642547607,,,,,,,,,,,,,,,,,,,
2017-01-16,9.952980995178223,4.881455421447754,8.761215209960938,6.761586666107178,5.030985355377197,5.434266567230225,9.434321403503418,10.430961608886719,,4.536596775054932,12.468681335449219,,1.6538962125778198,12.11829662322998,4.536596775054932,,,,,,,,,,,7.251036643981934,6.399847030639648,,,6.399847030639648,,,,
2017-01-17,9.94226360321045,4.870633602142334,8.791946411132812,6.785002708435059,5.022247791290283,5.437638759613037,9.452981948852539,10.44970703125,,4.3602094650268555,12.440458297729492,,1.6465600728988647,12.109405517578125,4.3602094650268555,,,,,,,,,,,,,,,,,,,
2017-01-18,9.932001113891602,4.854892730712891,8.822108268737793,6.807468891143799,,5.440177917480469,9.46695327758789,10.469869613647461,,4.317389965057373,12.418164253234863,,1.640362024307251,12.094764709472656,4.317389965057373,,,,,,,,,,,,,,,,,,,
2017-01-19,9.922204971313477,4.836462020874023,8.850778579711914,6.828628063201904,4.997715473175049,5.441613674163818,9.47785472869873,10.490361213684082,,4.296002388000488,12.398587226867676,,1.6341608762741089,12.077557563781738,4.296002388000488,,,,,,,,,,,,,,,,,,,
2017-01-20,9.91331958770752,4.817734241485596,8.877580642700195,6.848217964172363,4.985008239746094,5.442110538482666,9.486557960510254,10.510351181030273,,4.269394874572754,12.381433486938477,,1.629133939743042,12.05922794342041,4.269394874572754,,,,,,,,,,,,,,,,,,,
2017-01-21,9.905189514160156,4.800073623657227,8.902244567871094,6.866050720214844,4.973207473754883,5.441892623901367,9.493216514587402,10.529719352722168,,4.2495646476745605,12.366539001464844,,1.6249836683273315,12.040504455566406,4.2495646476745605,,,,,,,,,,,,,,,,,,,
2017-01-22,9.897933959960938,4.78424596786499,8.9246187210083,6.882015228271484,4.9624128341674805,5.441092491149902,9.498021125793457,10.548023223876953,,4.235774040222168,12.353761672973633,,1.6215102672576904,12.021960258483887,4.235774040222168,,,,,,,,,,,,,,,,,,,
2017-01-23,9.892178535461426,4.77027702331543,8.944716453552246,6.896111965179443,4.952540397644043,5.439840793609619,9.501293182373047,10.565176010131836,,4.230982780456543,12.343920707702637,,1.619649887084961,12.004495620727539,4.230982780456543,,,,,,,,,,,,,,,,,,,
2017-01-24,9.887408256530762,4.757914066314697,8.962629318237305,6.908405780792236,4.943547248840332,5.438248157501221,9.503341674804688,10.581106185913086,,4.225103855133057,12.335081100463867,,1.61728036403656,11.98835277557373,4.225103855133057,,,,,,,,,,,,,,,,,,,
2017-01-25,9.883309364318848,4.747021198272705,8.978473663330078,6.919024467468262,4.93528938293457,5.436400890350342,9.504396438598633,10.595780372619629,,4.220086097717285,12.327157020568848,,1.6145344972610474,11.973761558532715,4.220086097717285,,,,,,,,,,,,,,,,,,,
2017-01-26,9.879213333129883,4.73726749420166,8.992359161376953,6.928073883056641,4.927643299102783,5.434351444244385,9.504609107971191,10.609188079833984,,4.20876407623291,12.319368362426758,,1.6097095012664795,11.959436416625977,4.20876407623291,,,,,,,,,,,,,,,,,,,
2017-01-27,9.875414848327637,4.7284440994262695,9.00490665435791,6.935657978057861,4.920554161071777,5.432149887084961,9.504098892211914,10.621335983276367,,4.200155735015869,12.311869621276855,,1.6050364971160889,11.945541381835938,4.200155735015869,9.15915298461914,9.638824462890625,9.563080787658691,9.160604476928711,10.95894718170166,10.529093742370605,10.095477104187012,10.095477104187012,11.33365535736084,10.761295318603516,,,9.15915298461914,11.33365535736084,,9.15915298461914,11.29372787475586,9.447957038879395,
2017-01-28,9.87207317352295,4.720433235168457,9.016175270080566,6.941874980926514,4.91395378112793,5.429839611053467,9.502983093261719,10.632246971130371,,4.194045066833496,12.304950714111328,,1.6001702547073364,11.93226146697998,4.194045066833496,,,,,,,,,,,,,,,,,,,
2017-01-29,9.875374794006348,4.7170915603637695,9.026495933532715,6.946934700012207,4.909188270568848,5.428450584411621,9.501700401306152,10.6427640914917,,4.308743953704834,12.307211875915527,,1.626202940940857,11.924360275268555,4.308743953704834,,,,,,,,,,,,,,,,,,,
2017-01-30,9.88276481628418,4.716618061065674,9.03601360321045,6.951060771942139,4.9062042236328125,5.427074909210205,9.500411987304688,10.652239799499512,,4.359514236450195,12.31854248046875,,1.6357755661010742,11.923174858093262,4.359514236450195,,,,,,,,,,,,,,,,,,,
2017-01-31,9.887114524841309,4.716617107391357,9.044861793518066,6.95442533493042,4.904384613037109,5.425725936889648,9.499126434326172,10.660860061645508,,4.296565532684326,12.327784538269043,,1.6312816143035889,11.924314498901367,4.296565532684326,,,,,,,,,,,7.416191577911377,6.387529373168945,,,6.387529373168945,,,,
2017-02-01,9.888834953308105,4.716812610626221,9.053162574768066,6.957171440124512,4.903291702270508,5.424410820007324,9.497884750366211,10.668753623962402,,4.315704345703125,12.334176063537598,,1.6308287382125854,11.925785064697266,4.315704345703125,,,,,,,,,,,,,,,,,,,
2017-02-02,9.887459754943848,4.715440273284912,9.06080150604248,6.959332466125488,4.9021124839782715,5.422338485717773,9.496526718139648,10.675537109375,,4.278846263885498,12.335848808288574,,1.6253397464752197,11.925171852111816,4.278846263885498,,,,,,,,,,,,,,,,,,,
2017-02-03,9.884934425354004,4.713624477386475,9.067892074584961,6.960927486419678,4.900542259216309,5.420502662658691,9.495018005371094,10.681811332702637,,4.2633957862854,12.334548950195312,,1.6204254627227783,11.922958374023438,4.2633957862854,,,,,,,,,,,,,,,,,,,
2017-02-04,9.888116836547852,4.715517520904541,9.074758529663086,6.962157726287842,4.899972915649414,5.419753074645996,9.493823051452637,10.688020706176758,,4.401552677154541,12.338665008544922,,1.6388481855392456,11.923150062561035,4.401552677154541,,,,,,,,,,,,,,,,,,,
2017-02-05,9.890061378479004,4.7172532081604,9.081429481506348,6.963145732879639,4.899928569793701,5.419015407562256,9.492887496948242,10.693743705749512,,4.320209503173828,12.341690063476562,,1.6351544857025146,11.923713684082031,4.320209503173828,,,,,,,,,,,,,,,,,,,
2017-02-06,9.888639450073242,4.717067241668701,9.087797164916992,6.963856220245361,4.89968204498291,5.417505264282227,9.491996765136719,10.698785781860352,,4.301580429077148,12.340848922729492,,1.629410743713379,11.92210865020752,4.301580429077148,,,,,,,,,,,,,,,,,,,
2017-02-07,9.887752532958984,4.716796398162842,9.094046592712402,6.964353561401367,4.899697303771973,5.416191577911377,9.491199493408203,10.70351791381836,,4.323256015777588,12.340558052062988,,1.6348414421081543,11.920575141906738,4.323256015777588,,,,,,,,,,,,,,,,,,,
2017-02-08,9.889379501342773,4.717410087585449,9.099953651428223,6.964644908905029,4.899306297302246,5.415799617767334,9.490492820739746,10.708108901977539,,4.303920269012451,12.346369743347168,,1.6309661865234375,11.927331924438477,4.303920269012451,,,,,,,,,,,,,,,,,,,
2017-02-09,9.889228820800781,4.716007709503174,9.105565071105957,6.964658260345459,4.898320198059082,5.414536476135254,9.489686965942383,10.712220191955566,,4.281087875366211,12.35011100769043,,1.626635193824768,11.92795181274414,4.281087875366211,,,,,,,,,,,,,,,,,,,
2017-02-10,9.887909889221191,4.71417760848999,9.110896110534668,6.964391708374023,4.896901607513428,5.413377285003662,9.488748550415039,10.715989112854004,,4.275877475738525,12.350586891174316,,1.6252721548080444,11.927026748657227,4.275877475738525,,,,,,,,,,,,,,,,,,,
2017-02-11,9.888995170593262,4.714380741119385,9.116238594055176,6.963928699493408,4.895866870880127,5.413092613220215,9.48789119720459,10.719483375549316,,4.324690341949463,12.353143692016602,,1.630311369895935,11.927302360534668,4.324690341949463,,,,,,,,,,,,,,,,,,,
2017-02-12,9.887677192687988,4.713172435760498,9.121155738830566,6.963263034820557,4.894672393798828,5.411962985992432,9.487011909484863,10.722664833068848,,4.283813953399658,12.35236644744873,,1.6264433860778809,11.926340103149414,4.283813953399658,,,,,,,,,,,,,,,,,,,
2017-02-13,9.883878707885742,4.710790157318115,9.125752449035645,6.962350368499756,4.8930535316467285,5.410883903503418,9.485918998718262,10.725486755371094,,4.250650882720947,12.3472318649292,,1.620261311531067,11.922520637512207,4.250650882720947,9.188849449157715,9.71678638458252,9.5267972946167,9.249534606933594,10.996840476989746,10.599875450134277,10.122501373291016,10.122501373291016,11.368867874145508,10.943602561950684,,,9.188849449157715,11.368867874145508,,9.188849449157715,11.32872200012207,9.578452110290527,
2017-02-14,9.878765106201172,4.707218647003174,9.129976272583008,6.961163520812988,4.89085578918457,5.409772872924805,9.484564781188965,10.727890968322754,,4.225381374359131,12.339119911193848,,1.6109614372253418,11.91599178314209,4.225381374359131,,,,,,,,,,,7.422928810119629,6.35340690612793,,,6.35340690612793,,,,
2017-02-15,9.873781204223633,4.702861785888672,9.133788108825684,6.95968770980835,4.888187408447266,5.408610820770264,9.482949256896973,10.72984790802002,,4.209371566772461,12.329842567443848,,1.6020123958587646,11.90773868560791,4.209371566772461,,,,,,,,,,,,,,,,,,,
2017-02-16,9.869488716125488,4.698138236999512,9.137161254882812,6.957922458648682,4.88520622253418,5.407400131225586,9.481071472167969,10.731332778930664,,4.198400020599365,12.320683479309082,,1.5955287218093872,11.898626327514648,4.198400020599365,,,,,,,,,,,,,,,,,,,
2017-02-17,9.867531776428223,4.694106578826904,9.140286445617676,6.955915451049805,4.8826093673706055,5.406208038330078,9.47904109954834,10.732397079467773,,4.214437007904053,12.315850257873535,,1.594940423965454,11.89160442352295,4.214437007904053,,,,,,,,,,,,,,,,,,,
2017-02-18,9.864581108093262,4.690104007720947,9.14294147491455,6.953665733337402,4.8798370361328125,5.404989719390869,9.476898193359375,10.733024597167969,,4.199469566345215,12.310879707336426,,1.5883976221084595,11.884648323059082,4.199469566345215,,,,,,,,,,,,,,,,,,,
2017-02-19,9.862107276916504,4.686208248138428,9.145170211791992,6.951192378997803,4.877033710479736,5.403743267059326,9.474675178527832,10.733220100402832,,4.1934943199157715,12.306035041809082,,1.5843063592910767,11.877473831176758,4.1934943199157715,,,,,,,,,,,,,,,,,,,
2017-02-20,9.862659454345703,4.684337615966797,9.147444725036621,6.94854736328125,4.8748064041137695,5.403242588043213,9.472579002380371,10.733194351196289,,4.243556022644043,12.306157112121582,,1.5934944152832031,11.872903823852539,4.243556022644043,,,,,,,,,,,,,,,,,,,
2017-02-21,9.86215877532959,4.682801246643066,9.149169921875,6.945758819580078,4.8727545738220215,5.402597904205322,9.470550537109375,10.732847213745117,,4.237051963806152,12.305306434631348,,1.5885818004608154,11.869220733642578,4.237051963806152,,,,,,,,,,,,,,,,,,,
2017-02-22,9.899720191955566,4.707381725311279,9.151361465454102,6.944068908691406,4.886014938354492,5.402944564819336,9.471906661987305,10.732778549194336,,4.599460601806641,12.40631103515625,,1.7527562379837036,11.925037384033203,4.599460601806641,,,,,,,,,,,,,,,,,,,
2017-02-23,9.937746047973633,4.7369585037231445,9.154135704040527,6.944535255432129,4.914431571960449,5.404548645019531,9.477761268615723,10.733528137207031,,4.64146089553833,12.503366470336914,,1.7294964790344238,12.007133483886719,4.64146089553833,,,,,,,,,,,,,,,,,,,
2017-02-24,9.949394226074219,4.761255264282227,9.157803535461426,6.947091579437256,4.94022798538208,5.406887054443359,9.484877586364746,10.735403060913086,,4.631705284118652,12.517864227294922,,1.689367651939392,12.054488182067871,4.631705284118652,,,,,,,,,,,,,,,,,,,
2017-02-25,9.94660472869873,4.775520324707031,9.162409782409668,6.951175689697266,4.954413414001465,5.409493923187256,9.492064476013184,10.738489151000977,,4.551079273223877,12.49805736541748,,1.672703504562378,12.072251319885254,4.551079273223877,,,,,,,,,,,,,,,,,,,
2017-02-26,9.93997859954834,4.781875133514404,9.167932510375977,6.956291198730469,4.960337162017822,5.412108898162842,9.498952865600586,10.742737770080566,,4.391896724700928,12.4747896194458,,1.66888427734375,12.076441764831543,4.391896724700928,,,,,,,,,,,,,,,,,,,
2017-02-27,9.95280933380127,4.796907901763916,9.174764633178711,6.96296501159668,4.971718788146973,5.415349960327148,9.508495330810547,10.74891185760498,,4.627360820770264,12.53847599029541,,1.7375596761703491,12.139004707336426,4.627360820770264,,,,,,,,,,,,,,,,,,,
2017-02-28,9.97473430633545,4.818456649780273,9.183493614196777,6.972330093383789,4.9930524826049805,5.419430732727051,9.52298355102539,10.757881164550781,,4.636061191558838,12.601936340332031,,1.7416667938232422,12.219386100769043,4.636061191558838,,,,,,,,,,,,,,,,,,,
2017-03-01,9.994462013244629,4.8414530754089355,9.194828987121582,6.984905242919922,5.017157554626465,5.424389839172363,9.543256759643555,10.77108383178711,,4.613701820373535,12.627729415893555,,1.7389329671859741,12.284513473510742,4.613701820373535,,,,,,,,,,,,,,,,,,,
2017-03-02,9.9942045211792,4.85399866104126,9.208683013916016,6.999024391174316,5.0284929275512695,5.429556846618652,9.563009262084961,10.789510726928711,,4.511449813842773,12.6041898727417,,1.718806505203247,12.29698657989502,4.511449813842773,,,,,,,,,,,,,,,,,,,
2017-03-03,9.986495018005371,4.854948043823242,9.224054336547852,7.013625144958496,5.02818489074707,5.433686256408691,9.579259872436523,10.810928344726562,,4.408177852630615,12.572371482849121,,1.703485131263733,12.282272338867188,4.408177852630615,9.2223539352417,9.815774917602539,9.734417915344238,9.288397789001465,11.208873748779297,10.67583179473877,10.234759330749512,10.234759330749512,11.54007625579834,11.053586959838867,,,9.2223539352417,11.54007625579834,,9.2223539352417,11.38616943359375,9.656033515930176,
2017-03-04,9.986311912536621,4.855297565460205,9.240937232971191,7.028449058532715,5.025805950164795,5.438605308532715,9.593751907348633,10.834809303283691,,4.507959365844727,12.572853088378906,,1.712855577468872,12.28175163269043,4.507959365844727,,,,,,,,,,,,,,,,,,,
2017-03-05,9.988445281982422,4.8555073738098145,9.258590698242188,7.043338775634766,5.023332595825195,5.443405628204346,9.607061386108398,10.860272407531738,,4.502315998077393,12.574981689453125,,1.714301347732544,12.285499572753906,4.502315998077393,,,,,,,,,,,,,,,,,,,
2017-03-06,9.986283302307129,4.858088493347168,9.276647567749023,7.05824089050293,5.023321151733398,5.4470672607421875,9.618988037109375,10.885933876037598,,4.602457523345947,12.568120002746582,,1.7340863943099976,12.287174224853516,4.602457523345947,,,,,,,,,,,7.521322727203369,6.438066482543945,,,6.438066482543945,,,,
2017-03-07,9.97737979888916,4.851920127868652,9.294210433959961,7.072516441345215,5.019383430480957,5.449522972106934,9.628870964050293,10.909832954406738,,4.431310653686523,12.5404691696167,,1.7047590017318726,12.262150764465332,4.431310653686523,,,,,,,,,,,,,,,,,,,
2017-03-08,9.989017486572266,4.860203742980957,9.312299728393555,7.087966442108154,5.029698848724365,5.453170299530029,9.641641616821289,10.934273719787598,,4.633371829986572,12.579221725463867,,1.7853977680206299,12.290336608886719,4.633371829986572,,,,,,,,,,,,,,,,,,,
2017-03-09,9.99183464050293,4.862857341766357,9.331072807312012,7.104259967803955,5.038313388824463,5.455588340759277,9.653822898864746,10.959242820739746,,4.572653770446777,12.567508697509766,,1.735303282737732,12.285107612609863,4.572653770446777,,,,,,,,,,,,,,,,,,,
2017-03-10,9.982665061950684,4.854617118835449,9.349470138549805,7.120053768157959,5.036533832550049,5.456348419189453,9.663406372070312,10.982382774353027,,4.360734462738037,12.534534454345703,,1.7162275314331055,12.25279426574707,4.360734462738037,,,,,,,,,,,,,,,,,,,
2017-03-11,9.971476554870605,4.840309143066406,9.366837501525879,7.134512901306152,5.028576374053955,5.455956935882568,9.670371055603027,11.002118110656738,,4.305820941925049,12.503046989440918,,1.7004117965698242,12.214442253112793,4.305820941925049,,,,,,,,,,,,,,,,,,,
2017-03-12,9.959624290466309,4.822235584259033,9.382562637329102,7.146960735321045,5.017148494720459,5.454524040222168,9.674461364746094,11.017711639404297,,4.2700042724609375,12.473878860473633,,1.6900900602340698,12.176159858703613,4.2700042724609375,,,,,,,,,,,,,,,,,,,
2017-03-13,9.949882507324219,4.804142951965332,9.396256446838379,7.157099723815918,5.004266262054443,5.452324867248535,9.675954818725586,11.030394554138184,,4.246012210845947,12.451897621154785,,1.682740330696106,12.14251708984375,4.246012210845947,,,,,,,,,,,,,,,,,,,
2017-03-14,9.9418363571167,4.787077903747559,9.407787322998047,7.164841651916504,4.991572380065918,5.44954776763916,9.675395011901855,11.039345741271973,,4.231090068817139,12.43505573272705,,1.6764637231826782,12.111100196838379,4.231090068817139,9.33410358428955,9.973714828491211,9.786294937133789,9.375378608703613,11.358295440673828,10.854999542236328,10.138689994812012,10.138689994812012,11.707755088806152,11.212079048156738,7.601291179656982,6.359689235687256,9.33410358428955,11.707755088806152,6.359689235687256,9.33410358428955,11.3718843460083,9.776766777038574,
2017-03-15,9.934362411499023,4.771338939666748,9.417165756225586,7.170280933380127,4.9795918464660645,5.446537494659424,9.6732759475708,11.045269966125488,,4.214915752410889,12.41893482208252,,1.6702545881271362,,,,,,,,,,,,,,,,,,,,,
2017-03-16,9.927371978759766,4.756556510925293,9.42451000213623,7.173623561859131,4.968351364135742,5.443480968475342,9.669954299926758,11.048912048339844,,4.196847915649414,12.403450012207031,,1.664170503616333,,,,,,,,,,,,,,,,,,,,,
2017-03-17,9.93069076538086,4.747683048248291,9.430460929870605,7.175347328186035,4.960047245025635,5.441458225250244,9.666529655456543,11.052143096923828,,4.295210361480713,12.412982940673828,,1.6800575256347656,,,,,,,,,,,,,,,,,,,,,
2017-03-18,9.942895889282227,4.746982097625732,9.435531616210938,7.176394462585449,4.957154273986816,5.439728736877441,9.664103507995605,11.055213928222656,,4.5232014656066895,12.448138236999512,,1.7113975286483765,,,,,,,,,,,,,,,,,,,,,
2017-03-19,9.949771881103516,4.747234344482422,9.440146446228027,7.177173614501953,4.957117557525635,5.43821907043457,9.662297248840332,11.058364868164062,,4.372633934020996,12.45667839050293,,1.686544418334961,,,,,,,,,,,,,,,,,,,,,
2017-03-20,9.958175659179688,4.751588344573975,9.444710731506348,7.178086757659912,4.959197044372559,5.43705940246582,9.661615371704102,11.062192916870117,,4.504151821136475,12.479424476623535,,1.7080825567245483,,,,,,,,,,,,,,,,,,,,,
2017-03-21,9.956792831420898,4.75244665145874,9.449273109436035,7.178926467895508,4.959924221038818,5.436028480529785,9.660954475402832,11.0663480758667,,4.343069076538086,12.469143867492676,,1.6824853420257568,,,,,,,,,,,,,,,,,,,,,
2017-03-22,9.949004173278809,4.750205993652344,9.45363712310791,7.179187774658203,4.957657337188721,5.434206485748291,9.659664154052734,11.069220542907715,,4.269991874694824,12.45071792602539,,1.673855185508728,,,,,,,,,,,,,,,,,,,,,
2017-03-23,9.939234733581543,4.74446964263916,9.457526206970215,7.178523540496826,4.953263759613037,5.4324870109558105,9.657474517822266,11.071296691894531,,4.235673427581787,12.430882453918457,,1.6634045839309692,,,,,,,,,,,,,,,,,,,,,
2017-03-24,9.930257797241211,4.736869812011719,9.460790634155273,7.176883220672607,4.9476637840271,5.430762767791748,9.654511451721191,11.072349548339844,,4.212386131286621,12.411539077758789,,1.6557655334472656,,,,,,,,,,,,,,,,,,,,,
2017-03-25,9.922225952148438,4.728180408477783,9.463324546813965,7.174291610717773,4.94130802154541,5.428956985473633,9.650882720947266,11.07226848602295,,4.188847064971924,12.39319896697998,,1.6490871906280518,,,,,,,,,,,,,,,,,,,,,
2017-03-26,9.915552139282227,4.719143390655518,9.465081214904785,7.1708245277404785,4.9346160888671875,5.427050590515137,9.646703720092773,11.07104778289795,,4.171690464019775,12.37671947479248,,1.6434406042099,,,,,,,,,,,,,,,,,,,,,
2017-03-27,9.909655570983887,4.70995569229126,9.466023445129395,7.166561126708984,4.927770137786865,5.425028324127197,9.642069816589355,11.068726539611816,,4.15445613861084,12.360827445983887,,1.6370329856872559,,,,,,,,,,,,,,,,,,,,,
2017-03-28,9.904436111450195,4.701051235198975,9.46622371673584,7.161615371704102,4.921645641326904,5.4228973388671875,9.63770580291748,11.066123962402344,,4.160177707672119,12.349017143249512,,1.6398063898086548,,,,,,,,,,,,,,,,,,,,,
2017-03-29,9.900327682495117,4.692802906036377,9.465761184692383,7.156094074249268,4.915872573852539,5.42069673538208,9.632980346679688,11.062002182006836,,4.159916877746582,12.339325904846191,,1.6382712125778198,,,,,,,,,,,,,7.5975728034973145,6.338433265686035,,,6.338433265686035,,,,
2017-03-30,9.896209716796875,4.684951305389404,9.464690208435059,7.150076389312744,4.91029167175293,5.41843318939209,9.628240585327148,11.05722427368164,,4.1468024253845215,12.32933521270752,,1.6323224306106567,,,9.358600616455078,10.008232116699219,9.640069961547852,9.43533992767334,11.252674102783203,10.816834449768066,10.063276290893555,10.063276290893555,11.688080787658691,11.3196382522583,,,9.358600616455078,11.688080787658691,,9.358600616455078,11.35851764678955,9.877110481262207,
2017-03-31,9.892574310302734,4.677541255950928,9.463068962097168,7.143653869628906,4.905139446258545,5.416138648986816,9.623496055603027,11.05190372467041,,4.136780738830566,12.320136070251465,,1.6283823251724243,,,,,,,,,,,,,,,,,,,,,
2017-04-01,9.940366744995117,4.698755264282227,9.461095809936523,7.1369428634643555,4.909897804260254,5.464204788208008,9.618926048278809,11.046775817871094,,4.178849697113037,12.317326545715332,,1.6402961015701294,,,,,,,,,,,,,,,,,,,,,
2017-04-02,9.96340560913086,4.717317581176758,9.458821296691895,7.12999963760376,4.914625644683838,5.5079827308654785,9.614398956298828,11.041239738464355,,4.157723426818848,12.31360912322998,,1.6309490203857422,,,,,,,,,,,,,,,,,,,,,
2017-04-03,9.973952293395996,4.731929302215576,9.456178665161133,7.122863292694092,4.918158531188965,5.541774749755859,9.609911918640137,11.034915924072266,,4.145291328430176,12.307984352111816,,1.6241244077682495,,,,,,,,,,,,,,,,,,,,,
2017-04-04,9.978697776794434,4.74238395690918,9.453125953674316,7.11561393737793,4.920086860656738,5.568309307098389,9.605311393737793,11.028349876403809,,4.129196643829346,12.299871444702148,,1.617636799812317,,,,,,,,,,,,,,,,,,,,,
2017-04-05,9.980978012084961,4.749517917633057,9.449751853942871,7.108410358428955,4.920503616333008,5.588499069213867,9.600659370422363,11.021499633789062,,4.1209492683410645,12.2914400100708,,1.6115736961364746,,,,,,,,,,,,,,,,,,,,,
2017-04-06,9.982666969299316,4.754311561584473,9.446073532104492,7.101231098175049,4.91982889175415,5.603785991668701,9.595964431762695,11.014429092407227,,4.1155242919921875,12.283590316772461,,1.6071298122406006,,,,,,,,,,,,,,,,,,,,,
2017-04-07,9.983780860900879,4.757364749908447,9.44210433959961,7.094062805175781,4.918430805206299,5.615279674530029,9.591230392456055,11.007104873657227,,4.109462261199951,12.276144027709961,,1.6022837162017822,,,,,,,,,,,,,,,,,,,,,
2017-04-08,9.98365306854248,4.75887393951416,9.437854766845703,7.086923599243164,4.91652774810791,5.623826503753662,9.586469650268555,10.999458312988281,,4.0981268882751465,12.26862907409668,,1.594419002532959,,,,,,,,,,,,,,,,,,,,,
2017-04-09,9.981346130371094,4.758984088897705,9.433323860168457,7.079832077026367,4.914175510406494,5.630067825317383,9.581713676452637,10.991497039794922,,4.080258846282959,12.260485649108887,,1.5828346014022827,,,,,,,,,,,,,,,,,,,,,
2017-04-10,9.980122566223145,4.758368015289307,9.428533554077148,7.072766304016113,4.911536693572998,5.634547710418701,9.576923370361328,10.983259201049805,,4.07103157043457,12.253076553344727,,1.5760177373886108,,,,,,,,,,,,,,,,,,,,,
2017-04-11,9.978983879089355,4.7572550773620605,9.423498153686523,7.065711498260498,4.908700942993164,5.6375956535339355,9.57203197479248,10.974780082702637,,4.061996936798096,12.246075630187988,,1.5688982009887695,,,,,,,,,,,,,,,,,,,,,
2017-04-12,9.979341506958008,4.75613260269165,9.418376922607422,7.058652400970459,4.9061408042907715,5.6396403312683105,9.567110061645508,10.966155052185059,,4.062796592712402,12.239131927490234,,1.5667048692703247,,,,,,,,,,,,,,,,,,,,,
2017-04-13,9.979180335998535,4.755028247833252,9.41299819946289,7.051607131958008,4.903284549713135,5.640972137451172,9.562188148498535,10.957409858703613,,4.059609413146973,12.232144355773926,,1.561227798461914,,,,,,,,,,,,,,,,,,,,,
2017-04-14,9.979475021362305,4.754077911376953,9.407398223876953,7.044576168060303,4.90055513381958,5.641770839691162,9.55728816986084,10.948579788208008,,4.059951305389404,12.225298881530762,,1.558597445487976,,,,,,,,,,,,,,,,,,,,,
2017-04-15,9.980517387390137,4.753513336181641,9.401738166809082,7.037547588348389,4.89829158782959,5.642274856567383,9.552437782287598,10.940038681030273,,4.0658278465271,12.218832015991211,,1.562166452407837,,,,,,,,,,,,,,,,,,,,,
2017-04-16,9.983377456665039,4.7540202140808105,9.396015167236328,7.030508041381836,4.896359443664551,5.642620086669922,9.547698974609375,10.931461334228516,,4.081592082977295,12.213229179382324,,1.5668361186981201,,,,,,,,,,,,,,,,,,,,,
2017-04-17,9.989340782165527,4.7558794021606445,9.390222549438477,7.023471832275391,4.895095348358154,5.64296817779541,9.54312515258789,10.922952651977539,,4.106375217437744,12.209844589233398,,1.578537940979004,,,,,,,,,,,,,,,,,,,,,
2017-04-18,9.99309253692627,4.75855827331543,9.38438892364502,7.016456604003906,4.894440174102783,5.6433939933776855,9.53875732421875,10.914745330810547,,4.111261367797852,12.208219528198242,,1.5718802213668823,,,,,,,,,,,,,7.456546306610107,5.7371697425842285,,,5.7371697425842285,,,,
2017-04-19,9.991519927978516,4.760921955108643,9.378459930419922,7.009487628936768,4.894059181213379,5.643876552581787,9.53449535369873,10.90694522857666,,4.098771095275879,12.20634937286377,,1.5599431991577148,,,9.279362678527832,9.935897827148438,9.398943901062012,9.385457992553711,,,,,,,,,9.279362678527832,,,9.279362678527832,,9.847673416137695,
2017-04-20,9.986783027648926,4.761800765991211,9.37233829498291,7.002577304840088,4.8933563232421875,5.64436674118042,9.53024673461914,10.899341583251953,,4.078664779663086,12.20291519165039,,1.5467933416366577,,,,,,,,,,,,,,,,,,,,,
2017-04-21,9.98371410369873,4.761777877807617,9.36614990234375,6.9957170486450195,4.89240837097168,5.644831657409668,9.52598762512207,10.891886711120605,,4.069092273712158,12.19852066040039,,1.5377039909362793,,,,,,,,,,,,,,,,,,,,,
2017-04-22,9.981205940246582,4.76121711730957,9.359904289245605,6.988910675048828,4.89116096496582,5.645172595977783,9.52171516418457,10.884248733520508,,4.059694766998291,12.193493843078613,,1.53025221824646,,,,,,,,,,,,,,,,,,,,,
2017-04-23,9.978362083435059,4.760223388671875,9.353607177734375,6.982161045074463,4.889587879180908,5.645413398742676,9.517411231994629,10.876659393310547,,4.051738262176514,12.187822341918945,,1.5239266157150269,,,,,,,,,,,,,,,,,,,,,
2017-04-24,9.977198600769043,4.759269714355469,9.347257614135742,6.975377559661865,4.888146877288818,5.645662307739258,9.513205528259277,10.869470596313477,,4.051962375640869,12.181977272033691,,1.5201374292373657,,,,,,,,,,,,,,,,,,,,,
2017-04-25,9.9757080078125,4.758208751678467,9.340865135192871,6.9685235023498535,4.886599540710449,5.645854949951172,9.509056091308594,10.861862182617188,,4.046975135803223,12.175948143005371,,1.5155701637268066,,,,,,,,,,,,,,,,,,,,,
2017-04-26,9.97373104095459,4.756845474243164,9.334430694580078,6.961757183074951,4.884805202484131,5.645989894866943,9.504907608032227,10.854321479797363,,4.037837028503418,12.169817924499512,,1.5099892616271973,,,,,,,,,,,,,,,,,,,,,
2017-04-27,9.970842361450195,4.755207061767578,9.327953338623047,6.955075740814209,4.882989406585693,5.645972728729248,9.500758171081543,10.846805572509766,,4.0290374755859375,12.163599967956543,,1.504569172859192,,,,,,,,,,,,,,,,,,,,,
2017-04-28,9.970717430114746,4.753786087036133,9.321481704711914,6.948473930358887,4.881406307220459,5.646019458770752,9.496620178222656,10.83983039855957,,4.024721622467041,12.157601356506348,,1.4997804164886475,,,,,,,,,,,,,,,,,,,,,
2017-04-29,9.9691743850708,4.752368450164795,9.314971923828125,6.9419660568237305,4.879439353942871,5.645944118499756,9.492473602294922,10.832794189453125,,4.017934322357178,12.151986122131348,,1.4945274591445923,,,9.239851951599121,9.8939208984375,9.300549507141113,9.342580795288086,10.965888023376465,10.550314903259277,9.906349182128906,9.906349182128906,11.488853454589844,11.185955047607422,,,9.239851951599121,11.488853454589844,,9.239851951599121,11.23497200012207,9.812198638916016,
2017-04-30,9.964309692382812,4.750059127807617,9.308432579040527,6.935553550720215,4.877325057983398,5.645771026611328,9.488237380981445,10.825146675109863,,4.004148006439209,12.145627975463867,,1.487607479095459,,,,,,,,,,,,,,,,,,,,,
2017-05-01,9.961397171020508,4.747632026672363,9.301596641540527,6.927019119262695,4.872254371643066,5.645462512969971,9.483952522277832,10.81745719909668,,3.995677947998047,12.137528419494629,,1.482151985168457,,,,,,,,,,,,,7.362361907958984,5.686352252960205,,,5.686352252960205,,,,
2017-05-02,9.965412139892578,4.74644136428833,9.29478931427002,6.916912078857422,4.86601448059082,5.64523983001709,9.479674339294434,10.810277938842773,,4.004151821136475,12.127912521362305,,1.4841784238815308,,,,,,,,,,,,,,,,,,,,,
2017-05-03,9.972500801086426,4.747071743011475,9.287721633911133,6.905745506286621,4.859995365142822,5.645135879516602,9.475508689880371,10.80300521850586,,4.023987293243408,12.118523597717285,,1.49263596534729,,,,,,,,,,,,,,,,,,,,,
2017-05-04,9.976092338562012,4.7486772537231445,9.280656814575195,6.895479679107666,4.856817245483398,5.645195007324219,9.471479415893555,10.79577922821045,,4.036713123321533,12.110939025878906,,1.4935921430587769,,,,,,,,,,,,,,,,,,,,,
2017-05-05,9.97548770904541,4.750585079193115,9.27373218536377,6.885979652404785,4.855356693267822,5.64538049697876,9.467550277709961,10.788681983947754,,4.038671493530273,12.10455322265625,,1.490396499633789,,,,,,,,,,,,,,,,,,,,,
2017-05-06,9.967829704284668,4.750843048095703,9.266852378845215,6.877140522003174,4.854522705078125,5.645604610443115,9.46358871459961,10.781691551208496,,4.018181800842285,12.097784996032715,,1.4821946620941162,,,,,,,,,,,,,,,,,,,,,
2017-05-07,9.962971687316895,4.750146865844727,9.259979248046875,6.868712425231934,4.853785037994385,5.645737171173096,9.459592819213867,10.774371147155762,,4.006062984466553,12.090895652770996,,1.4749776124954224,,,,,,,,,,,,,,,,,,,,,
2017-05-08,9.959057807922363,4.748915195465088,9.2531156539917,6.86081075668335,4.852879524230957,5.645801067352295,9.455581665039062,10.767250061035156,,3.9968996047973633,12.084064483642578,,1.4685298204421997,,,,,,,,,,,,,,,,,,,,,
2017-05-09,9.953680992126465,4.746963977813721,9.246259689331055,6.853374481201172,4.8516035079956055,5.64572286605835,9.451554298400879,10.76021671295166,,3.9840004444122314,12.077221870422363,,1.4614166021347046,,,,,,,,,,,,,,,,,,,,,
2017-05-10,9.948083877563477,4.744246482849121,9.239341735839844,6.846345901489258,4.849893569946289,5.645451068878174,9.44749927520752,10.753132820129395,,3.9687564373016357,12.070028305053711,,1.4530165195465088,,,,,,,,,,,,,,,,,,,,,
2017-05-11,9.945327758789062,4.741340637207031,9.232098579406738,6.837652206420898,4.844918727874756,5.645175933837891,9.443403244018555,10.746262550354004,,3.9598312377929688,11.9994535446167,,1.4448741674423218,,,,,,,,,,,,,,,,,,,,,
2017-05-12,9.948807716369629,4.742921829223633,9.225220680236816,6.82761812210083,4.839635372161865,5.645268440246582,9.439403533935547,10.739323616027832,,3.996819019317627,11.93362808227539,,1.4562530517578125,,,9.189566612243652,9.843330383300781,9.185335159301758,9.286720275878906,10.86181640625,10.454559326171875,9.84689712524414,9.84689712524414,11.408087730407715,11.097476959228516,,,9.189566612243652,11.408087730407715,,9.189566612243652,11.152694702148438,9.757112503051758,
2017-05-13,9.951571464538574,4.7484917640686035,9.218276977539062,6.81667947769165,4.8357720375061035,5.645755767822266,9.435504913330078,10.732426643371582,,4.0359296798706055,11.889554977416992,,1.4652897119522095,,,,,,,,,,,,,,,,,,,,,
2017-05-14,9.949073791503906,4.754526615142822,9.211414337158203,6.80666446685791,4.835255146026611,5.646463871002197,9.431629180908203,10.725635528564453,,4.043160915374756,11.901688575744629,,1.4624581336975098,,,,,,,,,,,,,,,,,,,,,
2017-05-15,9.94391918182373,4.758314609527588,9.204413414001465,6.797390460968018,4.836324214935303,5.647268772125244,9.42774486541748,10.718917846679688,,4.021115303039551,11.91124439239502,,1.4544765949249268,,,,,,,,,,,,,7.272299766540527,5.668028831481934,,,5.668028831481934,,,,
2017-05-16,9.93894100189209,4.759180068969727,9.196783065795898,6.788735389709473,4.8374152183532715,5.648077011108398,9.423851013183594,10.71227741241455,,4.001560211181641,11.918381690979004,,1.4454450607299805,,,,,,,,,,,,,,,,,,,,,
2017-05-17,9.934011459350586,4.757408142089844,9.189132690429688,6.780733585357666,4.837808132171631,5.648658275604248,9.419934272766113,10.705653190612793,,3.9802303314208984,11.92299747467041,,1.4351308345794678,,,,,,,,,,,,,,,,,,,,,
2017-05-18,9.933222770690918,4.755236625671387,9.182441711425781,6.773815155029297,4.838016986846924,5.6493024826049805,9.416037559509277,10.699187278747559,,3.970676898956299,11.925996780395508,,1.42790949344635,,,,,,,,,,,,,,,,,,,,,
2017-05-19,9.935208320617676,4.753534317016602,9.1759033203125,6.7675604820251465,4.838050842285156,5.649957180023193,9.412349700927734,10.6927490234375,,3.967546224594116,11.927864074707031,,1.4224390983581543,,,,,,,,,,,,,,,,,,,,,
2017-05-20,9.935989379882812,4.752252101898193,9.168502807617188,6.761618614196777,4.837517261505127,5.650616645812988,9.408679962158203,10.686349868774414,,3.964784860610962,11.928718566894531,,1.41637122631073,,,,,,,,,,,,,,,,,,,,,
2017-05-21,9.933404922485352,4.750497817993164,9.161118507385254,6.7559661865234375,4.836319923400879,5.651113510131836,9.405022621154785,10.679668426513672,,3.9564976692199707,11.928397178649902,,1.4095430374145508,,,,,,,,,,,,,,,,,,,,,
2017-05-22,9.928934097290039,4.747829437255859,9.153746604919434,6.750586032867432,4.834461688995361,5.651379585266113,9.401368141174316,10.672903060913086,,3.9426181316375732,11.9271240234375,,1.402134656906128,,,,,,,,,,,,,,,,,,,,,
2017-05-23,9.923685073852539,4.744022846221924,9.14503288269043,6.745437145233154,4.832079887390137,5.651336193084717,9.397721290588379,10.665950775146484,,3.928212881088257,11.924912452697754,,1.395562767982483,,,,,,,,,,,,,,,,,,,,,
2017-05-24,9.919556617736816,4.739650249481201,9.085516929626465,6.740433216094971,4.829324722290039,5.650973320007324,9.394043922424316,10.658822059631348,,3.9148523807525635,11.922121047973633,,1.3895457983016968,,,,,,,,,,,,,,,,,,,,,
2017-05-25,9.914860725402832,4.73478889465332,9.034067153930664,6.733960151672363,4.8262176513671875,5.650334358215332,9.3903169631958,10.65158748626709,,3.899996519088745,11.863673210144043,,1.3838610649108887,,,,,,,,,,,,,,,,,,,,,
2017-05-26,9.909065246582031,4.729398727416992,9.0009126663208,6.726320743560791,4.8198676109313965,5.649387359619141,9.38651180267334,10.644274711608887,,3.8832602500915527,11.809967994689941,,1.3785094022750854,,,,,,,,,,,,,,,,,,,,,
2017-05-27,9.903022766113281,4.723596096038818,9.012060165405273,6.717970848083496,4.81124210357666,5.648181438446045,9.382617950439453,10.63685417175293,,3.865623950958252,11.769479751586914,,1.3733192682266235,,,,,,,,,,,,,,,,,,,,,
2017-05-28,9.90347671508789,4.718329906463623,9.017844200134277,6.710092544555664,4.802175521850586,5.647011756896973,9.378703117370605,10.629783630371094,,3.852308750152588,11.773687362670898,,1.3684087991714478,,,,,,,,,,,,,,,,,,,,,
2017-05-29,9.904167175292969,4.713768005371094,9.019630432128906,6.702728748321533,4.795058250427246,5.645857334136963,9.374748229980469,10.622657775878906,,3.8416874408721924,11.77695369720459,,1.3636224269866943,,,,,,,,,,,,,7.177996635437012,5.586730003356934,,,5.586730003356934,,,,
2017-05-30,9.90400505065918,4.709824085235596,9.018085479736328,6.695796012878418,4.789218425750732,5.644751071929932,9.370779991149902,10.615588188171387,,3.8325295448303223,11.779295921325684,,1.3590513467788696,,,9.119604110717773,9.75538158416748,9.048627853393555,9.21178913116455,10.72054386138916,10.318842887878418,9.651402473449707,9.651402473449707,11.297534942626953,10.981661796569824,,,9.119604110717773,11.297534942626953,,9.119604110717773,10.98708724975586,9.668106079101562,9.75538158416748
2017-05-31,9.901260375976562,4.705994129180908,9.01474666595459,6.689268589019775,4.784558296203613,5.643565654754639,9.366798400878906,10.608626365661621,,3.822953701019287,11.780813217163086,,1.3544942140579224,,,,,,,,,,,,,,,,,,,,,
2017-06-01,9.896677017211914,4.701943397521973,9.010168075561523,6.683019161224365,4.780632019042969,5.642344951629639,9.362797737121582,10.601188659667969,,3.812147378921509,11.781649589538574,,1.3498059511184692,,,,,,,,,,,,,,,,,,,,,
2017-06-02,9.891752243041992,4.6975908279418945,9.003499984741211,6.677000045776367,4.7772040367126465,5.641007423400879,9.358768463134766,10.5936861038208,,3.7993648052215576,11.781877517700195,,1.3449829816818237,,,,,,,,,,,,,,,,,,,,,
2017-06-03,9.88766860961914,4.693178176879883,8.947732925415039,6.671162128448486,4.774081230163574,5.639465808868408,9.354706764221191,10.586014747619629,,3.786261558532715,11.781436920166016,,1.3401577472686768,,,,,,,,,,,,,,,,,,,,,
2017-06-04,9.883271217346191,4.688755989074707,8.900123596191406,6.664024829864502,4.768646240234375,5.637866973876953,9.350593566894531,10.57827091217041,,3.773015260696411,11.733190536499023,,1.335312008857727,,,,,,,,,,,,,,,,,,,,,
2017-06-05,9.878910064697266,4.68452262878418,8.868856430053711,6.655727386474609,4.759381294250488,5.636266708374023,9.346416473388672,10.570464134216309,,3.7607178688049316,11.686453819274902,,1.3305174112319946,,,,,,,,,,,,,,,,,,,,,
2017-06-06,9.876956939697266,4.680764675140381,8.879166603088379,6.64686393737793,4.748401165008545,5.634796619415283,9.342215538024902,10.563011169433594,,3.7491953372955322,11.649371147155762,,1.3262102603912354,,,,,,,,,,,,,,,,,,,,,
2017-06-07,9.8764066696167,4.677620887756348,8.884479522705078,6.638590335845947,4.739118576049805,5.633562088012695,9.338000297546387,10.555563926696777,,3.738389015197754,11.653386116027832,,1.3222922086715698,,,,,,,,,,,,,,,,,,,,,
2017-06-08,9.876029968261719,4.675063133239746,8.886235237121582,6.630799293518066,4.733107089996338,5.632441997528076,9.333792686462402,10.548218727111816,,3.7285451889038086,11.656414031982422,,1.3185527324676514,,,,,,,,,,,,,,,,,,,,,
2017-06-09,9.894879341125488,4.6760687828063965,8.88524341583252,6.6235222816467285,4.730537414550781,5.631901264190674,9.329867362976074,10.541128158569336,,3.725639820098877,11.659317016601562,,1.316375732421875,,,,,,,,,,,,,,,,,,,,,
2017-06-10,9.906999588012695,4.679301738739014,8.882814407348633,6.616812229156494,4.731132507324219,5.6319355964660645,9.326038360595703,10.534366607666016,,3.726776599884033,11.6618070602417,,1.3144601583480835,,,,,,,,,,,,,,,,,,,,,
2017-06-11,9.906011581420898,4.682790756225586,8.87934684753418,6.6105241775512695,4.733879089355469,5.6324286460876465,9.322294235229492,10.52795696258545,,3.729520320892334,11.663928985595703,,1.3121403455734253,,,,,,,,,,,,,,,,,,,,,
2017-06-12,9.903311729431152,4.685759544372559,8.875147819519043,6.604586124420166,4.737834930419922,5.6332244873046875,9.318662643432617,10.521878242492676,,3.732581853866577,11.665681838989258,,1.3095295429229736,,,9.06708812713623,9.678929328918457,8.952204704284668,9.156272888183594,10.613860130310059,10.217726707458496,9.615840911865234,9.615840911865234,11.213911056518555,10.897575378417969,,,9.06708812713623,11.213911056518555,,9.06708812713623,,,9.678929328918457
2017-06-13,9.89854907989502,4.68789529800415,8.870418548583984,6.598957061767578,4.741737365722656,5.634173393249512,9.315136909484863,10.516105651855469,,3.734182119369507,11.667011260986328,,1.3066942691802979,,,,,,,,,,,,,,,,,,,,,
2017-06-14,9.891748428344727,4.688969135284424,8.865006446838379,6.593503475189209,4.744777202606201,5.635066986083984,9.311748504638672,10.51052474975586,,3.732943296432495,11.667912483215332,,1.3035508394241333,,,,,,,,,,,,,7.025730609893799,5.559877395629883,,,5.559877395629883,,,,
2017-06-15,9.885522842407227,4.688807010650635,8.809232711791992,6.588179588317871,4.746634006500244,5.635765075683594,9.308361053466797,10.504855155944824,,3.72965145111084,11.668383598327637,,1.3001657724380493,,,,,,,,,,,,,,,,,,,,,
2017-06-16,9.880841255187988,4.687810897827148,8.761804580688477,6.581485748291016,4.744627952575684,5.636127471923828,9.30496597290039,10.499106407165527,,3.7259416580200195,11.66845703125,,1.2967396974563599,,,,,,,,,,,,,,,,,,,,,
2017-06-17,9.876689910888672,4.6862473487854,8.7305326461792,6.572963237762451,4.740187168121338,5.636237621307373,9.301548957824707,10.493266105651855,,3.7218000888824463,11.668159484863281,,1.2933017015457153,,,,,,,,,,,,,,,,,,,,,
2017-06-18,9.87155532836914,4.684015274047852,8.738056182861328,6.56329870223999,4.734699249267578,5.636055946350098,9.298089027404785,10.487338066101074,,3.7160441875457764,11.665843963623047,,1.2897207736968994,,,,,,,,,,,,,,,,,,,,,
2017-06-19,9.865632057189941,4.681082248687744,8.741591453552246,6.554505348205566,4.730522632598877,5.635509967803955,9.29456901550293,10.481284141540527,,3.7078897953033447,11.619206428527832,,1.2858940362930298,,,,,,,,,,,,,,,,,,,,,
2017-06-20,9.860038757324219,4.6776533126831055,8.741933822631836,6.546448230743408,4.726971626281738,5.634693622589111,9.290987968444824,10.475115776062012,,3.6984164714813232,11.577445030212402,,1.2819181680679321,,,,,,,,,,,,,,,,,,,,,
2017-06-21,9.8544340133667,4.6739821434021,8.740349769592285,6.539020538330078,4.723687171936035,5.633607387542725,9.287342071533203,10.468758583068848,,3.687389373779297,11.545516967773438,,1.2778198719024658,,,,,,,,,,,,,,,,,,,,,
2017-06-22,9.850724220275879,4.670292854309082,8.737285614013672,6.532138824462891,4.720763683319092,5.632401943206787,9.283642768859863,10.462286949157715,,3.676048755645752,11.549371719360352,,1.2738211154937744,,,,,,,,,,,,,,,,,,,,,
2017-06-23,9.847423553466797,4.666717052459717,8.73315143585205,6.5257568359375,4.7180891036987305,5.631075382232666,9.279905319213867,10.455703735351562,,,11.552375793457031,,1.2698533535003662,,,,,,,,,,,,,,,,,,,,,
2017-06-24,9.845328330993652,4.663494110107422,8.727983474731445,6.519776344299316,4.715694904327393,5.629810333251953,9.276153564453125,10.448955535888672,,,11.554783821105957,,1.2661564350128174,,,,,,,,,,,,,,,,,,,,,
2017-06-25,9.844070434570312,4.6607184410095215,8.675016403198242,6.514106273651123,4.713511943817139,5.628673553466797,9.272400856018066,10.442081451416016,,3.6453447341918945,11.556653022766113,,1.2626866102218628,,,,,,,,,,,,,,,,,,,,,
2017-06-26,9.841706275939941,4.658229351043701,8.629378318786621,6.507178783416748,4.708827495574951,5.6275634765625,9.268638610839844,10.4351806640625,,3.6377084255218506,11.558046340942383,,1.259154200553894,,,,,,,,,,,,,,,,,,,,,
2017-06-27,9.84135627746582,4.656031131744385,8.5995454788208,6.499062538146973,4.7029337882995605,5.62675142288208,9.264914512634277,10.428851127624512,,,11.5589599609375,,1.2558045387268066,,,9.010024070739746,9.59485149383545,8.851366996765137,9.09310531616211,10.501020431518555,10.111900329589844,9.478561401367188,9.478561401367188,11.121065139770508,10.798440933227539,,,,11.121065139770508,,,,,9.59485149383545
2017-06-28,9.843037605285645,4.654791831970215,8.607625007629395,6.490229606628418,4.696347236633301,5.626097202301025,9.261226654052734,10.42254638671875,,3.6263458728790283,11.557819366455078,,1.252947449684143,,,,,,,,,,,,,6.907448768615723,5.468212604522705,,,5.468212604522705,,,,
2017-06-29,9.844356536865234,4.654385566711426,8.6119966506958,6.482151031494141,4.691344261169434,5.625576019287109,9.257488250732422,10.416296005249023,,3.6227638721466064,11.512124061584473,,1.2501112222671509,,,,,,,,,,,,,,,,,,,,,
2017-06-30,9.84575366973877,4.654516220092773,8.613862037658691,6.474695205688477,4.687944412231445,5.625219821929932,9.25377368927002,10.41008472442627,,3.6203134059906006,11.467642784118652,,,,,,,,,,,,,,,,,,,,,,,
2017-07-01,9.863394737243652,4.658351898193359,8.613873481750488,6.467740058898926,4.688659191131592,5.625285625457764,9.25020694732666,10.403964042663574,,3.6237645149230957,11.434069633483887,,,,,,,,,,,,,,,,,,,,,,,
2017-07-02,9.875051498413086,4.6644062995910645,8.612608909606934,6.461292266845703,4.693434238433838,5.625846862792969,9.246740341186523,10.398072242736816,,3.6324617862701416,11.439663887023926,,,,,,,,,,,,,,,,,,,,,,,
2017-07-03,9.873888969421387,4.670280456542969,8.610462188720703,6.455295085906982,4.700501441955566,5.626821517944336,9.243367195129395,10.392443656921387,,3.6434719562530518,11.444624900817871,,,,,,,,,,,,,,,,,,,,,,,
2017-07-04,9.868573188781738,4.675112247467041,8.607686996459961,6.4496870040893555,4.707498073577881,,9.240073204040527,10.387036323547363,,3.6541221141815186,11.449055671691895,,,,,,,,,,,,,,,,,,,,,,,
2017-07-05,9.861064910888672,4.678524494171143,8.604387283325195,6.44441556930542,4.713371276855469,5.629415988922119,9.236835479736328,10.381767272949219,,3.6611263751983643,11.452991485595703,,,,,,,,,,,,,,,,,,,,,,,
2017-07-06,9.85859489440918,4.681161880493164,8.600704193115234,6.439441680908203,4.721745491027832,5.630828380584717,9.233673095703125,10.376607894897461,,3.667515277862549,11.456487655639648,,,,,,,,,,,,,,,,,,,,,,,
2017-07-07,9.853543281555176,4.682793140411377,8.59683609008789,6.434725761413574,4.731576442718506,5.632290363311768,9.230539321899414,10.371469497680664,,3.6715352535247803,11.459468841552734,,,,,,,,,,,,,,,,,,,,,,,
2017-07-08,9.849053382873535,4.683252811431885,8.58974838256836,6.430229187011719,4.740384101867676,5.63368034362793,9.22741413116455,10.365878105163574,,3.6728100776672363,11.461970329284668,,,,,,,,,,,,,,,,,,,,,,,
2017-07-09,9.843876838684082,4.682447910308838,8.583281517028809,6.425935745239258,4.746517181396484,5.634785175323486,9.224285125732422,10.360268592834473,,3.6714093685150146,11.464015007019043,,,,,,,,,,,,,,,,,,,,,,,
2017-07-10,9.840907096862793,4.681676864624023,8.577421188354492,6.42182731628418,4.7523956298828125,5.635743141174316,,10.354789733886719,,3.670366048812866,11.465666770935059,,,,,,,,,,,,,,,,,,,,,,,
2017-07-11,9.84245491027832,4.681920528411865,8.572113037109375,6.417888164520264,4.7591776847839355,5.63671350479126,,10.349164009094238,,3.671358585357666,11.466949462890625,,,,,,,,,,,,,,,,,,,,,,,
2017-07-12,9.887624740600586,4.710192680358887,8.567266464233398,,,5.639577865600586,9.215591430664062,10.344043731689453,,3.763923168182373,11.468090057373047,,,,,,,,,,,,,,,,,,,,,,,
2017-07-13,9.910133361816406,4.731552600860596,8.562910079956055,,,5.644680500030518,9.213711738586426,10.339872360229492,,3.915785789489746,11.469156265258789,,,,,,,,,,,,,,,,,,,,,,,
2017-07-14,9.926589012145996,4.758124351501465,8.559072494506836,6.407045364379883,4.910049915313721,5.651828289031982,,10.336886405944824,,4.059077262878418,11.47057056427002,,,,,,,,,,,,,,,6.806541442871094,5.600248336791992,,,5.600248336791992,,,,
2017-07-15,9.927465438842773,,8.555680274963379,6.4036760330200195,4.928994178771973,5.660780429840088,,10.334932327270508,,4.053006172180176,11.472506523132324,,,,,8.942435264587402,9.4996919631958,8.74585247039795,9.018630981445312,10.381255149841309,10.005195617675781,9.624894142150879,9.624894142150879,11.015690803527832,10.686758995056152,,,8.942435264587402,11.015690803527832,,,,,
2017-07-16,9.922564506530762,,8.552740097045898,6.400478363037109,4.930776596069336,5.669372081756592,,10.333596229553223,,4.031106948852539,11.474717140197754,,,,,,,,,,,,,,,,,,,,,,,
2017-07-17,9.91431999206543,,8.550199508666992,6.397400379180908,4.925653457641602,5.6767578125,,10.332643508911133,,4.004977703094482,11.477054595947266,,,,,,,,,,,,,,,,,,,,,,,
2017-07-18,9.90053939819336,,8.547990798950195,6.394445896148682,4.916323184967041,5.681765079498291,9.208113670349121,10.331640243530273,,3.9660325050354004,11.479290962219238,,,,,,,,,,,,,,,,,,,,,,,
2017-07-19,9.890030860900879,4.795411586761475,8.546042442321777,6.391557216644287,4.906243801116943,5.684238910675049,9.206811904907227,10.330357551574707,,3.936363458633423,11.481392860412598,,,,,,,,,,,,,,,,,,,,,,,
2017-07-20,9.888734817504883,4.7928690910339355,8.544412612915039,6.388708114624023,4.900712013244629,5.685573101043701,9.205449104309082,10.329087257385254,,3.934945583343506,11.48343276977539,,,,,,,,,,,,,,,,,,,,,,,
2017-07-21,9.881149291992188,4.78914737701416,8.546357154846191,6.3859782218933105,4.896576881408691,5.685779094696045,,10.327746391296387,,3.925276756286621,11.485211372375488,,,,,,,,,,,,,,,,,,,,,,,
2017-07-22,9.885536193847656,4.7946319580078125,8.545510292053223,6.383286952972412,4.899831295013428,5.686624050140381,,10.326595306396484,,3.9465370178222656,11.487213134765625,,,,,,,,,,,,,,,,,,,,,,,
2017-07-23,9.930634498596191,4.838250637054443,8.543543815612793,6.3807053565979,4.9250593185424805,5.692922115325928,9.201851844787598,10.327973365783691,,4.423493385314941,11.489679336547852,,,,,,,,,,,,,,,,,,,,,,,
2017-07-24,9.964082717895508,4.879444599151611,8.541322708129883,6.378228664398193,4.951259613037109,5.705204963684082,9.20218276977539,10.332724571228027,,4.411179065704346,11.493158340454102,,,,,,,,,,,,,,,,,,,,,,,
2017-07-25,9.964428901672363,4.903682708740234,8.539274215698242,6.375832557678223,4.961241722106934,5.719082832336426,9.202730178833008,10.339547157287598,,4.266533374786377,11.497862815856934,,,,,,,,,,,,,,,,,,,,,,,
2017-07-26,9.952823638916016,4.905666351318359,8.537429809570312,6.373553276062012,4.959546089172363,5.730354309082031,9.203038215637207,10.346502304077148,,4.1396074295043945,11.50279712677002,,,,,,,,,,,,,,,,,,,,,,,
2017-07-27,9.940041542053223,4.8946356773376465,8.535989761352539,6.371393203735352,4.951598644256592,5.737327575683594,,10.35226821899414,,4.095149993896484,11.507795333862305,,,,,,,,,,,,,,,,,,,,,,,
2017-07-28,9.931487083435059,4.880476951599121,8.534711837768555,6.36934757232666,4.943253040313721,5.740426063537598,,10.356369018554688,,4.079594612121582,11.512468338012695,,,,,,,,,,,,,,,6.7900567054748535,5.625218391418457,,,5.625218391418457,,,,
2017-07-29,9.9241304397583,4.866575717926025,8.533510208129883,6.3674139976501465,4.934560775756836,5.739794731140137,9.202133178710938,10.358494758605957,,4.0554327964782715,11.516655921936035,,,,,,,,,,,,,,,,,,,,,,,
2017-07-30,9.915542602539062,4.853318214416504,8.532303810119629,6.365585803985596,4.925943374633789,5.73611307144165,9.201313018798828,10.358613014221191,,4.026205062866211,11.520303726196289,,,,,8.897994995117188,9.434847831726074,8.717490196228027,8.964911460876465,10.299759864807129,9.957337379455566,9.668553352355957,9.668553352355957,10.93955135345459,10.607550621032715,,,8.897994995117188,10.93955135345459,,,,,9.434847831726074
2017-07-31,9.90622615814209,4.839895725250244,8.531044006347656,6.363854885101318,4.9174323081970215,5.73050594329834,9.200236320495605,10.356722831726074,,3.9984285831451416,11.523396492004395,,,,,,,,,,,,,,,,,,,,,,,
2017-08-01,9.898675918579102,4.827154159545898,8.529690742492676,6.362215995788574,4.909492015838623,5.723862171173096,9.198972702026367,10.353246688842773,,3.9765541553497314,11.52592945098877,,,,,,,,,,,,,,,,,,,,,,,
2017-08-02,9.897968292236328,4.818386554718018,8.528348922729492,6.360660076141357,4.90344762802124,5.717244625091553,,10.348760604858398,,3.972468852996826,11.52807903289795,,,,,,,,,,,,,,,,,,,,,,,
2017-08-03,9.898909568786621,4.811969757080078,8.526823043823242,6.359181880950928,4.898928642272949,5.711177349090576,,10.343660354614258,,3.974470615386963,11.529861450195312,,,,,,,,,,,,,,,,,,,,,,,
2017-08-04,9.894936561584473,4.804980754852295,8.525115013122559,6.357778549194336,4.894798755645752,5.705615043640137,9.194522857666016,10.338109016418457,,3.9638893604278564,11.53122329711914,,,,,,,,,,,,,,,,,,,,,,,
2017-08-05,9.897465705871582,4.805300712585449,8.523191452026367,6.356436729431152,4.892167568206787,5.700969219207764,9.192939758300781,10.332355499267578,,3.992619752883911,11.53222942352295,,,,,,,,,,,,,,,,,,,,,,,
2017-08-06,9.897439002990723,4.805993556976318,8.521126747131348,6.355154991149902,4.889895439147949,5.697092533111572,9.191327095031738,10.326486587524414,,3.997157335281372,11.532805442810059,,,,,,,,,,,,,,,,,,,,,,,
2017-08-07,9.890588760375977,4.802847862243652,8.518839836120605,6.353926658630371,4.887033462524414,5.6935954093933105,9.18964958190918,10.320474624633789,,3.97599458694458,11.532979011535645,,,,,,,,,,,,,,,,,,,,,,,
2017-08-08,9.890718460083008,4.802793025970459,8.513411521911621,6.352736473083496,4.885214328765869,5.690621852874756,9.187912940979004,10.31439208984375,,3.988328218460083,11.533108711242676,,,,,,,,,,,,,,,,,,,,,,,
2017-08-09,9.887613296508789,4.800854682922363,8.508949279785156,6.351584434509277,4.883822441101074,5.687952041625977,9.186148643493652,10.308243751525879,,3.9848551750183105,11.532649040222168,,,,,,,,,,,,,,,,,,,,,,,
2017-08-10,9.887012481689453,4.799480438232422,8.505138397216797,6.350465774536133,4.882781028747559,5.685673713684082,,10.302389144897461,,3.9862236976623535,11.53223991394043,,,,,,,,,,,,,,,,,,,,,,,
2017-08-11,9.883102416992188,4.79538631439209,8.501601219177246,6.3493828773498535,4.8810834884643555,5.683454513549805,9.182659149169922,10.296528816223145,,3.9717366695404053,11.531351089477539,,,,,,,,,,,,,,,,,,,,,,,
2017-08-12,9.881836891174316,4.7912468910217285,8.498220443725586,6.348326206207275,4.8792619705200195,5.68135929107666,9.180929183959961,10.290989875793457,,3.9644744396209717,11.530308723449707,,,,,,,,,,,,,,,,,,,,,,,
2017-08-13,9.877801895141602,4.785677433013916,8.494903564453125,6.347296714782715,4.876739025115967,5.679242134094238,9.179174423217773,10.285689353942871,,3.9510090351104736,11.529138565063477,,,,,,,,,,,,,,,,,,,,,,,
2017-08-14,9.872485160827637,4.778500556945801,8.491679191589355,6.346282958984375,4.873388767242432,5.677004337310791,,10.280555725097656,,3.9333393573760986,11.527812004089355,,,,,8.863358497619629,9.369075775146484,8.711405754089355,8.917530059814453,10.243958473205566,9.924999237060547,9.543691635131836,9.543691635131836,10.880961418151855,10.543694496154785,,,8.863358497619629,10.880961418151855,,,,,9.369075775146484
2017-08-15,9.872358322143555,4.772737979888916,8.48820972442627,6.3452911376953125,4.870390892028809,5.674902439117432,,10.27635383605957,,3.9245574474334717,11.526565551757812,,,,,,,,,,,,,,,6.783161163330078,5.585000038146973,,,5.585000038146973,,,,
2017-08-16,9.870866775512695,4.767526149749756,8.484641075134277,6.344300746917725,4.86741828918457,5.672798156738281,,10.27132797241211,,3.9155781269073486,11.52518081665039,,,,,,,,,,,,,,,,,,,,,,,
2017-08-17,9.872550964355469,4.764384746551514,8.48101806640625,6.343332767486572,4.865600109100342,5.670950412750244,,10.26733684539795,,3.9186317920684814,11.523672103881836,,,,,,,,,,,,,,,,,,,,,,,
2017-08-18,9.877373695373535,4.7641706466674805,8.474407196044922,6.34237813949585,4.867500305175781,5.669294834136963,9.169747352600098,10.263345718383789,,3.9439597129821777,11.522071838378906,,,,,,,,,,,,,,,,,,,,,,,
2017-08-19,9.880186080932617,4.766475677490234,8.468873023986816,6.341437816619873,4.874170780181885,5.667757987976074,9.168037414550781,10.259395599365234,,3.9844532012939453,11.520964622497559,,,,,,,,,,,,,,,,,,,,,,,
2017-08-20,9.877633094787598,4.7686381340026855,8.464059829711914,6.340507984161377,4.881913661956787,5.6663432121276855,9.166443824768066,10.255504608154297,,3.9979779720306396,11.519171714782715,,,,,,,,,,,,,,,,,,,,,,,
2017-08-21,9.872049331665039,4.768341064453125,8.45973014831543,6.339589595794678,4.8863325119018555,5.664896011352539,9.16484260559082,10.25167179107666,,3.98421573638916,11.517207145690918,,,,,,,,,,,,,,,,,,,,,,,
2017-08-22,9.866311073303223,4.7651190757751465,8.455649375915527,6.338677406311035,4.8868913650512695,5.663346290588379,9.163168907165527,10.246855735778809,,3.963223457336426,11.515302658081055,,,,,,,,,,,,,,,,,,,,,,,
2017-08-23,9.86129379272461,4.7602081298828125,8.451690673828125,6.337759971618652,4.884871482849121,5.661655426025391,9.161401748657227,10.24216365814209,,3.9430928230285645,11.51342487335205,,,,,,,,,,,,,,,,,,,,,,,
2017-08-24,9.8569917678833,4.754260063171387,8.447869300842285,6.336836338043213,4.881415843963623,5.659831523895264,9.159533500671387,10.237598419189453,,3.925346612930298,11.511507034301758,,,,,,,,,,,,,,,,,,,,,,,
2017-08-25,9.852865219116211,4.747798919677734,8.443965911865234,6.335901737213135,4.877091884613037,5.6578850746154785,9.15756607055664,10.233122825622559,,3.908790349960327,11.509554862976074,,,,,,,,,,,,,,,,,,,,,,,
2017-08-26,9.849093437194824,4.741202354431152,8.440155029296875,6.3349609375,4.8722686767578125,5.655862808227539,9.155508041381836,10.228691101074219,,3.8929848670959473,11.507583618164062,,,,,,,,,,,,,,,,,,,,,,,
2017-08-27,9.845101356506348,4.734708309173584,8.43626594543457,6.334012508392334,4.867159843444824,5.653710842132568,9.15336799621582,10.224266052246094,,3.8778693675994873,11.505593299865723,,,,,,,,,,,,,,,,,,,,,,,
2017-08-28,9.84101676940918,4.728484630584717,8.429505348205566,6.33305549621582,4.861937999725342,5.651549816131592,9.15114974975586,10.219769477844238,,3.8636093139648438,11.503573417663574,,,,,8.826984405517578,9.310961723327637,8.696253776550293,8.876007080078125,10.198808670043945,9.885810852050781,9.459465980529785,9.459465980529785,10.831113815307617,10.488890647888184,6.762145042419434,5.564711570739746,,,5.564711570739746,,,,9.310961723327637
2017-08-29,9.837564468383789,4.722910404205322,8.423727035522461,6.332085609436035,4.857430934906006,5.649487018585205,,10.216158866882324,,3.852760076522827,11.501513481140137,,,,,,,,,,,,,,,,,,,,,,,
2017-08-30,9.839300155639648,4.720526695251465,8.418587684631348,6.331119060516357,4.854323863983154,5.647811412811279,9.14659595489502,10.212310791015625,,3.87994384765625,11.499423027038574,,,,,,,,,,,,,,,,,,,,,,,
2017-08-31,9.845196723937988,4.721546173095703,8.413923263549805,6.330148220062256,4.852898597717285,5.646571159362793,9.144371032714844,10.208377838134766,,3.9187963008880615,11.49728012084961,,,,,,,,,,,,,,,,,,,,,,,
2017-09-01,9.849895477294922,4.724390029907227,8.409603118896484,6.329174995422363,4.852883815765381,5.645776748657227,9.142200469970703,10.204394340515137,,3.950521230697632,11.4951753616333,,,,,,,,,,,,,,,,,,,,,,,
2017-09-02,9.851861000061035,4.727256774902344,8.405499458312988,6.328195571899414,4.853577136993408,5.645333766937256,,10.200348854064941,,3.9640660285949707,11.493135452270508,,,,,,,,,,,,,,,,,,,,,,,
2017-09-03,9.84981632232666,4.728840351104736,8.401570320129395,6.327219009399414,4.853862762451172,5.645123481750488,,10.196313858032227,,3.9560458660125732,11.491110801696777,,,,,,,,,,,,,,,,,,,,,,,
2017-09-04,9.847635269165039,4.728909969329834,8.397591590881348,6.326222896575928,4.8531951904296875,5.6449713706970215,9.135819435119629,10.191490173339844,,3.9454879760742188,11.489119529724121,,,,,,,,,,,,,,,,,,,,,,,
2017-09-05,9.846750259399414,4.72847843170166,8.39373779296875,6.3252387046813965,4.852020740509033,5.644924640655518,9.133687019348145,10.18687915802002,,3.9400572776794434,11.487165451049805,,,,,,,,,,,,,,,,,,,,,,,
2017-09-06,9.849279403686523,4.728877067565918,8.389923095703125,6.324252128601074,4.850797653198242,,,10.18320083618164,11.463075637817383,3.9407176971435547,11.485255241394043,,,,,,,,,,,,,,,,,,,,,,,
2017-09-07,9.850899696350098,4.729633331298828,8.383352279663086,6.323231220245361,4.849165439605713,,,10.179461479187012,11.461971282958984,3.9374170303344727,11.483378410339355,,,,,,,,,,,,,,,,,,,,,,,
2017-09-08,9.860604286193848,4.7340545654296875,8.377867698669434,6.322214126586914,4.849438667297363,5.645987510681152,9.12753963470459,10.175736427307129,11.461429595947266,3.969397783279419,11.481477737426758,,,,,,,,,,,,,,,,,,,,,,,
2017-09-09,9.872210502624512,4.7421040534973145,8.373148918151855,6.3212080001831055,4.852959156036377,5.646969318389893,9.125791549682617,10.172080993652344,11.462140083312988,4.0197553634643555,11.47964859008789,,,,,,,,,,,,,,,,,,,,,,,
2017-09-10,9.876731872558594,4.74993371963501,8.368955612182617,6.320202827453613,4.857884883880615,5.648240566253662,9.124208450317383,10.16850757598877,11.463654518127441,4.028234481811523,11.477906227111816,,,,,,,,,,,,,,,,,,,,,,,
2017-09-11,9.888766288757324,4.76231575012207,8.365163803100586,6.319204807281494,4.866889476776123,5.650031089782715,9.122889518737793,10.165068626403809,11.467625617980957,4.111993789672852,11.476225852966309,,,,,,,,,,,,,,,,,,,,,,,
2017-09-12,9.898255348205566,4.775041580200195,8.361682891845703,6.318215370178223,4.876641273498535,5.652288913726807,9.121827125549316,10.161825180053711,11.474006652832031,4.127614974975586,11.474721908569336,,,,,,,,,,,,,,,,,,,,,,,
2017-09-13,9.910819053649902,4.793685436248779,8.35849380493164,6.3172287940979,4.893210411071777,5.655298709869385,9.121223449707031,10.158873558044434,11.483095169067383,4.337217330932617,11.473484992980957,,,,,,,,,,,,,,,6.732868194580078,5.644373416900635,,,5.644373416900635,,,,
2017-09-14,9.99144458770752,4.896180629730225,8.35622501373291,6.316229343414307,4.970630645751953,5.6640520095825195,9.124157905578613,10.157718658447266,11.51540470123291,4.489659309387207,11.474061965942383,,,,,,,,,,,,,,,,,,,,,,,
2017-09-15,10.01143741607666,4.966781139373779,8.355331420898438,6.31526517868042,5.048564910888672,5.678072929382324,9.12701416015625,10.158417701721191,11.551393508911133,4.651199817657471,11.478310585021973,,,,,,,,,,,,,,,,,,,,,,,
2017-09-16,10.00090217590332,4.990145206451416,8.3558931350708,6.314358711242676,5.063246726989746,5.693375587463379,9.129405975341797,10.160603523254395,11.584128379821777,4.634501934051514,11.485701560974121,,,,,8.7805814743042,9.23967456817627,8.667464256286621,8.82312297821045,10.137713432312012,9.83385944366455,9.7949857711792,9.7949857711792,10.762993812561035,10.420143127441406,,,8.7805814743042,10.762993812561035,,,,,
2017-09-17,9.982843399047852,4.983259201049805,8.357726097106934,6.313526630401611,5.049639701843262,5.7061767578125,9.131214141845703,10.165066719055176,11.609210968017578,4.533084392547607,11.494546890258789,,,,,,,,,,,,,,,,,,,,,,,
2017-09-18,9.981868743896484,4.970956325531006,8.360567092895508,6.312793731689453,5.035763740539551,5.715234279632568,9.132711410522461,10.17040729522705,11.629331588745117,4.357589244842529,11.50531005859375,,,,,,,,,,,,,,,,,,,,,,,
2017-09-19,9.974350929260254,4.951589584350586,8.3640775680542,6.3121795654296875,5.01941442489624,5.720305919647217,9.133853912353516,10.175419807434082,11.644659996032715,4.225322246551514,11.516581535339355,,,,,,,,,,,,,,,,,,,,,,,
2017-09-20,9.962766647338867,4.930080413818359,8.367912292480469,6.311680316925049,5.003206729888916,5.721832275390625,9.134657859802246,10.179354667663574,11.65528392791748,4.1941914558410645,11.527698516845703,,,,,,,,,,,,,,,,,,,,,,,
2017-09-21,9.950655937194824,4.9073166847229,8.371750831604004,6.311288833618164,4.988022327423096,5.7204766273498535,9.13510513305664,10.181814193725586,11.661782264709473,4.140193939208984,11.537697792053223,,,,,,,,,,,,,,,,,,,,,,,
2017-09-22,9.941344261169434,4.887763023376465,8.375340461730957,6.311003684997559,4.9741034507751465,5.7173051834106445,9.135221481323242,10.182721138000488,11.665005683898926,4.111410617828369,11.546443939208984,,,,,,,,,,,,,,,,,,,,,,,
2017-09-23,9.931017875671387,4.870611190795898,8.378499031066895,6.310822010040283,4.961734294891357,5.713072776794434,9.135009765625,10.182245254516602,11.666691780090332,4.0799078941345215,11.553826332092285,,,,,,,,,,,,,,,,,,,,,,,
2017-09-24,9.922114372253418,4.85585880279541,8.381107330322266,6.310726642608643,4.95089054107666,5.708279609680176,9.13451862335205,10.180557250976562,11.667312622070312,4.0538249015808105,11.559900283813477,,,,,,,,,,,,,,,,,,,,,,,
2017-09-25,9.915769577026367,4.843221187591553,8.383092880249023,6.310715675354004,4.941351890563965,5.703466892242432,9.133781433105469,10.177921295166016,11.666947364807129,4.037665843963623,11.565020561218262,,,,,,,,,,,,,,,,,,,,,,,
2017-09-26,9.910786628723145,4.8321990966796875,8.384425163269043,6.310772895812988,4.932870388031006,5.698842525482178,9.13283634185791,10.174546241760254,11.665691375732422,4.025219440460205,11.569282531738281,,,,,,,,,,,,,,,,,,,,,,,
2017-09-27,9.90591049194336,4.8222455978393555,8.385101318359375,6.310889720916748,4.92519998550415,5.694400787353516,9.13172435760498,10.1705904006958,11.6636323928833,4.0127410888671875,11.572731971740723,,,,,,,,,,,,,,,,,,,,,,,
2017-09-28,9.904020309448242,4.814236164093018,8.385146141052246,6.3110551834106445,4.918824672698975,5.690268516540527,9.130472183227539,10.166251182556152,11.66154956817627,4.006678581237793,11.575517654418945,,,,,,,,,,,,,,,,,,,,,,,
2017-09-29,9.904280662536621,4.807968616485596,8.384613990783691,6.311262130737305,4.913281440734863,5.6865234375,9.129111289978027,10.161701202392578,11.659079551696777,4.00370454788208,11.57777214050293,,,,,8.77119255065918,9.1944580078125,8.677449226379395,8.792882919311523,10.109907150268555,9.829901695251465,9.621197700500488,9.621197700500488,10.71899700164795,10.380308151245117,,,8.77119255065918,10.71899700164795,,,,,9.1944580078125
2017-09-30,9.909611701965332,4.804365158081055,8.383920669555664,6.3115010261535645,4.908956050872803,5.683351993560791,9.127699851989746,10.157986640930176,11.656998634338379,4.009504318237305,11.579922676086426,,,,,,,,,,,,,,,,,,,,,,,
2017-10-01,9.861031532287598,4.7708516120910645,8.383002281188965,6.311761379241943,4.896249771118164,5.62382173538208,9.126255989074707,10.153491020202637,11.65505599975586,4.012457370758057,11.581609725952148,,,,,,,,,,,,,,,,,,,,,,,
2017-10-02,9.845458984375,4.74855375289917,8.381783485412598,6.312038898468018,4.885497570037842,5.575977802276611,9.124871253967285,10.150046348571777,11.654059410095215,4.029091835021973,11.58347225189209,,,,,,,,,,,,,,,,,,,,,,,
2017-10-03,9.835572242736816,4.731873989105225,8.380270004272461,6.3123321533203125,4.876518726348877,5.538832187652588,9.123538970947266,10.146641731262207,11.653404235839844,4.031976699829102,11.585338592529297,,,,,,,,,,,,,,,,,,,,,,,
2017-10-04,9.826155662536621,4.71931266784668,8.379291534423828,6.312636375427246,4.868964195251465,5.510495662689209,9.122278213500977,10.143284797668457,11.652633666992188,4.031225681304932,11.587119102478027,,,,,,,,,,,,,,,,,,,,,,,
2017-10-05,9.826066970825195,4.714893341064453,8.376530647277832,6.312955379486084,4.864686012268066,5.48882532119751,9.121167182922363,10.13998794555664,11.652687072753906,4.0988874435424805,11.588953971862793,,,,,,,,,,,,,,,,,,,,,,,
2017-10-06,9.830951690673828,4.716035842895508,8.373701095581055,6.3132805824279785,4.863907814025879,5.47231388092041,9.120312690734863,10.136834144592285,11.653698921203613,4.1835103034973145,11.591666221618652,,,,,,,,,,,,,,,,,,,,,,,
2017-10-07,9.85230827331543,4.732436180114746,8.372296333312988,6.313612937927246,4.87373685836792,5.4603471755981445,9.12033748626709,10.13408088684082,11.658836364746094,4.554375171661377,11.597450256347656,,,,,,,,,,,,,,,,,,,,,,,
2017-10-08,9.869187355041504,4.748285293579102,8.370850563049316,6.313965320587158,4.887714862823486,5.452402114868164,9.122198104858398,10.132027626037598,11.666640281677246,4.41939115524292,11.607617378234863,,,,,,,,,,,,,,,,,,,,,,,
2017-10-09,9.870445251464844,4.75745153427124,8.369414329528809,6.314345359802246,4.897459506988525,5.447381019592285,9.12409782409668,10.130715370178223,11.675201416015625,4.340049743652344,11.620749473571777,,,,,,,,,,,,,,,,,,,,,,,
2017-10-10,9.864607810974121,4.7599077224731445,8.368034362792969,6.314761161804199,4.901799201965332,5.443485260009766,9.124870300292969,10.130610466003418,11.683476448059082,4.257640361785889,11.635157585144043,,,,,,,,,,,,,,,,,,,,,,,
2017-10-11,9.855690002441406,4.756368160247803,8.366678237915039,6.315217971801758,4.901751518249512,5.440762042999268,9.12558364868164,10.130949974060059,11.691160202026367,4.2264299392700195,11.649436950683594,,,,,,,,,,,,,,,,,,,,,,,
2017-10-12,9.845221519470215,4.748807430267334,8.365330696105957,6.315715312957764,4.8989338874816895,5.438594818115234,9.126137733459473,10.131134033203125,11.698040962219238,4.182846546173096,11.662517547607422,,,,,,,,,,,,,,,,,,,,,,,
2017-10-13,9.834482192993164,4.739388942718506,8.363940238952637,6.316252708435059,4.894550800323486,5.436667442321777,9.126473426818848,10.130765914916992,11.703964233398438,4.1482086181640625,11.673727989196777,,,,,,,,,,,,,,,,,,,,,,,
2017-10-14,9.823507308959961,4.728742599487305,8.361261367797852,6.316822052001953,4.88947868347168,5.434779167175293,9.126547813415527,10.129855155944824,11.708833694458008,4.115420341491699,11.68264389038086,,,,,,,,,,,,,,,,,,,,,,,
2017-10-15,9.812931060791016,4.717718601226807,8.358638763427734,6.317422389984131,4.8841705322265625,5.432846546173096,9.126344680786133,10.128447532653809,11.71261978149414,4.089839458465576,11.689518928527832,,,,,,,,,,,,,,,,,,,,,,,
2017-10-16,9.803887367248535,4.706631660461426,8.356012344360352,6.31804895401001,4.878795623779297,5.430817127227783,9.125848770141602,10.126596450805664,11.715347290039062,4.069853782653809,11.694633483886719,,,,,,,,,,,,,,,,,,,,,,,
2017-10-17,9.796913146972656,4.696287155151367,8.353338241577148,6.318652153015137,4.8734822273254395,5.428699016571045,9.12509822845459,10.124357223510742,11.717082977294922,4.0585432052612305,11.69836139678955,,,,,,,,,,,,,,,6.81406307220459,6.041708946228027,,,6.041708946228027,,,,
2017-10-18,9.790802001953125,4.686575889587402,8.35058307647705,6.319276809692383,4.868234634399414,5.426489353179932,9.124116897583008,10.12192440032959,11.717875480651855,4.046461582183838,11.701013565063477,,,,,,,,,,,,,,,,,,,,,,,
2017-10-19,9.785341262817383,4.67758321762085,8.347722053527832,6.319916248321533,4.863134384155273,5.424203872680664,9.122934341430664,10.119501113891602,11.717799186706543,4.0363993644714355,11.702903747558594,,,,,,,,,,,,,,,,,,,,,,,
2017-10-20,9.781527519226074,4.670691013336182,8.344788551330566,6.320563316345215,4.858706951141357,5.4227118492126465,9.121606826782227,10.117122650146484,11.717434883117676,4.047144412994385,11.704298973083496,,,,,,,,,,,,,,,,,,,,,,,
2017-10-21,9.780917167663574,4.665712833404541,8.34178638458252,6.32125186920166,4.855169773101807,5.421109676361084,9.12022876739502,10.114812850952148,11.716840744018555,4.070967197418213,11.705839157104492,,,,,,,,,,,,,,,,,,,,,,,
2017-10-22,9.795291900634766,4.666268348693848,8.339605331420898,6.321937084197998,4.85347318649292,5.419843673706055,9.119382858276367,10.112589836120605,11.718995094299316,4.181282043457031,11.710159301757812,,,,,,,,,,,,,,,,,,,,,,,
2017-10-23,9.809295654296875,4.6689300537109375,8.337234497070312,6.32261848449707,4.853028297424316,5.418911457061768,9.11876392364502,10.110471725463867,11.72247314453125,4.1783881187438965,11.717888832092285,,,,,,,,,,,,,,,,,,,,,,,
2017-10-24,9.815384864807129,4.671486854553223,8.334739685058594,6.323292255401611,4.853050708770752,5.418185710906982,9.118276596069336,10.108455657958984,11.72646713256836,4.159351348876953,,,,,,,,,,,,,,,,,,,,,,,,
2017-10-25,9.814737319946289,4.6730875968933105,8.332167625427246,6.323957920074463,4.852662086486816,5.4168267250061035,9.117818832397461,10.106532096862793,11.730628967285156,4.141209125518799,,,,,,8.735755920410156,9.118711471557617,8.712445259094238,8.74537181854248,10.110222816467285,9.829140663146973,9.71741008758545,9.71741008758545,10.658428192138672,10.318467140197754,,,8.735755920410156,10.658428192138672,,,10.466302871704102,,9.118711471557617
2017-10-26,9.810505867004395,4.673083305358887,8.328702926635742,6.324611186981201,4.851596832275391,5.4156646728515625,9.117307662963867,10.104654312133789,11.734652519226074,4.123423099517822,,,,,,,,,,,,,,,,,,,,,,,,
2017-10-27,9.805652618408203,4.671861171722412,8.325222969055176,6.325253963470459,4.849941253662109,5.414588451385498,9.116421699523926,10.102798461914062,11.738519668579102,4.109222412109375,,,,,,,,,,,,,,,,,,,,,,,,
2017-10-28,9.800724029541016,4.6697540283203125,8.321722030639648,6.325858116149902,4.847769260406494,5.413506507873535,9.115435600280762,10.100937843322754,11.742084503173828,4.097866535186768,,,,,,,,,,,,,,,,,,,,,,,,
2017-10-29,9.797804832458496,4.66851282119751,8.318879127502441,6.326480865478516,4.845918655395508,5.41320276260376,9.114676475524902,10.099088668823242,11.74549388885498,4.111383438110352,,,,,,,,,,,,,,,,,,,,,,,,
2017-10-30,9.793803215026855,4.667455196380615,8.315441131591797,6.327090263366699,4.8443732261657715,5.4120259284973145,9.113856315612793,10.097243309020996,11.748525619506836,4.101619243621826,,,,,,,,,,,,,,,,,,,,,,,,
2017-10-31,9.789776802062988,4.665977954864502,8.311968803405762,6.327691555023193,4.842838764190674,5.410891532897949,9.112703323364258,10.095378875732422,11.751053810119629,,,,,,,,,,,,,,,,,,,,,,,,,
2017-11-01,9.785171508789062,4.663780212402344,8.308470726013184,6.328253269195557,4.840991973876953,5.409728050231934,9.11146354675293,10.093476295471191,11.752982139587402,,,,,,,,,,,,,,,,,,,,,,,,,
2017-11-02,9.782773971557617,4.662124156951904,8.30504322052002,6.328824043273926,4.839118957519531,5.409308433532715,9.110430717468262,10.091557502746582,11.75442886352539,,,,,,,,,,,,,,,,,,,,,,,,,
2017-11-03,9.779767036437988,4.660215854644775,8.301583290100098,6.3293609619140625,4.837007999420166,5.4079909324646,9.109057426452637,10.089607238769531,11.755301475524902,,,,,,,,,,,,,,,,,,,,,,,,,
2017-11-04,9.778926849365234,4.659139156341553,8.298530578613281,6.329902648925781,4.835211277008057,5.407496929168701,9.10791301727295,10.087646484375,11.755956649780273,,,,,,,,,,,,,,,,,,,,,,,,,
2017-11-05,9.787454605102539,4.663410186767578,8.295536041259766,6.330429553985596,4.835201263427734,5.407129287719727,9.10695743560791,10.085718154907227,11.758044242858887,,,,,,,,,,,,,,,,,,,,,,,,,
2017-11-06,9.796548843383789,4.669466495513916,8.29256820678711,6.330946922302246,4.836581707000732,5.406927585601807,9.106219291687012,10.083847999572754,11.761052131652832,,,,,,,,,,,,,,,,,6.84073543548584,6.2791852951049805,,,6.2791852951049805,,,,
2017-11-07,9.799676895141602,4.674298286437988,8.289655685424805,6.3314528465271,4.838410377502441,5.406803607940674,9.10558795928955,10.082049369812012,11.764443397521973,,,,,,,,,,,,,,,,,,,,,,,,,
2017-11-08,9.799396514892578,4.677719593048096,8.286787986755371,6.331946849822998,4.8399882316589355,5.4066996574401855,9.104988098144531,10.080326080322266,11.768020629882812,,,,,,,8.718162536621094,9.08648681640625,8.732490539550781,8.725534439086914,10.131077766418457,9.838775634765625,9.725253105163574,9.725253105163574,10.639626502990723,10.294257164001465,,,8.718162536621094,10.639626502990723,,8.718162536621094,10.474221229553223,,9.08648681640625
2017-11-09,9.796539306640625,4.678912162780762,8.283851623535156,6.332437038421631,4.840753078460693,5.405851364135742,9.104411125183105,10.078667640686035,11.771498680114746,,,,,,,,,,,,,,,,,,,,,,,,,
2017-11-10,9.792444229125977,4.678452014923096,8.280884742736816,6.332918167114258,4.840734958648682,5.405106544494629,9.104098320007324,10.077048301696777,11.774685859680176,,,,,,,,,,,,,,,,,,,,,,,,,
2017-11-11,9.791939735412598,4.677594184875488,8.277984619140625,6.33339262008667,4.84022331237793,5.405144214630127,9.10325813293457,10.075475692749023,11.77789306640625,,,,,,,,,,,,,,,,,,,,,,,,,
2017-11-12,9.799878120422363,4.68048095703125,8.275145530700684,6.333886623382568,4.840766906738281,5.405261516571045,9.10290241241455,10.074004173278809,11.782212257385254,,,,,,,,,,,,,,,,,,,,,,,,,
2017-11-13,9.80849552154541,4.684292316436768,8.272391319274902,6.334404468536377,4.84237813949585,5.405491352081299,9.102993965148926,10.07266616821289,11.787710189819336,,,,,,,,,,,,,,,,,,,,,,,,,
2017-11-14,9.812542915344238,4.687005996704102,8.269735336303711,6.334949493408203,4.844426155090332,5.405791282653809,9.103373527526855,10.071468353271484,11.793600082397461,,,,,,,,,,,,,,,,,,,,,,,,,
2017-11-15,9.812148094177246,4.688113689422607,8.267189025878906,6.335520267486572,4.846122741699219,5.406074047088623,9.103861808776855,10.070405960083008,11.799503326416016,,,,,,,,,,,,,,,,,,,,,,,,,
2017-11-16,9.810969352722168,4.689264297485352,8.264756202697754,6.336117744445801,4.847579479217529,5.405663013458252,9.104391098022461,10.069478034973145,11.805275917053223,,,,,,,,,,,,,,,,,6.855510711669922,6.370651721954346,,,6.370651721954346,,,,
2017-11-17,9.80789566040039,4.6886396408081055,8.262321472167969,6.3367414474487305,4.848206043243408,5.405355930328369,9.104854583740234,10.068658828735352,11.810592651367188,,,,,,,,,,,,,,,,,,,,,,,,,
2017-11-18,9.806686401367188,4.688661575317383,8.260204315185547,6.337401390075684,4.848631381988525,5.405818939208984,9.10592269897461,10.067943572998047,11.81564998626709,,,,,,,,,,,,,,,,,,,,,,,,,
2017-11-19,9.804845809936523,4.687768936157227,8.258126258850098,6.338095664978027,4.848819255828857,5.405431270599365,9.106185913085938,10.067302703857422,11.820307731628418,,,,,,,,,,,,,,,,,,,,,,,,,
2017-11-20,9.810988426208496,4.690495014190674,8.256224632263184,6.338831424713135,4.850132942199707,5.405989170074463,9.107308387756348,10.066764831542969,11.825347900390625,,,,,,,,,,,,,,,,,,,,,,,,,
2017-11-21,9.81739330291748,4.694104194641113,8.254475593566895,6.339626789093018,4.852522373199463,5.406560897827148,9.108628273010254,10.066340446472168,11.830632209777832,,,,,,,,,,,,,,,,,,,,,,,,,
2017-11-22,9.818267822265625,4.696322917938232,8.25286865234375,6.3404765129089355,4.85502815246582,5.407055854797363,9.109286308288574,10.066028594970703,11.835822105407715,,,,,,,8.709341049194336,9.059258460998535,8.754631042480469,8.71102523803711,10.162915229797363,9.864208221435547,9.80888557434082,9.80888557434082,10.634090423583984,10.276424407958984,,,8.709341049194336,10.634090423583984,,8.709341049194336,10.506938934326172,,9.059258460998535
2017-11-23,9.819592475891113,4.698481559753418,8.251388549804688,6.341398239135742,4.857700824737549,5.407505512237549,9.110836029052734,10.065826416015625,11.840877532958984,,,,,,,,,,,,,,,,,,,,,,,,,
2017-11-24,9.827981948852539,4.70533561706543,8.250036239624023,6.342440605163574,4.862247943878174,5.408161640167236,9.112812042236328,10.06576919555664,11.84684944152832,,,,,,,,,,,,,,,,,,,,,,,,,
2017-11-25,9.836445808410645,4.712353229522705,8.248773574829102,6.343632698059082,4.868183612823486,5.40901517868042,9.114822387695312,10.065876960754395,11.853425979614258,,,,,,,,,,,,,,,,,,,,,,,,,
2017-11-26,9.84415054321289,4.720176696777344,8.247699737548828,6.345000267028809,4.874780654907227,5.410120010375977,9.117682456970215,10.066186904907227,11.860507011413574,,,,,,,,,,,,,,,,,,,,,,,,,
2017-11-27,9.885354995727539,4.750428199768066,8.246904373168945,6.346709251403809,4.890108108520508,5.412792205810547,9.124404907226562,10.067118644714355,11.878997802734375,,,,,,,,,,,,,,,,,,,,,,,,,
2017-11-28,9.904945373535156,4.773423194885254,8.24649715423584,6.3488078117370605,4.90587854385376,5.4164228439331055,9.132972717285156,10.06883430480957,11.901625633239746,,,,,,,,,,,,,,,,,,,,,,,,,
2017-11-29,9.905814170837402,4.786591529846191,8.246533393859863,6.351260662078857,4.915552139282227,5.42038106918335,9.141772270202637,10.071381568908691,11.920256614685059,,,,,,,,,,,,,,,,,,,,,,,,,
2017-11-30,9.913278579711914,4.797736644744873,8.24706745147705,6.354074954986572,4.923139572143555,5.424689769744873,9.15147590637207,10.074762344360352,11.942161560058594,,,,,,,,,,,,,,,,,,,,,,,,,
2017-12-01,9.91202449798584,4.799154281616211,8.247980117797852,6.3572001457214355,4.926651954650879,5.427942752838135,9.160913467407227,10.078741073608398,11.960318565368652,,,,,,,,,,,,,,,,,,,,,,,,,
2017-12-02,9.905354499816895,4.793960094451904,8.249272346496582,6.360572338104248,4.926447868347168,5.430691719055176,9.169658660888672,10.083269119262695,11.972838401794434,,,,,,,,,,,,,,,,,,,,,,,,,
2017-12-03,9.901323318481445,4.788737773895264,8.251041412353516,6.364171981811523,4.9255266189575195,5.432941436767578,9.17788028717041,10.088300704956055,11.982048988342285,,,,,,,,,,,,,,,,,,,,,,,,,
2017-12-04,9.894499778747559,4.779916286468506,8.253059387207031,6.3679351806640625,4.922876834869385,5.434298515319824,9.185263633728027,10.0933198928833,11.987946510314941,,,,,,,,,,,,,,,,,,,,,,,,,
2017-12-05,9.887003898620605,4.7698564529418945,8.255285263061523,6.371800899505615,4.919162750244141,5.434844017028809,9.191640853881836,10.098061561584473,11.991862297058105,,,,,,,,,,,,,,,,,,,,,,,,,
2017-12-06,9.879484176635742,4.75988245010376,8.257623672485352,6.3757100105285645,4.91495943069458,5.434779644012451,9.196907043457031,10.102485656738281,11.993961334228516,,,,,,,,,,,,,,,,,,,,,,,,,
2017-12-07,9.884081840515137,4.758588790893555,8.260181427001953,6.379707336425781,4.913568496704102,5.4354448318481445,9.202109336853027,10.106922149658203,11.996177673339844,,,,,,,,,,,,,,,,,,,,,,,,,
2017-12-08,9.892102241516113,4.762393474578857,8.262921333312988,6.383820533752441,4.915070056915283,5.435988903045654,9.207528114318848,10.111736297607422,11.998652458190918,,,,,,,,,,,,,,,,,,,,,,,,,
2017-12-09,9.894498825073242,4.764878749847412,8.26558780670166,6.3880510330200195,4.917629241943359,5.4363226890563965,9.212830543518066,10.116935729980469,12.000908851623535,,,,,,,,,,,,,,,,,,,,,,,,,
2017-12-10,9.915107727050781,4.782537937164307,8.268326759338379,6.392524719238281,4.926370620727539,5.437366485595703,9.22032642364502,10.123348236083984,12.00959587097168,,,,,,,,,,,,,,,,,,,,,,,,,
2017-12-11,9.965241432189941,4.8257269859313965,8.271515846252441,6.397780418395996,4.960075855255127,5.440486431121826,9.233114242553711,10.131903648376465,12.03546142578125,,,,,,,,,,,,,,,,,,,,,,,,,
2017-12-12,9.976466178894043,4.851888179779053,8.275421142578125,6.4038238525390625,4.990354537963867,5.445087909698486,9.247733116149902,10.142559051513672,12.062264442443848,,,,,,,,,,,,,,,,,,,,,,,,,
2017-12-13,10.007304191589355,4.888314247131348,8.280441284179688,6.412303924560547,5.026269435882568,5.451524257659912,9.267929077148438,10.155961036682129,12.098322868347168,,,,,,,8.774287223815918,9.043959617614746,8.911261558532715,8.727121353149414,10.459498405456543,10.055176734924316,10.391692161560059,10.391692161560059,10.809677124023438,10.271875381469727,,,8.774287223815918,10.809677124023438,,8.774287223815918,10.81735897064209,8.836869239807129,
2017-12-14,10.018096923828125,4.9141130447387695,8.287005424499512,6.423462867736816,5.059913635253906,5.458751201629639,9.29454231262207,10.172147750854492,12.133357048034668,,,,,,,,,,,,,,,,,,,,,,,,,
2017-12-15,10.00492000579834,4.915194988250732,8.294892311096191,6.435825347900391,5.068517684936523,5.464535236358643,9.318668365478516,10.18993854522705,12.155959129333496,,,,,,,,,,,,,,,,,7.045278072357178,6.421022891998291,,,6.421022891998291,,,,
2017-12-16,10.00586986541748,4.917181491851807,8.30427074432373,6.449281215667725,5.072181224822998,5.470640659332275,9.343338012695312,10.209904670715332,12.171645164489746,,,,,,,,,,,,,,,,,,,,,,,,,
2017-12-17,10.008320808410645,4.915915012359619,8.315474510192871,6.463494777679443,5.073281764984131,5.475345134735107,9.366477012634277,10.231179237365723,12.184366226196289,,,,,,,,,,,,,,,,,,,,,,,,,
2017-12-18,10.000465393066406,4.906002521514893,8.327757835388184,6.477822780609131,5.067294597625732,5.478339195251465,9.384166717529297,10.253010749816895,12.18820571899414,,,,,,,,,,,,,,,,,,,,,,,,,
2017-12-19,9.988737106323242,4.887964248657227,8.340310096740723,6.491770267486572,5.0548930168151855,5.479241371154785,9.396601676940918,10.274446487426758,12.186002731323242,,,,,,,,,,,,,,,,,,,,,,,,,
2017-12-20,9.977133750915527,4.867237091064453,8.352521896362305,6.504992485046387,5.040188789367676,5.478184700012207,9.404515266418457,10.294878959655762,12.180420875549316,,,,,,,,,,,,,,,,,,,,,,,,,
2017-12-21,9.975142478942871,4.8513360023498535,8.364446640014648,6.517435550689697,5.02692174911499,5.476628303527832,9.409405708312988,10.31468677520752,12.174711227416992,,,,,,,,,,,,,,,,,,,,,,,,,
2017-12-22,9.97044563293457,4.835026741027832,8.375459671020508,6.529014587402344,5.013655662536621,5.473284721374512,9.412822723388672,10.333077430725098,12.167767524719238,,,,,,,,,,,,,,,,,,,,,,,,,
2017-12-23,9.963295936584473,4.818671703338623,8.385507583618164,6.539689064025879,5.000655174255371,5.469237327575684,9.415000915527344,10.350126266479492,12.160051345825195,,,,,,,,,,,,,,,,,,,,,,,,,
2017-12-24,9.955686569213867,4.802909851074219,8.39454174041748,6.549472332000732,4.988574028015137,5.464757442474365,9.415921211242676,10.365802764892578,12.15152359008789,,,,,,,,,,,,,,,,,,,,,,,,,
2017-12-25,9.948648452758789,4.788734436035156,8.4025297164917,6.558320045471191,4.977502346038818,5.460057258605957,9.415621757507324,10.380228996276855,12.1422758102417,,,,,,,,,,,,,,,,,,,,,,,,,
2017-12-26,9.944777488708496,4.777584552764893,8.409524917602539,6.5663604736328125,4.968320846557617,5.455472946166992,9.414477348327637,10.39363956451416,12.133177757263184,,,,,,,,,,,,,,,,,,,,,,,,,
2017-12-27,9.949223518371582,4.7725911140441895,8.415938377380371,6.573834419250488,4.961956977844238,5.4520182609558105,9.413321495056152,10.406396865844727,12.126083374023438,,,,,,,,,,,,,,,,,,,,,,,,,
2017-12-28,9.952363967895508,4.769749641418457,8.421701431274414,6.5808634757995605,4.957935333251953,5.449158191680908,9.412116050720215,10.418660163879395,12.120569229125977,,,,,,,,,,,,,,,,,,,,,,,,,
2017-12-29,9.959806442260742,4.773220062255859,8.42701244354248,6.587683200836182,4.957858562469482,5.44685697555542,9.411434173583984,10.430807113647461,12.117578506469727,,,,,,,,,,,,,,,,,,,,,,,,,
2017-12-30,9.966717720031738,4.778118133544922,8.432055473327637,6.594427585601807,4.96075963973999,5.445037364959717,9.411320686340332,10.443216323852539,12.117412567138672,,,,,,,,,,,,,,,,,,,,,,,,,
2017-12-31,10.008260726928711,4.806752681732178,8.439871788024902,6.602248668670654,4.985813140869141,5.444730758666992,9.416311264038086,10.457635879516602,12.139226913452148,,,,,,,,,,,,,,,,,,,,,,,,,
2018-01-01,10.056011199951172,4.846070766448975,8.447956085205078,6.612693786621094,5.027249813079834,5.446606636047363,9.428557395935059,10.47569465637207,12.181925773620605,,,,,,,,,,,,,,,,,,,,,,,,,
2018-01-02,10.076854705810547,4.879767894744873,8.457176208496094,6.625789642333984,5.064551830291748,5.450772762298584,9.447940826416016,10.498083114624023,12.226820945739746,,,,,,,,,,,,,,,,,7.28987979888916,6.479722023010254,,,6.479722023010254,,,,
2018-01-03,10.082304000854492,4.908565521240234,8.468276023864746,6.641465663909912,5.095069408416748,5.456324577331543,9.473395347595215,10.525278091430664,12.266423225402832,,,,,,,,,,,,,,,,,,,,,,,,,
2018-01-04,10.065425872802734,4.913386821746826,8.48104476928711,6.657838344573975,5.099929332733154,5.461091995239258,9.495343208312988,10.55644416809082,12.284845352172852,,,,,,,9.071438789367676,9.18970775604248,9.550030708312988,8.924375534057617,11.138033866882324,10.671381950378418,10.264090538024902,10.264090538024902,11.298288345336914,10.361332893371582,,,9.071438789367676,11.298288345336914,,9.071438789367676,11.375964164733887,9.014081001281738,
2018-01-05,10.074378967285156,4.922688007354736,8.495929718017578,6.675346851348877,5.10460901260376,5.466907978057861,9.516860008239746,10.590938568115234,12.298608779907227,,,,,,,,,,,,,,,,,,,,,,,,,
2018-01-06,10.062457084655762,4.916329860687256,8.511967658996582,6.692811012268066,5.097386837005615,5.470913887023926,9.532288551330566,10.626511573791504,12.29818344116211,,,,,,,,,,,,,,,,,,,,,,,,,
2018-01-07,10.047980308532715,4.899938106536865,8.528326034545898,6.709650993347168,5.082175254821777,5.473169326782227,9.541706085205078,10.661250114440918,12.288745880126953,,,,,,,,,,,,,,,,,,,,,,,,,
2018-01-08,10.034464836120605,4.879201412200928,8.544272422790527,6.725515365600586,5.064469337463379,5.473515510559082,9.546257019042969,10.693836212158203,12.275277137756348,,,,,,,,,,,,,,,,,,,,,,,,,
2018-01-09,10.023221015930176,4.858383655548096,8.559306144714355,6.740305423736572,5.046533584594727,5.472162246704102,9.54767894744873,10.723260879516602,12.260331153869629,,,,,,,,,,,,,,,,,,,,,,,,,
2018-01-10,10.02275276184082,4.845645427703857,8.573551177978516,6.754295825958252,5.0328593254089355,5.470661640167236,9.548420906066895,10.750142097473145,12.247344017028809,,,,,,,,,,,,,,,,,,,,,,,,,
2018-01-11,10.017996788024902,4.8326520919799805,8.586875915527344,6.767458438873291,5.020724296569824,5.467769145965576,9.548418045043945,10.77430248260498,12.234614372253418,,,,,,,,,,,,,,,,,,,,,,,,,
2018-01-12,10.010747909545898,4.81913423538208,8.5993013381958,6.77971887588501,5.008772373199463,5.464387893676758,9.547566413879395,10.795310020446777,12.222465515136719,,,,,,,,,,,,,,,,,,,,,,,,,
2018-01-13,10.00310230255127,4.805182933807373,8.610764503479004,6.791025161743164,4.99740743637085,5.460653305053711,9.545851707458496,10.813260078430176,12.210110664367676,,,,,,,,,,,,,,,,,,,,,,,,,
2018-01-14,9.995347023010254,4.792055130004883,8.621200561523438,6.80131721496582,4.986713886260986,5.456686496734619,9.54327392578125,10.828503608703613,12.197444915771484,,,,,,,,,,,,,,,,,,,,,,,,,
2018-01-15,10.007098197937012,4.791853427886963,8.631032943725586,6.811278343200684,4.982039451599121,5.453729629516602,9.541876792907715,10.842622756958008,12.18954086303711,,,,,,,9.238421440124512,9.417054176330566,9.719888687133789,9.071878433227539,11.309962272644043,10.904946327209473,10.383535385131836,10.383535385131836,11.52635669708252,10.503594398498535,,,9.238421440124512,11.52635669708252,,9.238421440124512,11.373760223388672,9.19153881072998,
2018-01-16,10.024759292602539,4.800971984863281,8.640642166137695,6.821564197540283,4.985162734985352,5.451475143432617,9.542404174804688,10.857535362243652,12.191141128540039,,,,,,,,,,,,,,,,,7.500494480133057,6.478570461273193,,,6.478570461273193,,,,
2018-01-17,10.03630256652832,4.812345504760742,8.650384902954102,6.832379341125488,4.991241931915283,5.450119972229004,9.544425010681152,10.874188423156738,12.199400901794434,,,,,,,,,,,,,,,,,,,,,,,,,
2018-01-18,10.054126739501953,4.829421520233154,8.660658836364746,6.844265460968018,5.003917217254639,5.450193405151367,9.549508094787598,10.893662452697754,12.21706771850586,,,,,,,,,,,,,,,,,,,,,,,,,
2018-01-19,10.059337615966797,4.844531536102295,8.671770095825195,6.857728958129883,5.021229267120361,5.451225280761719,9.557079315185547,10.916067123413086,12.234113693237305,,,,,,,,,,,,,,,,,,,,,,,,,
2018-01-20,10.064002990722656,4.855728626251221,8.683844566345215,6.8726983070373535,5.035492897033691,5.452904224395752,9.5657377243042,10.940918922424316,12.248726844787598,,,,,,,,,,,,,,,,,,,,,,,,,
2018-01-21,10.066389083862305,4.863348007202148,8.696935653686523,6.888982772827148,5.04519510269165,5.454956531524658,9.575506210327148,10.967697143554688,12.25914478302002,,,,,,,,,,,,,,,,,,,,,,,,,
2018-01-22,10.057053565979004,4.859942436218262,8.71060848236084,6.905655860900879,5.044177532196045,5.455832004547119,9.583749771118164,10.99356460571289,12.258463859558105,,,,,,,,,,,,,,,,,,,,,,,,,
2018-01-23,10.04639720916748,4.850480556488037,8.724494934082031,6.922070503234863,5.037519931793213,5.455873966217041,9.590506553649902,11.017013549804688,12.251903533935547,,,,,,,,,,,,,,,,,,,,,,,,,
2018-01-24,10.041027069091797,4.839940071105957,8.738385200500488,6.9379448890686035,5.029202461242676,5.455263614654541,9.596128463745117,11.039353370666504,12.24416446685791,,,,,,,,,,,,,,,,,,,,,,,,,
2018-01-25,10.033513069152832,4.827624797821045,8.7520112991333,6.95293664932251,5.019432067871094,5.454004764556885,9.600415229797363,11.057928085327148,12.234955787658691,,,,,,,,,,,,,,,,,,,,,,,,,
2018-01-26,10.024663925170898,4.813972473144531,8.76510238647461,6.966728687286377,5.008520126342773,5.452198028564453,9.603240013122559,11.072303771972656,12.224920272827148,,,,,,,,,,,,,,,,,7.6103196144104,6.385997295379639,,,6.385997295379639,,,,
2018-01-27,10.018893241882324,4.802303791046143,8.777530670166016,6.97934103012085,4.998994827270508,5.450106143951416,9.604991912841797,11.083452224731445,12.214729309082031,,,,,,,,,,,,,,,,,,,,,,,,,
2018-01-28,10.012313842773438,4.790976047515869,8.78915023803711,6.990583896636963,4.9897541999816895,5.447750091552734,9.605569839477539,11.091812133789062,12.203981399536133,,,,,,,,,,,,,,,,,,,,,,,,,
2018-01-29,10.014123916625977,4.783774375915527,8.8001127243042,7.000708103179932,4.982236862182617,5.4463887214660645,9.60568904876709,11.098796844482422,12.194732666015625,,,,,,,9.376195907592773,9.726893424987793,9.836462020874023,9.232809066772461,11.439351081848145,11.013100624084473,10.28494930267334,10.28494930267334,11.786020278930664,10.821619987487793,,,9.376195907592773,11.786020278930664,,9.376195907592773,11.382131576538086,9.42379379272461,
2018-01-30,10.01140308380127,4.775774002075195,8.810315132141113,7.009655475616455,4.975333213806152,5.444119930267334,9.605263710021973,11.10412883758545,12.185481071472168,,,,,,,,,,,,,,,,,,,,,,,,,
2018-01-31,10.032480239868164,4.781466007232666,8.820205688476562,7.018399238586426,4.9766154289245605,5.443344593048096,9.606499671936035,11.110939979553223,12.183597564697266,,,,,,,,,,,,,,,,,,,,,,,,,
2018-02-01,10.049245834350586,4.792821884155273,8.830083847045898,7.027511119842529,4.983668804168701,5.442955493927002,9.609366416931152,11.120452880859375,12.188858032226562,,,,,,,,,,,,,,,,,,,,,,,,,
2018-02-02,10.077445983886719,4.814448356628418,8.840444564819336,7.038000106811523,4.997901916503906,5.443535327911377,9.61600112915039,11.134100914001465,12.206323623657227,,,,,,,,,,,,,,,,,,,,,,,,,
2018-02-03,10.07674503326416,4.831194877624512,8.85166072845459,7.049893379211426,5.012007236480713,5.444427967071533,9.624682426452637,11.151973724365234,12.220818519592285,,,,,,,,,,,,,,,,,,,,,,,,,
2018-02-04,10.065274238586426,4.836209297180176,8.863523483276367,7.062295913696289,5.016884803771973,5.44511079788208,9.632640838623047,11.170807838439941,12.225014686584473,,,,,,,,,,,,,,,,,,,,,,,,,
2018-02-05,10.052170753479004,4.832213878631592,8.875718116760254,7.074390888214111,5.014720439910889,5.445425510406494,9.639120101928711,11.187406539916992,12.222668647766113,,,,,,,,,,,,,,,,,,,,,,,,,
2018-02-06,10.039948463439941,4.822240352630615,8.88790225982666,7.085601806640625,5.008096694946289,5.445164680480957,9.643878936767578,11.200041770935059,12.216753005981445,,,,,,,,,,,,,,,,,,,,,,,,,
2018-02-07,10.028369903564453,4.8092546463012695,8.899739265441895,7.095487594604492,4.999014377593994,5.444327354431152,9.646787643432617,11.2083740234375,12.208491325378418,,,,,,,,,,,,,,,,,,,,,,,,,
2018-02-08,10.018455505371094,4.795752048492432,8.910965919494629,7.103797912597656,4.98927116394043,5.443124771118164,9.647913932800293,11.213258743286133,12.198565483093262,,,,,,,,,,,,,,,,,,,,,,,,,
2018-02-09,10.013471603393555,4.784586429595947,8.921507835388184,7.110633850097656,4.980470180511475,5.441764831542969,9.64794921875,11.215936660766602,12.188069343566895,,,,,,,,,,,,,,,,,,,,,,,,,
2018-02-10,10.009526252746582,4.7750630378723145,8.931342124938965,7.116095542907715,4.972818374633789,5.440292835235596,9.64694595336914,11.217061042785645,12.177510261535645,,,,,,,,,,,,,,,,,,,,,,,,,
2018-02-11,10.010664939880371,4.7686052322387695,8.940673828125,7.120485782623291,4.966790676116943,5.439655780792236,9.645776748657227,11.217671394348145,12.168679237365723,,,,,,,,,,,,,,,,,,,,,,,,,
2018-02-12,10.007524490356445,4.761734962463379,8.949342727661133,7.1238017082214355,4.961338043212891,5.437987804412842,9.644044876098633,11.217793464660645,12.160179138183594,,,,,,,,,,,,,,,,,,,,,,,,,
2018-02-13,10.001051902770996,4.754273414611816,8.957334518432617,7.125933647155762,4.955726623535156,5.436289310455322,9.641592025756836,11.217036247253418,12.151742935180664,,,,,,,,,,,,,,,,,,,,,,,,,
2018-02-14,9.994481086730957,4.746381759643555,8.964653968811035,7.126942157745361,4.94991397857666,5.434492588043213,9.638518333435059,11.215264320373535,12.143086433410645,,,,,,,,,,,,,,,,,,,,,,,,,
2018-02-15,9.99646282196045,4.741960048675537,8.971534729003906,7.127078533172607,4.945091247558594,5.4335713386535645,9.635478019714355,11.213081359863281,12.135686874389648,,,,,,,,,,,,,,,,,,,,,,,,,
2018-02-16,9.994549751281738,4.736976146697998,8.977884292602539,7.1264495849609375,4.940924644470215,5.431697368621826,9.63211727142334,11.210541725158691,12.128994941711426,,,,,,,,,,,,,,,,,,,,,,,,,
2018-02-17,9.98945426940918,4.731629848480225,8.983736991882324,7.125088214874268,4.936560153961182,5.429874897003174,9.628511428833008,11.207347869873047,12.122321128845215,,,,,,,,,,,,,,,,,,,,,,,,,
2018-02-18,9.982837677001953,4.725712776184082,8.989095687866211,7.123021125793457,4.931833744049072,5.428001403808594,9.624637603759766,11.203381538391113,12.115128517150879,,,,,,,,,,,,,,,,,,,,,,,,,
2018-02-19,9.978110313415527,4.719998836517334,8.993988990783691,7.120318412780762,4.92697286605835,5.426111221313477,9.62058162689209,11.198709487915039,12.1074800491333,,,,,,,,,,,,,,,,,,,,,,,,,
2018-02-20,9.973347663879395,4.714365482330322,8.998420715332031,7.117047309875488,4.9220170974731445,5.424170970916748,9.616375923156738,11.19334888458252,12.099385261535645,,,,,,,,,,,,,,,,,,,,,,,,,
2018-02-21,9.967782020568848,4.708556652069092,9.0023775100708,7.113275051116943,4.916992664337158,5.422184944152832,9.6121826171875,11.187253952026367,12.09089469909668,,,,,,,,,,,,,,,,,,,,,,,,,
2018-02-22,9.96251106262207,4.702653408050537,9.005847930908203,7.109054088592529,4.911965370178223,5.420150279998779,9.60794448852539,11.180432319641113,12.082052230834961,,,,,,,,,,,,,,,,,,,,,,,,,
2018-02-23,9.95775318145752,4.696776390075684,9.008829116821289,7.1044392585754395,4.907026290893555,5.418078899383545,9.60367488861084,11.17297649383545,12.072936058044434,,,,,,,,,,,,,,,,,,,,,,,,,
2018-02-24,9.953481674194336,4.691071033477783,9.011334419250488,7.0994791984558105,4.902292728424072,5.4159836769104,9.599371910095215,11.164981842041016,12.063638687133789,,,,,,,,,,,,,,,,,,,,,,,,,
2018-02-25,9.949491500854492,4.685591220855713,9.013375282287598,7.094214916229248,4.897804260253906,5.413877964019775,9.5950288772583,11.156537055969238,12.05428409576416,,,,,,,,,,,,,,,,,,,,,,,,,
2018-02-26,9.945948600769043,4.680509567260742,9.01498794555664,7.088686943054199,4.893562316894531,5.411777496337891,9.590652465820312,11.147730827331543,12.045011520385742,,,,,,,,,,,,,,,,,,,,,,,,,
2018-02-27,9.942598342895508,4.675805568695068,9.016205787658691,7.0829291343688965,4.889542579650879,5.409697532653809,9.586244583129883,11.138638496398926,12.035905838012695,,,,,,,9.411667823791504,9.954870223999023,9.691944122314453,9.393662452697754,11.304338455200195,10.874777793884277,10.13156795501709,10.13156795501709,11.805048942565918,11.288445472717285,,,9.411667823791504,11.805048942565918,,9.411667823791504,11.366599082946777,9.73984146118164,
2018-02-28,9.939554214477539,4.671500205993652,9.017054557800293,7.0769758224487305,4.885695457458496,5.407645225524902,9.581809043884277,11.129342079162598,12.027267456054688,,,,,,,,,,,,,,,,,,,,,,,,,
2018-03-01,9.937058448791504,4.66765022277832,9.017559051513672,7.0709428787231445,4.882013320922852,5.405629634857178,9.577361106872559,11.119901657104492,12.018957138061523,,,,,,,,,,,,,,,,,7.596825122833252,6.3520402908325195,,,6.3520402908325195,,,,
2018-03-02,9.936751365661621,4.664963722229004,9.017946243286133,7.064955234527588,4.878937721252441,5.404392242431641,9.573114395141602,11.110661506652832,12.011102676391602,,,,,,,,,,,,,,,,,,,,,,,,,
2018-03-03,9.936418533325195,4.663265228271484,9.018141746520996,7.059000492095947,4.876140594482422,5.403059959411621,9.568910598754883,11.101644515991211,12.003610610961914,,,,,,,,,,,,,,,,,,,,,,,,,
2018-03-04,9.938907623291016,4.663014888763428,9.01817512512207,7.0530829429626465,4.874030590057373,5.401771545410156,9.564842224121094,11.092961311340332,11.996661186218262,,,,,,,,,,,,,,,,,,,,,,,,,
2018-03-05,9.938060760498047,4.663154125213623,9.0180025100708,7.047199726104736,4.872426509857178,5.400533676147461,9.560808181762695,11.08459186553955,11.990303039550781,,,,,,,,,,,,,,,,,,,,,,,,,
2018-03-06,9.934930801391602,4.6629462242126465,9.017620086669922,7.041347503662109,4.8710126876831055,5.399345397949219,9.556775093078613,11.076377868652344,11.984207153320312,,,,,,,,,,,,,,,,,,,,,,,,,
2018-03-07,9.935578346252441,4.663846492767334,9.017106056213379,7.035552978515625,4.870275974273682,5.39828634262085,9.55288028717041,11.068472862243652,11.979021072387695,,,,,,,,,,,,,,,,,,,,,,,,,
2018-03-08,9.93982982635498,4.666529178619385,9.016484260559082,7.029847145080566,4.870506286621094,5.39744758605957,9.549187660217285,11.060965538024902,11.974814414978027,,,,,,,,,,,,,,,,,,,,,,,,,
2018-03-09,9.947667121887207,4.6717000007629395,9.015800476074219,7.024249076843262,4.872154712677002,5.396910190582275,9.545819282531738,11.054001808166504,11.97209358215332,,,,,,,,,,,,,,,,,,,,,,,,,
2018-03-10,9.952239990234375,4.677389144897461,9.015098571777344,7.01879358291626,4.8746843338012695,5.396641731262207,9.54261302947998,11.047666549682617,11.97075080871582,,,,,,,,,,,,,,,,,,,,,,,,,
2018-03-11,9.959839820861816,4.68533182144165,9.014434814453125,7.013535499572754,4.878730297088623,5.396717071533203,9.53980827331543,11.04210376739502,11.97156810760498,,,,,,,,,,,,,,,,,,,,,,,,,
2018-03-12,9.974449157714844,4.69832181930542,9.01391315460205,7.008635520935059,4.887533187866211,5.397347927093506,9.537927627563477,11.037775993347168,11.976088523864746,,,,,,,,,,,,,,,,,,,,,,,,,
2018-03-13,9.995177268981934,4.715231418609619,9.013686180114746,7.004327297210693,4.901108264923096,5.39866304397583,9.537254333496094,11.035406112670898,11.987483024597168,,,,,,,,,,,,,,,,,,,,,,,,,
2018-03-14,9.994345664978027,4.726349353790283,9.013822555541992,7.000636100769043,4.912810802459717,5.400356769561768,9.537315368652344,11.035005569458008,11.99978256225586,,,,,,,,,,,,,,,,,,,,,,,,,
2018-03-15,10.001192092895508,4.741068363189697,9.014433860778809,6.997650623321533,4.924736022949219,5.402543067932129,9.53919792175293,11.037333488464355,12.01665210723877,,,,,,,9.330314636230469,9.926957130432129,9.672028541564941,9.357686996459961,11.29185962677002,10.756728172302246,10.304221153259277,10.304221153259277,11.829997062683105,11.29732608795166,,,9.330314636230469,11.829997062683105,,9.330314636230469,11.390073776245117,9.750420570373535,
2018-03-16,9.999781608581543,4.750705242156982,9.015580177307129,6.995354652404785,4.933300971984863,5.404956340789795,9.542181968688965,11.042082786560059,12.031487464904785,,,,,,,,,,,,,,,,,,,,,,,,,
2018-03-17,9.996347427368164,4.75730562210083,9.017277717590332,6.993880271911621,4.9382405281066895,5.407442092895508,9.545701026916504,11.048510551452637,12.042881965637207,,,,,,,,,,,,,,,,,,,,,,,,,
2018-03-18,9.987024307250977,4.757997512817383,9.019288063049316,6.992920875549316,4.9390692710876465,5.409079074859619,9.549029350280762,11.054600715637207,12.050658226013184,,,,,,,,,,,,,,,,,,,,,,,,,
2018-03-19,9.975173950195312,4.754550457000732,9.021498680114746,6.9920501708984375,4.936672687530518,5.41056489944458,9.551602363586426,11.059597969055176,12.055625915527344,,,,,,,,,,,,,,,,,,,,,,,,,
2018-03-20,9.963820457458496,4.7479729652404785,9.023749351501465,6.990993976593018,4.932642936706543,5.411767959594727,9.55313491821289,11.06334114074707,12.058018684387207,,,,,,,,,,,,,,,,,7.509971618652344,6.348410129547119,,,6.348410129547119,,,,
2018-03-21,9.954185485839844,4.739871025085449,9.025938034057617,6.989679336547852,4.927867889404297,5.4126434326171875,9.553726196289062,11.065818786621094,12.058064460754395,,,,,,,,,,,,,,,,,,,,,,,,,
2018-03-22,9.954789161682129,4.735809803009033,9.028306007385254,6.988180637359619,4.924321174621582,5.414119720458984,9.5541353225708,11.068220138549805,12.057520866394043,,,,,,,,,,,,,,,,,,,,,,,,,
2018-03-23,9.954513549804688,4.731460094451904,9.030733108520508,6.986505031585693,4.921544551849365,5.415245532989502,9.55427360534668,11.069875717163086,12.05640983581543,,,,,,,,,,,,,,,,,,,,,,,,,
2018-03-24,9.94905948638916,4.726058006286621,9.032902717590332,6.984626293182373,4.918359756469727,5.415249347686768,9.553851127624512,11.07007884979248,12.054264068603516,,,,,,,,,,,,,,,,,,,,,,,,,
2018-03-25,9.941526412963867,4.719557762145996,9.034782409667969,6.982517719268799,4.914597988128662,5.415053367614746,9.552836418151855,11.069527626037598,12.051002502441406,,,,,,,,,,,,,,,,,,,,,,,,,
2018-03-26,9.933592796325684,4.712229251861572,9.03632926940918,6.980165481567383,4.910309314727783,5.414626598358154,9.551238059997559,11.068122863769531,12.046634674072266,,,,,,,,,,,,,,,,,,,,,,,,,
2018-03-27,9.93097972869873,4.706472873687744,9.037720680236816,6.977601051330566,4.906412124633789,5.414801120758057,9.549266815185547,11.066688537597656,12.041939735412598,,,,,,,,,,,,,,,,,,,,,,,,,
2018-03-28,9.939888954162598,4.705425262451172,9.039054870605469,6.9749650955200195,4.904723644256592,5.414925575256348,9.547588348388672,11.06500244140625,12.038383483886719,,,,,,,,,,,,,,,,,7.485620498657227,6.477273464202881,,,6.477273464202881,,,,
2018-03-29,9.946274757385254,4.705911159515381,9.040325164794922,6.9723005294799805,4.90476131439209,5.415029048919678,9.546127319335938,11.063324928283691,12.035908699035645,,,,,,,9.303315162658691,9.9290189743042,9.625429153442383,9.333231925964355,11.289645195007324,10.767603874206543,10.206799507141113,10.206799507141113,11.796791076660156,11.317824363708496,,,9.303315162658691,11.796791076660156,,9.303315162658691,11.37649154663086,9.755459785461426,
2018-03-30,9.951021194458008,4.707570552825928,9.04156494140625,6.969653606414795,4.905990123748779,5.415165901184082,9.54506778717041,11.06193733215332,12.034690856933594,,,,,,,,,,,,,,,,,,,,,,,,,
2018-03-31,9.966828346252441,4.7160725593566895,9.0429105758667,6.967238426208496,4.9121880531311035,5.415671348571777,9.545332908630371,11.06162166595459,12.037089347839355,,,,,,,,,,,,,,,,,,,,,,,,,
2018-04-01,10.03600025177002,4.761106967926025,9.044515609741211,6.965461254119873,4.932259559631348,5.468296051025391,9.546957969665527,11.063549995422363,12.043212890625,,,,,,,,,,,,,,,,,,,,,,,,,
2018-04-02,10.061836242675781,4.798654556274414,9.046476364135742,6.964344024658203,4.950108051300049,5.516113758087158,9.5493803024292,11.067697525024414,12.04971694946289,,,,,,,,,,,,,,,,,,,,,,,,,
2018-04-03,10.069474220275879,4.826653480529785,9.048697471618652,6.963680267333984,4.962264537811279,5.554224967956543,9.55202865600586,11.073904991149902,12.056131362915039,,,,,,,,,,,,,,,,,,,,,,,,,
2018-04-04,10.080378532409668,4.8505859375,9.051274299621582,6.963515281677246,4.9716410636901855,5.584967136383057,9.555347442626953,11.081893920898438,12.063349723815918,,,,,,,,,,,,,,,,,,,,,,,,,
2018-04-05,10.086982727050781,4.867201328277588,9.054168701171875,6.963761806488037,4.978036403656006,5.609177589416504,9.558696746826172,11.091062545776367,12.070348739624023,,,,,,,,,,,,,,,,,,,,,,,,,
2018-04-06,10.077801704406738,4.872143268585205,9.057151794433594,6.963952541351318,4.979631423950195,5.627537250518799,9.561101913452148,11.098690032958984,12.074485778808594,,,,,,,,,,,,,,,,,,,,,,,,,
2018-04-07,10.065742492675781,4.869589805603027,9.060015678405762,6.963805675506592,4.977477550506592,5.641115188598633,9.562151908874512,11.103508949279785,12.076213836669922,,,,,,,,,,,,,,,,,,,,,,,,,
2018-04-08,10.055788040161133,4.863131523132324,9.062602043151855,6.963265895843506,4.973393440246582,5.650923252105713,9.56200885772705,11.10542106628418,12.075531959533691,,,,,,,,,,,,,,,,,,,,,,,,,
2018-04-09,10.050317764282227,4.855798721313477,9.064815521240234,6.962320804595947,4.968496799468994,5.6582255363464355,9.560942649841309,11.105157852172852,12.072774887084961,,,,,,,,,,,,,,,,,,,,,,,,,
2018-04-10,10.078436851501465,4.858400821685791,9.067008972167969,6.9611430168151855,4.968262195587158,5.664511680603027,9.560701370239258,11.106042861938477,12.075411796569824,,,,,,,,,,,,,,,,,,,,,,,,,
2018-04-11,10.08948040008545,4.862808704376221,9.069132804870605,6.9598846435546875,4.970922470092773,5.669937610626221,9.560725212097168,11.108636856079102,12.081186294555664,,,,,,,,,,,,,,,,,,,,,,,,,
2018-04-12,10.087249755859375,4.867083549499512,9.071147918701172,6.958587169647217,4.973360061645508,5.674523830413818,9.56037425994873,11.112183570861816,12.085101127624512,,,,,,,9.296121597290039,9.941651344299316,9.64001750946045,9.320167541503906,11.319025993347168,10.785760879516602,10.19398307800293,10.19398307800293,11.847434997558594,11.329307556152344,,,9.296121597290039,11.847434997558594,,9.296121597290039,11.378904342651367,9.765636444091797,
2018-04-13,10.0792236328125,4.867455959320068,9.072857856750488,6.957124710083008,4.973007678985596,5.678127765655518,9.559542655944824,11.11450481414795,12.086843490600586,,,,,,,,,,,,,,,,,7.468897819519043,5.806656837463379,,,5.806656837463379,,,,
2018-04-14,10.082808494567871,4.868950843811035,9.074520111083984,6.95554780960083,4.972548007965088,5.681209087371826,9.558856964111328,11.116897583007812,12.088383674621582,,,,,,,,,,,,,,,,,,,,,,,,,
2018-04-15,10.079544067382812,4.868121147155762,9.075925827026367,6.953830718994141,4.971139907836914,5.683705806732178,9.55765438079834,11.1188383102417,12.089505195617676,,,,,,,,,,,,,,,,,,,,,,,,,
2018-04-16,10.068845748901367,4.863448143005371,9.077034950256348,6.951923847198486,4.968136310577393,5.685457229614258,9.55601692199707,11.118937492370605,12.08919906616211,,,9.58919906616211,,,,,,,,,,,,,,,,,,,,,,
2018-04-17,10.056000709533691,4.855586528778076,9.077798843383789,6.949787139892578,4.963857173919678,5.686417579650879,9.553792953491211,11.117267608642578,12.086997985839844,,,9.591172218322754,,,,,,,,,,,,,,,,,,,,,,
2018-04-18,10.044007301330566,4.845439434051514,9.078179359436035,6.947389602661133,4.958620548248291,5.686634063720703,9.55107593536377,11.113862991333008,12.082857131958008,,,9.592905044555664,,,,,,,,,,,,,,,,,,,,,,
2018-04-19,10.033185005187988,4.834141254425049,9.078137397766113,6.944730281829834,4.952813625335693,5.686182022094727,9.547998428344727,11.1094331741333,12.076943397521973,,,9.594361305236816,,,,,,,,,,,,,,,,,,,,,,
2018-04-20,10.024052619934082,4.822455883026123,9.077642440795898,6.941863059997559,4.946743011474609,5.685154438018799,9.544626235961914,11.10400676727295,12.069544792175293,,,9.595519065856934,,,,,,,,,,,,,,,,,,,,,,
2018-04-21,10.016433715820312,4.811016082763672,9.076683044433594,6.9388885498046875,4.940638065338135,5.683652877807617,9.541025161743164,11.09765911102295,12.060983657836914,,,9.59636116027832,,,,,,,,,,,,,,,,,,,,,,
2018-04-22,10.0146484375,4.80183744430542,9.075276374816895,6.935792922973633,4.935735702514648,5.682051658630371,9.537471771240234,11.091320037841797,12.05259895324707,,,9.596970558166504,,,,,,,,,,,,,,,,,,,,,,
2018-04-23,10.012168884277344,4.7942399978637695,9.07343578338623,6.93255615234375,4.931812763214111,5.680191516876221,9.533502578735352,11.084635734558105,12.044303894042969,,,9.597376823425293,,,,,,,,,,,,,,,,,,,,,,
2018-04-24,10.010845184326172,4.788032054901123,9.071192741394043,6.929174900054932,4.928345203399658,5.678262233734131,9.529458999633789,11.077688217163086,12.035968780517578,,,9.597582817077637,,,,9.276905059814453,9.926446914672852,9.503623962402344,9.304959297180176,11.198946952819824,10.739326477050781,10.003829002380371,10.003829002380371,11.746566772460938,11.308511734008789,,,9.276905059814453,11.746566772460938,,9.276905059814453,11.354536056518555,9.759209632873535,
2018-04-25,10.009428024291992,4.782705783843994,9.068573951721191,6.925653457641602,4.924997806549072,5.676270961761475,9.525362968444824,11.069877624511719,12.02786636352539,,,9.597582817077637,,,,,,,,,,,,,,7.41923189163208,5.715651512145996,,,5.715651512145996,,,,
2018-04-26,10.007184028625488,4.777990818023682,9.06583309173584,6.9220075607299805,4.922764778137207,5.674261093139648,9.521211624145508,11.062017440795898,12.020158767700195,,,9.59741497039795,,,,,,,,,,,,,,,,,,,,,,
2018-04-27,10.005582809448242,4.77390193939209,9.062885284423828,6.918239593505859,4.921267986297607,5.672282695770264,9.516998291015625,11.054038047790527,12.012526512145996,,,9.597091674804688,,,,,,,,,,,,,,,,,,,,,,
2018-04-28,10.004755973815918,4.770458221435547,9.059718132019043,6.914361953735352,4.920054912567139,5.670346736907959,9.512872695922852,11.045892715454102,12.004989624023438,,,9.596634864807129,,,,,,,,,,,,,,,,,,,,,,
2018-04-29,10.065131187438965,4.794690132141113,9.056511878967285,6.910484313964844,4.937538146972656,5.670325756072998,9.510015487670898,11.039258003234863,12.00696086883545,,,9.596733093261719,,,,,,,,,,,,,,,,,,,,,,
2018-04-30,10.170273780822754,4.8779296875,9.053889274597168,6.907249927520752,5.023724555969238,5.67542028427124,9.510783195495605,11.039321899414062,12.049131393432617,,,9.599040031433105,,,,,,,,,,,,,,,,,,,,,,
2018-05-01,10.17282772064209,4.958111763000488,9.052347183227539,6.907362937927246,5.1012091636657715,5.685629844665527,9.513039588928223,11.051870346069336,12.099753379821777,,,9.603032112121582,,,,,,,,,,,,,,,,,,,,,,
2018-05-02,10.146475791931152,4.987364768981934,9.052063941955566,6.909167766571045,5.111758708953857,5.698508262634277,9.516243934631348,11.072494506835938,12.136404037475586,,,9.607683181762695,,,,,,,,,,,,,,,,,,,,,,
2018-05-03,10.119930267333984,4.982553958892822,9.053027153015137,6.911807060241699,5.097168922424316,5.709995269775391,9.519505500793457,11.093812942504883,12.154335975646973,,,9.612256050109863,,,,,,,,,,,,,,,,,,,,,,
2018-05-04,10.096977233886719,4.961800575256348,9.055034637451172,6.9145636558532715,5.076119422912598,5.7181901931762695,9.521724700927734,11.111724853515625,12.158352851867676,,,9.616552352905273,,,,,,,,,,,,,,,,,,,,,,
2018-05-05,10.077672004699707,4.936516284942627,9.057515144348145,6.916900157928467,5.055422782897949,5.722702980041504,9.52285385131836,11.123823165893555,12.154324531555176,,,9.620471000671387,,,,,,,,,,,,,,,,,,,,,,
2018-05-06,10.061088562011719,4.912449836730957,9.060192108154297,6.918483734130859,5.036328315734863,5.723753452301025,9.52285099029541,11.130152702331543,12.1466064453125,,,9.623941421508789,,,,,,,,,,,,,,,,,,,,,,
2018-05-07,10.047111511230469,4.890161514282227,9.062768936157227,6.919285297393799,5.0193986892700195,5.722122669219971,9.521900177001953,11.131657600402832,12.136491775512695,,,9.62691879272461,,,,,,,,,,,,,,,,,,,,,,
2018-05-08,10.035164833068848,4.87005615234375,9.065021514892578,6.919358730316162,5.004523754119873,5.718822479248047,9.520434379577637,11.129664421081543,12.125106811523438,,,9.629372596740723,,,,,,,,,,,,,,,,,,,,,,
2018-05-09,10.025562286376953,4.852651119232178,9.0668306350708,6.918781757354736,4.991408824920654,5.714542865753174,9.518539428710938,11.125253677368164,12.112727165222168,,,9.631294250488281,,,,,,,,,,,,,,,,,,,,,,
2018-05-10,10.020268440246582,4.837997913360596,9.068073272705078,6.917628765106201,4.979557991027832,5.709902763366699,9.516265869140625,11.119174003601074,12.098109245300293,,,9.632494926452637,,,,,,,,,,,,,,,,,,,,,,
2018-05-11,10.014768600463867,4.8247528076171875,9.068364143371582,6.915943622589111,4.965153694152832,5.705255031585693,9.51362419128418,11.111860275268555,12.081806182861328,,,9.632590293884277,,,,,,,,,,,,,,,,,,,,,,
2018-05-12,10.009589195251465,4.812934875488281,9.067815780639648,6.911208629608154,4.95001220703125,5.700613498687744,9.510788917541504,11.103839874267578,12.064839363098145,,,9.631721496582031,,,,,,,,,,,,,,,,,,,,,,
2018-05-13,10.008010864257812,4.803411960601807,9.066551208496094,6.9038310050964355,4.936208724975586,5.696123123168945,9.507705688476562,11.095335006713867,12.04893970489502,,,9.630373001098633,,,,,,,,,,,,,,,,,,,,,,
2018-05-14,10.005531311035156,4.795222282409668,9.064702033996582,6.894947052001953,4.926248073577881,5.691780090332031,9.504400253295898,11.086387634277344,12.033735275268555,,,9.62894058227539,,,,,,,,,,,,,,,,,,,,,,
2018-05-15,9.999767303466797,4.787403583526611,9.062399864196777,6.886841773986816,4.9186506271362305,5.687576770782471,9.500876426696777,11.07699203491211,12.01996898651123,,,9.627445220947266,,,,,,,,,,,,,,7.4286370277404785,5.690425395965576,,,5.690425395965576,,,,
2018-05-16,9.996241569519043,4.780451774597168,9.05980110168457,6.879283428192139,4.912627696990967,5.683584213256836,9.497208595275879,11.067228317260742,12.006941795349121,,,9.62575626373291,,,,,,,,,,,,,,,,,,,,,,
2018-05-17,9.991994857788086,4.7740912437438965,9.056883811950684,6.872142314910889,4.9076080322265625,5.679765701293945,9.493416786193848,11.057100296020508,11.994632720947266,,,9.62364387512207,,,,9.259450912475586,9.902997970581055,9.41549301147461,9.285504341125488,11.098304748535156,10.649377822875977,9.878461837768555,9.878461837768555,11.690781593322754,11.219280242919922,,,9.259450912475586,11.690781593322754,,9.259450912475586,11.296684265136719,9.733065605163574,
2018-05-18,9.98888874053955,4.768355369567871,9.053682327270508,6.865462303161621,4.903223991394043,5.676121234893799,9.489522933959961,11.046643257141113,11.98301887512207,,,9.62089729309082,,,,,,,,,,,,,,,,,,,,,,
2018-05-19,9.988093376159668,4.763509273529053,9.0502290725708,6.859281063079834,4.899336338043213,5.672680854797363,9.485552787780762,11.0359468460083,11.97204303741455,,,9.617499351501465,,,,,,,,,,,,,,,,,,,,,,
2018-05-20,9.986759185791016,4.759396076202393,9.046555519104004,6.853512287139893,4.895723819732666,5.669472694396973,9.481527328491211,11.025396347045898,11.961939811706543,,,9.613330841064453,,,,,,,,,,,,,,,,,,,,,,
2018-05-21,9.983394622802734,4.755439758300781,9.042645454406738,6.848077774047852,4.88925838470459,5.666438579559326,9.477453231811523,11.0143461227417,11.951066970825195,,,9.608205795288086,,,,,,,,,,,,,,,,,,,,,,
2018-05-22,9.982501983642578,4.752082347869873,9.038434982299805,6.840592861175537,4.8816704750061035,5.663822650909424,9.473331451416016,11.003411293029785,11.939517974853516,,,9.60230827331543,,,,,,,,,,,,,,,,,,,,,,
2018-05-23,9.988083839416504,4.749942302703857,9.03469467163086,6.831384181976318,4.874195098876953,5.661519527435303,9.469320297241211,10.992538452148438,11.927836418151855,,,9.59610366821289,,,,,,,,,,,,,,,,,,,,,,
2018-05-24,9.996993064880371,4.7498297691345215,9.030837059020996,6.821236610412598,4.86981201171875,5.659669876098633,9.465630531311035,10.981897354125977,11.917335510253906,,,9.590144157409668,,,,,,,,,,,,,,,,,,,,,,
2018-05-25,9.995750427246094,4.750268459320068,9.026347160339355,6.812274932861328,4.867352485656738,5.658200263977051,9.461614608764648,10.971515655517578,11.907785415649414,,,9.584566116333008,,,,,,,,,,,,,,,,,,,,,,
2018-05-26,9.987792015075684,4.749625205993652,9.021832466125488,6.804285526275635,4.86584997177124,5.656981945037842,9.45760440826416,10.961321830749512,11.898674964904785,,,9.579320907592773,,,,,,,,,,,,,,,,,,,,,,
2018-05-27,9.995265007019043,4.749486923217773,9.017905235290527,6.7970147132873535,4.865314960479736,5.65614128112793,9.453669548034668,10.951385498046875,11.89136028289795,,,9.574337005615234,,,,,,,,,,,,,,,,,,,,,,
2018-05-28,9.991567611694336,4.748930931091309,9.012945175170898,6.79026985168457,4.865371227264404,5.655580997467041,9.449752807617188,10.941673278808594,11.885351181030273,,,9.569581031799316,,,,,,,,,,,,,,,,,,,,,,
2018-05-29,10.027393341064453,4.75941801071167,9.008683204650879,6.7839555740356445,4.866835117340088,5.656370639801025,9.445991516113281,10.932414054870605,11.881879806518555,,,9.565025329589844,,,,,,,,,,,,,,7.330599784851074,5.642810344696045,,,5.642810344696045,,,,
2018-05-30,10.030856132507324,4.771153926849365,9.004362106323242,6.778011798858643,4.869049072265625,5.658297061920166,9.442291259765625,10.923616409301758,11.879828453063965,,,9.560700416564941,,,,,,,,,,,,,,,,,,,,,,
2018-05-31,10.037575721740723,4.781644821166992,8.999988555908203,6.7724995613098145,4.871918678283691,5.661308765411377,9.438764572143555,10.915515899658203,11.88118839263916,,,9.556710243225098,,,,9.21046257019043,9.860623359680176,9.244155883789062,9.2444486618042,10.933816909790039,10.529014587402344,9.889410018920898,9.889410018920898,11.5596284866333,11.13199520111084,,,9.21046257019043,11.5596284866333,,9.21046257019043,11.1956148147583,9.690206527709961,
2018-06-01,10.039519309997559,4.79049015045166,8.995589256286621,6.767260551452637,4.875004768371582,5.665221214294434,9.435486793518066,10.908231735229492,11.885024070739746,,,9.553152084350586,,,,,,,,,,,,,,,,,,,,,,
2018-06-02,10.034663200378418,4.796578407287598,8.991172790527344,6.762252330780029,4.877723693847656,5.6693243980407715,9.432415008544922,10.901604652404785,11.889060020446777,,,9.549942970275879,,,,,,,,,,,,,,,,,,,,,,
2018-06-03,10.01965618133545,4.79738712310791,8.985944747924805,6.757464408874512,4.878952980041504,5.672701358795166,9.429391860961914,10.895277976989746,11.892484664916992,,,9.546952247619629,,,,,,,,,,,,,,,,,,,,,,
2018-06-04,10.005910873413086,4.7941436767578125,8.980578422546387,6.752863883972168,4.87877893447876,5.675198554992676,9.42630386352539,10.889065742492676,11.894901275634766,,,9.544076919555664,,,,,,,,,,,,,,,,,,,,,,
2018-06-05,9.995890617370605,4.788756370544434,8.975005149841309,6.74842643737793,4.8773345947265625,5.676802635192871,9.42314338684082,10.882774353027344,11.896130561828613,,,9.541243553161621,,,,,,,,,,,,,,,,,,,,,,
2018-06-06,9.983770370483398,4.78149938583374,8.96928882598877,6.744142532348633,4.874706268310547,5.677558898925781,9.419896125793457,10.876255989074707,11.89604663848877,,,9.538342475891113,,,,,,,,,,,,,,,,,,,,,,
2018-06-07,9.97559928894043,4.773561000823975,8.9634428024292,6.740045070648193,4.868563175201416,5.677587509155273,9.416583061218262,10.869450569152832,11.894767761230469,,,9.535110473632812,,,,,,,,,,,,,,,,,,,,,,
2018-06-08,9.974604606628418,4.766378879547119,8.957408905029297,6.733974933624268,4.8607306480407715,5.677080154418945,9.413297653198242,10.862552642822266,11.89297103881836,,,9.531429290771484,,,,,,,,,,,,,,,,,,,,,,
2018-06-09,9.970378875732422,4.759937286376953,8.951108932495117,6.7265119552612305,4.852309703826904,5.676060676574707,9.409977912902832,10.855193138122559,11.89042854309082,,,9.527352333068848,,,,,,,,,,,,,,,,,,,,,,
2018-06-10,9.963829040527344,4.753619194030762,8.944520950317383,6.718328952789307,4.845675468444824,5.674594402313232,9.406609535217285,10.847524642944336,11.887137413024902,,,9.522832870483398,,,,,,,,,,,,,,,,,,,,,,
2018-06-11,9.956792831420898,4.747318267822266,8.937737464904785,6.710934638977051,4.840225696563721,5.6727375984191895,9.403182029724121,10.839472770690918,11.882000923156738,,,9.51734447479248,,,,,,,,,,,,,,,,,,,,,,
2018-06-12,9.953722953796387,4.7415852546691895,8.929250717163086,6.704097747802734,4.835257530212402,5.670596599578857,9.399703979492188,10.831037521362305,11.873897552490234,,,9.51092529296875,,,,,,,,,,,,,,,,,,,,,,
2018-06-13,9.951201438903809,4.736477851867676,8.868334770202637,6.697761535644531,4.830441474914551,5.668249130249023,9.396194458007812,10.822296142578125,11.86412239074707,,,9.503954887390137,,,,9.16578197479248,9.811440467834473,9.15661907196045,9.201650619506836,10.83222484588623,10.424951553344727,9.723133087158203,9.723133087158203,11.46816349029541,11.049715995788574,,,9.16578197479248,11.46816349029541,,9.16578197479248,11.099005699157715,9.642919540405273,
2018-06-14,9.94968318939209,4.732089996337891,8.817652702331543,6.69183874130249,4.825783729553223,5.665795803070068,9.392678260803223,10.813383102416992,11.85332202911377,,,9.497068405151367,,,,,,,,,,,,,,,,,,,,,,
2018-06-15,9.946142196655273,4.728032112121582,8.785611152648926,6.686300277709961,4.8212809562683105,5.66325569152832,9.389152526855469,10.804351806640625,11.842695236206055,,,9.490306854248047,,,,,,,,,,,,,,7.185989856719971,5.570892333984375,,,5.570892333984375,,,,
2018-06-16,9.942421913146973,4.724194526672363,8.798887252807617,6.681077003479004,4.816910743713379,5.660654544830322,9.385616302490234,10.795215606689453,11.832304954528809,,,9.483530044555664,,,,,,,,,,,,,,,,,,,,,,
2018-06-17,9.940740585327148,4.720797061920166,8.806382179260254,6.676042079925537,4.809873104095459,5.658117771148682,9.382074356079102,10.785975456237793,11.822370529174805,,,9.476491928100586,,,,,,,,,,,,,,,,,,,,,,
2018-06-18,9.940009117126465,4.717928886413574,8.80977725982666,6.66951847076416,4.8012800216674805,5.655683517456055,9.378521919250488,10.77660083770752,11.811685562133789,,,9.469154357910156,,,,,,,,,,,,,,,,,,,,,,
2018-06-19,9.939645767211914,4.7155914306640625,8.810210227966309,6.661685466766357,4.792418003082275,5.653374671936035,9.374961853027344,10.767114639282227,11.80051040649414,,,9.461653709411621,,,,,,,,,,,,,,,,,,,,,,
2018-06-20,9.936469078063965,4.71345853805542,8.80842113494873,6.653106212615967,4.7858076095581055,5.651149272918701,9.371380805969238,10.757532119750977,11.789844512939453,,,9.454035758972168,,,,,,,,,,,,,,,,,,,,,,
2018-06-21,9.93240737915039,4.711271286010742,8.80501937866211,6.645225524902344,4.780694961547852,5.648967742919922,9.367774963378906,10.747751235961914,11.779577255249023,,,9.445788383483887,,,,,,,,,,,,,,,,,,,,,,
2018-06-22,9.929832458496094,4.709191799163818,8.799141883850098,6.637903213500977,4.776619911193848,5.646848678588867,9.364142417907715,10.737761497497559,11.769726753234863,,,9.43679141998291,,,,,,,,,,,,,,,,,,,,,,
2018-06-23,9.92627239227295,4.707045555114746,8.741168022155762,6.631109714508057,4.773227691650391,5.6447930335998535,9.360475540161133,10.727643966674805,11.760268211364746,,,9.427326202392578,,,,,,,,,,,,,,,,,,,,,,
2018-06-24,9.922762870788574,4.704806327819824,8.692031860351562,6.624769687652588,4.770280361175537,5.642818450927734,9.356778144836426,10.717451095581055,11.750174522399902,,,9.417959213256836,,,,,,,,,,,,,,,,,,,,,,
2018-06-25,9.918593406677246,4.702291488647461,8.660677909851074,6.61883544921875,4.767484188079834,5.6408796310424805,9.353050231933594,10.707359313964844,11.738536834716797,,,9.408798217773438,,,,,,,,,,,,,,,,,,,,,,
2018-06-26,9.913389205932617,4.699271202087402,8.671599388122559,6.613254547119141,4.762242794036865,5.639006614685059,9.349286079406738,10.697317123413086,11.725996971130371,,,9.399809837341309,,,,9.115376472473145,9.74170970916748,9.060384750366211,9.15482234954834,10.718816757202148,10.317529678344727,9.59843921661377,9.59843921661377,11.369272232055664,10.9721040725708,,,9.115376472473145,11.369272232055664,,9.115376472473145,10.97675609588623,9.583680152893066,
2018-06-27,9.907575607299805,4.69573450088501,8.677406311035156,6.607970714569092,4.7526936531066895,5.637184143066406,9.34547233581543,10.687253952026367,11.714265823364258,,,9.390824317932129,,,,,,,,,,,,,,,,,,,,,,
2018-06-28,9.901416778564453,4.691771984100342,8.679442405700684,6.60147762298584,4.741082191467285,5.635385513305664,9.341598510742188,10.67713451385498,11.703048706054688,,,9.381579399108887,,,,,,,,,,,,,,7.055623531341553,5.514620304107666,,,5.514620304107666,,,,
2018-06-29,9.893878936767578,4.687497615814209,8.678614616394043,6.593924045562744,4.7310662269592285,5.633651256561279,9.33770751953125,10.66698932647705,11.69232177734375,,,9.372092247009277,,,,,,,,,,,,,,,,,,,,,,
2018-06-30,9.887147903442383,4.683120250701904,8.672494888305664,6.585640907287598,4.724143981933594,5.631946086883545,9.333723068237305,10.656874656677246,11.68199348449707,,,9.362205505371094,,,,,,,,,,,,,,,,,,,,,,
2018-07-01,9.880560874938965,4.6787190437316895,8.666036605834961,6.577795505523682,4.719202041625977,5.630273818969727,9.329629898071289,10.646627426147461,11.672021865844727,,,9.351517677307129,,,,,,,,,,,,,,,,,,,,,,
2018-07-02,9.874238967895508,4.674347400665283,8.658794403076172,6.5691680908203125,4.715514659881592,5.628647804260254,9.32543659210205,10.636163711547852,11.661637306213379,,,9.340189933776855,,,,,,,,,,,,,,,,,,,,,,
2018-07-03,9.86853313446045,4.670055389404297,8.600851058959961,6.5612711906433105,4.712631702423096,5.627117156982422,9.32115650177002,10.625691413879395,11.650943756103516,,,9.328512191772461,,,,,,,,,,,,,,,,,,,,,,
2018-07-04,9.8637113571167,4.665909290313721,8.552116394042969,6.553995132446289,4.710265159606934,5.625679016113281,9.316810607910156,10.615508079528809,11.639725685119629,,,9.317042350769043,,,,,,,,,,,,,,,,,,,,,,
2018-07-05,9.8593111038208,4.661728858947754,8.520241737365723,6.547250270843506,4.708037376403809,5.624281883239746,9.312466621398926,10.605707168579102,11.627997398376465,,,9.305890083312988,,,,,,,,,,,,,,,,,,,,,,
2018-07-06,9.855257987976074,4.657538890838623,8.53110122680664,6.54095983505249,4.703465938568115,5.622958183288574,9.308089256286621,10.596272468566895,11.615961074829102,,,9.295040130615234,,,,,,,,,,,,,,,,,,,,,,
2018-07-07,9.851110458374023,4.653353214263916,8.536704063415527,6.5350446701049805,4.694721698760986,5.621669292449951,9.3036527633667,10.586984634399414,11.604251861572266,,,9.284066200256348,,,,,,,,,,,,,,,,,,,,,,
2018-07-08,9.84666919708252,4.649380683898926,8.537775993347168,6.527759075164795,4.683903694152832,5.620401382446289,9.299142837524414,10.577591896057129,11.592873573303223,,,9.272807121276855,,,,,,,,,,,,,,,,,,,,,,
2018-07-09,9.84315299987793,4.645700931549072,8.53602409362793,6.519364356994629,4.674370288848877,5.619231700897217,9.294573783874512,10.567999839782715,11.581090927124023,,,9.261496543884277,,,,,,,,,,,,,,,,,,,,,,
2018-07-10,9.840929985046387,4.642429828643799,8.529102325439453,6.5103759765625,4.667657375335693,5.6181206703186035,9.289971351623535,10.55846118927002,11.569101333618164,,,9.250184059143066,,,,,,,,,,,,,,,,,,,,,,
2018-07-11,9.839168548583984,4.6396074295043945,8.52224063873291,6.502166748046875,4.662909030914307,5.617088317871094,9.285346031188965,10.549086570739746,11.557653427124023,,,9.238511085510254,,,,,,,,,,,,,,,,,,,,,,
2018-07-12,9.837333679199219,4.637186050415039,8.514840126037598,6.494597434997559,4.659501075744629,5.6161322593688965,9.280698776245117,10.539783477783203,11.54670238494873,,,9.226273536682129,,,,,,,,,,,,,,,,,,,,,,
2018-07-13,9.835195541381836,4.635077476501465,8.457791328430176,6.487581253051758,4.6570000648498535,5.615271091461182,9.276033401489258,10.530582427978516,11.53623104095459,,,9.213767051696777,,,,,,,,,,,,,,6.904364109039307,5.394529342651367,,,,,,,
2018-07-14,9.832042694091797,4.632022380828857,8.409411430358887,6.481030464172363,4.654806137084961,5.614457130432129,9.27134895324707,10.52153205871582,11.526402473449707,,,9.201327323913574,,,,,,,,,,,,,,,,,,,,,,
2018-07-15,9.82823371887207,4.628538131713867,8.37736701965332,6.474874019622803,4.6527934074401855,5.613585472106934,9.266647338867188,10.512542724609375,11.51664924621582,,,9.189108848571777,,,,,,,,,,,,,,,,,,,,,,
2018-07-16,9.825373649597168,4.6251044273376465,8.38765811920166,6.469066143035889,4.648435592651367,5.612703800201416,9.261947631835938,10.503816604614258,11.505631446838379,,,9.17730712890625,,,,9.031089782714844,9.620211601257324,8.86619758605957,9.071785926818848,10.547374725341797,10.150361061096191,9.401520729064941,9.401520729064941,11.213706016540527,10.830646514892578,,,,11.213706016540527,,9.031089782714844,,,9.620211601257324
2018-07-17,9.822582244873047,4.623124122619629,8.393057823181152,6.463566303253174,4.640142917633057,5.611883640289307,9.25725269317627,10.495200157165527,11.49455738067627,,,9.165717124938965,,,,,,,,,,,,,,,,,,,,,,
2018-07-18,9.819734573364258,4.621479034423828,8.394237518310547,6.456717014312744,4.629678249359131,5.6111273765563965,9.252565383911133,10.48672866821289,11.484025001525879,,,9.154227256774902,,,,,,,,,,,,,,,,,,,,,,
2018-07-19,9.816751480102539,4.619935035705566,8.392723083496094,6.448757648468018,4.616892337799072,5.610439777374268,9.247883796691895,10.478349685668945,11.473898887634277,,,9.142695426940918,,,,,,,,,,,,,,,,,,,,,,
2018-07-20,9.813605308532715,4.618432998657227,8.386341094970703,6.440150260925293,4.607917308807373,5.609752178192139,9.243213653564453,10.469348907470703,11.46413516998291,,,9.131183624267578,,,,,,,,,,,,,,,,,,,,,,
2018-07-21,9.809849739074707,4.616987228393555,8.379865646362305,6.432223320007324,4.60162353515625,5.609057426452637,9.238534927368164,10.460410118103027,11.454672813415527,,,9.119099617004395,,,,,,,,,,,,,,,,,,,,,,
2018-07-22,9.806071281433105,4.6154465675354,8.372725486755371,6.424848556518555,4.597182750701904,5.608339786529541,9.233830451965332,10.451245307922363,11.445381164550781,,,9.106327056884766,,,,,,,,,,,,,,,,,,,,,,
2018-07-23,9.80217456817627,4.613866806030273,8.317171096801758,6.4179606437683105,4.594014644622803,5.607652187347412,9.229101181030273,10.441887855529785,11.435803413391113,,,9.093379974365234,,,,,,,,,,,,,,,,,,,,,,
2018-07-24,9.798378944396973,4.612276554107666,8.270063400268555,6.411495685577393,4.591468811035156,5.607011795043945,9.224367141723633,10.432623863220215,11.424162864685059,,,9.080764770507812,,,,,,,,,,,,,,,,,,,,,,
2018-07-25,9.795401573181152,4.610694885253906,8.239535331726074,6.405409336090088,4.589319705963135,5.606350898742676,9.219646453857422,10.424775123596191,11.411944389343262,,,9.068676948547363,,,,,,,,,,,,,,,,,,,,,,
2018-07-26,9.79248046875,4.608977317810059,8.249639511108398,6.399654388427734,4.585068225860596,5.6056671142578125,9.214980125427246,10.4170560836792,11.399747848510742,,,9.056961059570312,,,,,,,,,,,,,,,,,,,,,,
2018-07-27,9.789137840270996,4.607093334197998,8.255241394042969,6.394186496734619,4.576999664306641,5.6050028800964355,9.21043586730957,10.409354209899902,11.388178825378418,,,9.045429229736328,,,,,,,,,,,,,,6.7650146484375,5.323016166687012,,,,,,,
2018-07-28,9.786273956298828,4.603664875030518,8.257373809814453,6.3873677253723145,4.566689968109131,5.6042585372924805,9.20588207244873,10.401516914367676,11.377189636230469,,,9.033719062805176,,,,,,,,,,,,,,,,,,,,,,
2018-07-29,9.78390884399414,4.599477767944336,8.256829261779785,6.379432678222656,4.5541181564331055,5.603580474853516,9.201312065124512,10.393356323242188,11.366695404052734,,,9.021793365478516,,,,,,,,,,,,,,,,,,,,,,
2018-07-30,9.781725883483887,4.595362663269043,8.25162410736084,6.370527744293213,4.545215606689453,5.602932929992676,9.19674301147461,10.38394546508789,11.356024742126465,,,9.009933471679688,,,,8.968802452087402,9.534464836120605,8.719382286071777,9.008040428161621,10.435369491577148,10.03664493560791,9.312997817993164,9.312997817993164,11.108200073242188,10.728092193603516,,,,,,8.968802452087402,,,9.534464836120605
2018-07-31,9.779486656188965,4.59301233291626,8.24634838104248,6.362311840057373,4.53896427154541,5.602345943450928,9.192180633544922,10.374659538269043,11.34517765045166,,,8.997759819030762,,,,,,,,,,,,,,,,,,,,,,
2018-08-01,9.77713394165039,4.591676712036133,8.240347862243652,6.354726314544678,4.534541130065918,5.6017680168151855,9.1876220703125,10.365525245666504,11.334783554077148,,,8.985199928283691,,,,,,,,,,,,,,,,,,,,,,
2018-08-02,9.774450302124023,4.590886116027832,8.186966896057129,6.34769344329834,4.531398773193359,5.601241588592529,9.183060646057129,10.356585502624512,11.32476806640625,,,8.972416877746582,,,,,,,,,,,,,,,,,,,,,,
2018-08-03,9.771652221679688,4.590235233306885,8.141651153564453,6.341137409210205,4.528903484344482,5.600742816925049,9.178505897521973,10.34791088104248,11.31436824798584,,,8.959933280944824,,,,,,,,,,,,,,,,,,,,,,
2018-08-04,9.768918991088867,4.589592933654785,8.111714363098145,6.33498477935791,4.526833534240723,5.6001973152160645,9.173955917358398,10.339468002319336,11.303589820861816,,,8.94768238067627,,,,,,,,,,,,,,,,,,,,,,
2018-08-05,9.765807151794434,4.5887627601623535,8.12181282043457,6.329176902770996,4.5227766036987305,5.599611282348633,9.169349670410156,10.331077575683594,11.29224967956543,,,8.935619354248047,,,,,,,,,,,,,,,,,,,,,,
2018-08-06,9.762661933898926,4.587716102600098,8.12757682800293,6.32367467880249,4.515057563781738,5.599030494689941,9.164753913879395,10.322613716125488,11.280776977539062,,,8.923765182495117,,,,,,,,,,,,,,,,,,,,,,
2018-08-07,9.761218070983887,4.586575508117676,8.13007640838623,6.316824436187744,4.5052409172058105,5.59839391708374,9.160181045532227,10.314319610595703,11.269478797912598,,,8.911988258361816,,,,,,,,,,,,,,,,,,,,,,
2018-08-08,9.762001991271973,4.585725784301758,8.130233764648438,6.308862686157227,4.493449687957764,5.597882270812988,9.155638694763184,10.306159019470215,11.258679389953613,,,8.900284767150879,,,,,,,,,,,,,,,,,,,,,,
2018-08-09,9.764602661132812,4.585550785064697,8.125892639160156,6.300224781036377,4.485482215881348,5.597512722015381,9.15114974975586,10.298303604125977,11.248334884643555,,,8.88858699798584,,,,,,,,,,,,,,,,,,,,,,
2018-08-10,9.768370628356934,4.586313724517822,8.121477127075195,6.292309284210205,4.480324745178223,5.597418308258057,9.146724700927734,10.290664672851562,11.238452911376953,,,8.87654972076416,,,,,,,,,,,,,,,,,,,,,,
2018-08-11,9.771225929260254,4.587488174438477,8.116368293762207,6.284975051879883,4.4772186279296875,5.597539901733398,9.14233112335205,10.283048629760742,11.229025840759277,,,8.863851547241211,,,,,,,,,,,,,,,,,,,,,,
2018-08-12,9.772576332092285,4.58871603012085,8.063847541809082,6.2781453132629395,4.475585460662842,5.597856521606445,9.13796329498291,10.275354385375977,11.22005844116211,,,8.850747108459473,,,,,,,,,,,,,,,,,,,,,,
2018-08-13,9.775471687316895,4.590331077575684,8.019182205200195,6.271765232086182,4.474796295166016,5.598399639129639,9.133683204650879,10.267655372619629,11.210186958312988,,,8.837957382202148,,,,,,,,,,,,,,,,,,,,,,
2018-08-14,9.777778625488281,4.5921173095703125,7.9898223876953125,6.2657928466796875,4.4746246337890625,5.5991129875183105,9.12946605682373,10.260116577148438,11.199490547180176,,,8.825628280639648,,,,8.900432586669922,9.446252822875977,8.581189155578613,8.939980506896973,10.324239730834961,9.925467491149902,9.264578819274902,9.264578819274902,10.99863338470459,10.618345260620117,6.593515872955322,5.262635707855225,8.900432586669922,10.99863338470459,,8.900432586669922,10.607405662536621,9.278298377990723,
2018-08-15,9.778762817382812,4.593814373016357,8.000393867492676,6.260180473327637,4.474853515625,5.599972724914551,9.125326156616211,10.252821922302246,11.188841819763184,,,8.813801765441895,,,,,,,,,,,,,,,,,,,,,,
2018-08-16,9.780000686645508,4.595595359802246,8.006772994995117,6.254880905151367,4.472737789154053,5.601046085357666,9.121283531188965,10.245688438415527,11.178851127624512,,,8.802141189575195,,,,,,,,,,,,,,,,,,,,,,
2018-08-17,9.783427238464355,4.597762107849121,8.009970664978027,6.248195171356201,4.468936920166016,5.602957248687744,9.11734676361084,10.238606452941895,11.16954517364502,,,8.790604591369629,,,,,,,,,,,,,,,,,,,,,,
2018-08-18,9.784976959228516,4.600090503692627,8.010600090026855,6.240354061126709,4.464530944824219,5.604809761047363,9.113479614257812,10.231500625610352,11.16084098815918,,,8.779115676879883,,,,,,,,,,,,,,,,,,,,,,
2018-08-19,9.784746170043945,4.602265357971191,8.006781578063965,6.233217716217041,4.462155342102051,5.606666088104248,9.109694480895996,10.224576950073242,11.152713775634766,,,8.768009185791016,,,,,,,,,,,,,,,,,,,,,,
2018-08-20,9.783891677856445,4.604175567626953,8.002921104431152,6.226687431335449,4.4610161781311035,5.608513355255127,9.106005668640137,10.21786117553711,11.144463539123535,,,8.757338523864746,,,,,,,,,,,,,,,,,,,,,,
2018-08-21,9.782238960266113,4.605748176574707,7.998884677886963,6.220677852630615,4.460886001586914,5.610402584075928,9.102410316467285,10.211295127868652,11.136119842529297,,,8.747065544128418,,,,,,,,,,,,,,,,,,,,,,
2018-08-22,9.779973983764648,4.606785297393799,7.99470853805542,6.215114116668701,4.461451530456543,5.611937046051025,9.09890365600586,10.204840660095215,11.128334045410156,,,8.73708724975586,,,,,,,,,,,,,,,,,,,,,,
2018-08-23,9.778321266174316,4.607491970062256,7.990386486053467,6.209933280944824,4.462204456329346,5.613432884216309,9.09548282623291,10.198513984680176,11.121025085449219,,,8.727461814880371,,,,,,,,,,,,,,,,,,,,,,
2018-08-24,9.777137756347656,4.608001708984375,7.985894203186035,6.205082893371582,4.463172912597656,5.614793300628662,9.092143058776855,10.192299842834473,11.114163398742676,,,8.718230247497559,,,,,,,,,,,,,,,,,,,,,,
2018-08-25,9.78659439086914,4.612124443054199,7.980932712554932,6.20052433013916,4.465549468994141,5.616757869720459,9.089122772216797,10.186149597167969,11.107853889465332,,,8.709364891052246,,,,,,,,,,,,,,,,,,,,,,
2018-08-26,9.800138473510742,4.618898391723633,7.976031303405762,6.1962175369262695,4.469761371612549,5.619204044342041,9.086260795593262,10.180062294006348,11.102274894714355,,,8.700846672058105,,,,,,,,,,,,,,,,,,,,,,
2018-08-27,9.809359550476074,4.625895977020264,7.971062660217285,6.192128658294678,4.475639820098877,5.622056484222412,9.083548545837402,10.174054145812988,11.097221374511719,,,8.69268798828125,,,,,,,,,,,,,,,,,,,,,,
2018-08-28,9.810774803161621,4.63213586807251,7.9659199714660645,6.188233375549316,4.4824748039245605,5.625141143798828,9.08096694946289,10.168079376220703,11.092738151550293,,,8.68486213684082,,,,,,,,,,,,,,6.495678424835205,5.249748229980469,,,,,,,
2018-08-29,9.817834854125977,4.639438152313232,7.958024024963379,6.184510707855225,4.490849018096924,5.628364086151123,9.078568458557129,10.162248611450195,11.088945388793945,,,8.677326202392578,,,,,,,,,,,,,,,,,,,,,,
2018-08-30,9.819310188293457,4.646368026733398,7.951582908630371,6.180941104888916,4.499627113342285,5.631616592407227,9.076301574707031,10.156580924987793,11.085562705993652,,,8.67008113861084,,,,,,,,,,,,,,,,,,,,,,
2018-08-31,9.816946029663086,4.652220249176025,7.945868492126465,6.177504539489746,4.5080037117004395,5.634669780731201,9.074141502380371,10.151009559631348,11.0825834274292,,,8.663129806518555,,,,8.836884498596191,9.355298042297363,8.48040771484375,8.87081527709961,10.212725639343262,9.822351455688477,9.344404220581055,9.344404220581055,10.893183708190918,10.509234428405762,,,8.836884498596191,10.893183708190918,,8.836884498596191,10.513568878173828,9.171799659729004,
2018-09-01,9.812813758850098,4.656675815582275,7.9406538009643555,6.174190521240234,4.515406608581543,5.637303352355957,9.07205867767334,10.145520210266113,11.07993221282959,,,8.656427383422852,,,,,,,,,,,,,,,,,,,,,,
2018-09-02,9.808966636657715,4.659691333770752,7.935666084289551,6.170986175537109,4.5215911865234375,5.639398097991943,9.070028305053711,10.140131950378418,11.077539443969727,,,8.64988899230957,,,,,,,,,,,,,,,,,,,,,,
2018-09-03,9.80665397644043,4.661695957183838,7.930844783782959,6.167881965637207,4.526599884033203,5.6409592628479,9.06804370880127,10.1344633102417,11.075353622436523,,,8.643538475036621,,,,,,,,,,,,,,,,,,,,,,
2018-09-04,9.80461597442627,4.662840843200684,7.925787925720215,6.164870738983154,4.5316853523254395,5.642070770263672,9.066093444824219,10.129029273986816,11.073345184326172,,,8.63739013671875,,,,,,,,,,,,,,,,,,,,,,
2018-09-05,9.806097030639648,4.664616584777832,7.921117782592773,6.16193962097168,4.538131237030029,5.643044471740723,9.064236640930176,10.124009132385254,11.071545600891113,,,8.631516456604004,,,,,,,,,,,,,,,,,,,,,,
2018-09-06,9.80889892578125,4.667026042938232,7.916683197021484,6.159088134765625,4.545828342437744,5.643979549407959,9.062438011169434,10.119068145751953,11.070137023925781,,,8.625937461853027,,,,,,,,,,,,,,,,,,,,,,
2018-09-07,9.812626838684082,4.670363903045654,7.912269592285156,6.15630578994751,4.555406093597412,5.6450042724609375,9.0607271194458,10.114287376403809,11.069198608398438,,,8.620704650878906,,,,,,,,,,,,,,,,,,,,,,
2018-09-08,9.813704490661621,4.673861026763916,7.905301570892334,6.153586387634277,4.56580924987793,5.646100997924805,9.05907917022705,10.1096830368042,11.068663597106934,,,8.615729331970215,,,,,,,,,,,,,,,,,,,,,,
2018-09-09,9.811746597290039,4.676563739776611,7.899545192718506,6.150930404663086,4.5749993324279785,5.647169589996338,9.057469367980957,10.105222702026367,11.068404197692871,,,8.610982894897461,,,,,,,,,,,,,,,,,,,,,,
2018-09-10,9.809484481811523,4.678170204162598,7.894436836242676,6.148334980010986,4.5822834968566895,5.647958278656006,9.05588150024414,10.100797653198242,11.068317413330078,,,8.606419563293457,,,,,,,,,,,,,,,,,,,,,,
2018-09-11,9.806588172912598,4.678431510925293,7.889800548553467,6.145797252655029,4.58771276473999,5.6484856605529785,9.054287910461426,10.09648323059082,11.06831169128418,,,8.601995468139648,,,,,,,,,,,,,,,,,,,,,,
2018-09-12,9.805246353149414,4.678410053253174,7.885625839233398,6.143314361572266,4.5920000076293945,5.6488728523254395,9.052709579467773,10.09241008758545,11.06839656829834,,,8.597616195678711,,,,,,,,,,,,,,,,,,,,,,
2018-09-13,9.803712844848633,4.677892684936523,7.881785869598389,6.140887260437012,4.5952301025390625,5.648900032043457,9.051115036010742,10.088533401489258,11.068514823913574,,,8.593297958374023,,,,,,,,,,,,,,,,,,,,,,
2018-09-14,9.801715850830078,4.676826000213623,7.877882957458496,6.1385111808776855,4.597417831420898,5.648678302764893,9.0495023727417,10.084750175476074,11.068612098693848,,,8.589020729064941,,,,8.795239448547363,9.287996292114258,8.430763244628906,8.823250770568848,10.137615203857422,9.763544082641602,9.325996398925781,9.325996398925781,10.819367408752441,10.437264442443848,6.439873218536377,5.270446300506592,,,,,,,9.287996292114258
2018-09-15,9.799424171447754,4.6753387451171875,7.8738861083984375,6.1361846923828125,4.5986456871032715,5.648202896118164,9.047863006591797,10.081011772155762,11.068644523620605,,,8.584756851196289,,,,,,,,,,,,,,,,,,,,,,
2018-09-16,9.796947479248047,4.673497200012207,7.8700270652771,6.133907794952393,4.599009990692139,5.647486686706543,9.046192169189453,10.077301979064941,11.068578720092773,,,8.58048152923584,,,,,,,,,,,,,,,,,,,,,,
2018-09-17,9.79407024383545,4.671325206756592,7.866179466247559,6.13167667388916,4.59860372543335,5.646556854248047,9.044485092163086,10.073587417602539,11.068390846252441,,,8.576204299926758,,,,,,,,,,,,,,,,,,,,,,
2018-09-18,9.79092788696289,4.668909072875977,7.862528324127197,6.129489898681641,4.597538471221924,5.645468235015869,9.042739868164062,10.0698881149292,11.068098068237305,,,8.571922302246094,,,,,,,,,,,,,,,,,,,,,,
2018-09-19,9.787970542907715,4.666348457336426,7.859018325805664,6.127349376678467,4.596023082733154,5.644246578216553,9.040956497192383,10.066194534301758,11.067715644836426,,,8.567635536193848,,,,,,,,,,,,,,,,,,,,,,
2018-09-20,9.785327911376953,4.663762092590332,7.855586051940918,6.125255584716797,4.594202041625977,5.64292049407959,9.039134979248047,10.062482833862305,11.06725788116455,,,8.563352584838867,,,,,,,,,,,,,,,,,,,,,,
2018-09-21,9.784993171691895,4.662058353424072,7.852334499359131,6.123200416564941,4.592665672302246,5.641716480255127,9.037309646606445,10.058771133422852,11.066758155822754,,,8.559078216552734,,,,,,,,,,,,,,,,,,,,,,
2018-09-22,9.787869453430176,4.661927223205566,7.849203109741211,6.1211748123168945,4.591701507568359,5.640738487243652,9.035500526428223,10.05508041381836,11.0663480758667,,,8.554861068725586,,,,,,,,,,,,,,,,,,,,,,
2018-09-23,9.802809715270996,4.667369365692139,7.8461384773254395,6.119180679321289,4.593169212341309,5.640458583831787,9.033824920654297,10.051493644714355,11.066675186157227,,,8.550869941711426,,,,,,,,,,,,,,,,,,,,,,
2018-09-24,9.817229270935059,4.6763691902160645,7.843132972717285,6.117218017578125,4.5972208976745605,5.640970706939697,9.03223705291748,10.04804801940918,11.067801475524902,,,8.547115325927734,,,,,,,,,,,,,,,,,,,,,,
2018-09-25,9.823781967163086,4.685727596282959,7.840173244476318,6.115283012390137,4.603248119354248,5.642116546630859,9.030730247497559,10.044744491577148,11.069518089294434,,,8.543567657470703,,,,,,,,,,,,,,,,,,,,,,
2018-09-26,9.823468208312988,4.69370174407959,7.837243556976318,6.1133832931518555,4.6098103523254395,5.643636226654053,9.029278755187988,10.041572570800781,11.071640014648438,,,8.540152549743652,,,,,,,,,,,,,,,,,,,,,,
2018-09-27,9.819936752319336,4.699550628662109,7.834347248077393,6.111515045166016,4.615910530090332,5.6452956199646,9.027850151062012,10.038515090942383,11.074004173278809,,,8.53682804107666,,,,,,,,,,,,,,,,,,,,,,
2018-09-28,9.816887855529785,4.703129291534424,7.831353187561035,6.109677791595459,4.6210808753967285,5.646797180175781,9.026421546936035,10.035552024841309,11.076476097106934,,,8.533560752868652,,,,,,,,,,,,,,,,,,,,,,
2018-09-29,9.814422607421875,4.704681873321533,7.828304290771484,6.107873439788818,4.625118255615234,5.6480278968811035,9.02497673034668,10.032641410827637,11.078941345214844,,,8.53032398223877,,,,,,,,,,,,,,,,,,,,,,
2018-09-30,9.8123779296875,4.704685688018799,7.825227737426758,6.106101036071777,4.62802791595459,5.648910999298096,9.023507118225098,10.029746055603027,11.081310272216797,,,8.527132987976074,,,,,,,,,,,,,,,,,,,,,,
2018-10-01,9.765226364135742,4.678071022033691,7.822272300720215,6.1043620109558105,4.62708044052124,5.593439102172852,9.022028923034668,10.026866912841797,11.083649635314941,,,8.524048805236816,,,,8.749085426330566,9.212111473083496,8.390091896057129,8.771341323852539,10.06323528289795,9.709921836853027,9.350656509399414,9.350656509399414,10.740116119384766,10.363085746765137,,,,,,,,,9.212111473083496
2018-10-02,9.743735313415527,4.656193256378174,7.8194193840026855,6.102655410766602,4.624386787414551,5.549647331237793,9.020550727844238,10.024003982543945,11.0859956741333,,,8.521068572998047,,,,,,,,,,,,,,,,,,,,,,
2018-10-03,9.730257987976074,4.638484001159668,7.816522598266602,6.100978851318359,4.620813369750977,5.515120506286621,9.019063949584961,10.021140098571777,11.08830451965332,,,8.518184661865234,,,,,,,,,,,,,,,,,,,,,,
2018-10-04,9.72109603881836,4.6249098777771,7.813157081604004,6.099329471588135,4.616854190826416,5.488306045532227,9.017549514770508,10.018253326416016,11.090513229370117,,,8.515376091003418,,,,,,,,,,,,,,,,,,,,,,
2018-10-05,9.7132568359375,4.613297939300537,7.809828758239746,6.097711563110352,4.61268424987793,5.467112064361572,9.016018867492676,10.01533031463623,11.092561721801758,,,8.512619018554688,,,,,,,,,,,,,,,,,,,,,,
2018-10-06,9.70665168762207,4.603460311889648,7.806507587432861,6.096122741699219,4.6084675788879395,5.450287818908691,9.014522552490234,10.01236629486084,11.094438552856445,,,8.509900093078613,,,,,,,,,,,,,,,,,,,,,,
2018-10-07,9.70076847076416,4.5949015617370605,7.803228855133057,6.094560623168945,4.6042633056640625,5.436851501464844,9.013007164001465,10.00934886932373,11.096109390258789,,,8.5072021484375,,,,,,,,,,,,,,,,,,,,,,
2018-10-08,9.695472717285156,4.587325096130371,7.79999303817749,6.093023777008057,4.60015344619751,5.426033020019531,9.011470794677734,10.006270408630371,11.097551345825195,,,8.504512786865234,,,,,,,,,,,,,,,,,,,,,,
2018-10-09,9.6905517578125,4.580531597137451,7.796786785125732,6.0915117263793945,4.596166133880615,5.417236328125,9.00991439819336,10.00312614440918,11.098767280578613,,,8.501827239990234,,,,,,,,,,,,,,,,,,,,,,
2018-10-10,9.685871124267578,4.574388027191162,7.793604850769043,6.090023040771484,4.592296600341797,5.410001277923584,9.008336067199707,9.99991226196289,11.099769592285156,,,8.499137878417969,,,,,,,,,,,,,,,,,,,,,,
2018-10-11,9.682173728942871,4.568995952606201,7.790538311004639,6.088558673858643,4.588875770568848,5.404731273651123,9.006747245788574,9.996651649475098,11.10059642791748,,,8.496447563171387,,,,,,,,,,,,,,,,,,,,,,
2018-10-12,9.679035186767578,4.56417989730835,7.787457466125488,6.0871171951293945,4.58544921875,5.399529933929443,9.005143165588379,,11.101269721984863,,,8.493759155273438,,,,8.721234321594238,9.16593074798584,8.372190475463867,8.740421295166016,10.02269458770752,9.683906555175781,9.329397201538086,9.329397201538086,10.694165229797363,10.321016311645508,,,8.721234321594238,10.694165229797363,,8.721234321594238,10.368172645568848,8.95555305480957,
2018-10-13,9.67582893371582,4.5597639083862305,7.784366130828857,6.085693836212158,4.582224369049072,5.3951568603515625,9.003524780273438,,11.10179328918457,,,8.491071701049805,,,,,,,,,,,,,,,,,,,,,,
2018-10-14,9.672568321228027,4.555641174316406,7.781264305114746,6.084290027618408,4.579139709472656,5.391421318054199,9.001888275146484,,11.102179527282715,,,8.488382339477539,,,,,,,,,,,,,,,,,,,,,,
2018-10-15,9.66942310333252,4.5517730712890625,7.778155326843262,6.082903861999512,4.5761613845825195,5.388183116912842,9.000235557556152,,11.102441787719727,,,8.485686302185059,,,,,,,,,,,,,,,,,,,,,,
2018-10-16,9.666423797607422,4.548227787017822,7.775044918060303,6.081542491912842,4.573268890380859,5.385349273681641,8.998563766479492,,11.102592468261719,,,8.482983589172363,,,,,,,,,,,,,,6.380909442901611,5.314852237701416,,,,,,,
2018-10-17,9.663681983947754,4.544976234436035,7.7719268798828125,6.080197334289551,4.570455074310303,5.382838249206543,8.996874809265137,,11.102643966674805,,,8.480269432067871,,,,,,,,,,,,,,,,,,,,,,
2018-10-18,9.661272048950195,4.5420145988464355,7.768729209899902,6.0788726806640625,4.567722320556641,5.380590915679932,8.995173454284668,,11.102609634399414,,,8.477547645568848,,,,,,,,,,,,,,,,,,,,,,
2018-10-19,9.659021377563477,4.539281845092773,7.764890193939209,6.07756233215332,4.565067768096924,5.37856912612915,8.993457794189453,,11.102498054504395,,,8.47480297088623,,,,,,,,,,,,,,,,,,,,,,
2018-10-20,9.656956672668457,4.536756992340088,7.761130332946777,6.076265335083008,4.562491416931152,5.376742362976074,8.991729736328125,,11.10231876373291,,,8.472061157226562,,,,,,,,,,,,,,,,,,,,,,
2018-10-21,9.655052185058594,4.534421920776367,7.757426738739014,6.07498836517334,4.55999231338501,5.375085830688477,8.989990234375,,11.102081298828125,,,8.469356536865234,,,,,,,,,,,,,,,,,,,,,,
2018-10-22,9.65333080291748,4.532250881195068,7.75376558303833,6.073726654052734,4.557569980621338,5.373576641082764,8.988240242004395,,11.101794242858887,,,8.466629028320312,,,,,,,,,,,,,,,,,,,,,,
2018-10-23,9.651833534240723,4.5302734375,7.750135898590088,6.072500228881836,4.555228233337402,5.372198581695557,8.986482620239258,,11.101465225219727,,,8.463887214660645,,,,,,,,,,,,,,,,,,,,,,
2018-10-24,9.650459289550781,4.5285325050354,7.746527671813965,6.07127571105957,4.5529704093933105,5.370938301086426,8.984720230102539,,11.10110092163086,,,8.461132049560547,,,,,,,,,,,,,,,,,,,,,,
2018-10-25,9.649248123168945,4.527052402496338,7.7430315017700195,6.070060729980469,4.550804138183594,5.369784832000732,8.982955932617188,,11.1007080078125,,,8.458365440368652,,,,,,,,,,,,,,,,,,,,,,
2018-10-26,9.649312973022461,4.526739120483398,7.740345478057861,6.068854808807373,4.549041271209717,5.369172096252441,8.981252670288086,,11.100330352783203,,,8.455596923828125,,,,,,,,,,,,,,,,,,,,,,
2018-10-27,9.651715278625488,4.528492450714111,7.737635135650635,6.067665100097656,4.5479655265808105,5.368637561798096,8.979631423950195,,11.100014686584473,,,8.452863693237305,,,,,,,,,,,,,,,,,,,,,,
2018-10-28,9.655045509338379,4.531761646270752,7.73490047454834,6.066486358642578,4.547677516937256,5.368261337280273,8.978084564208984,,11.099823951721191,,,8.450202941894531,,,,,,,,,,,,,,,,,,,,,,
2018-10-29,9.658310890197754,4.535903453826904,7.732133865356445,6.06532621383667,4.548086166381836,5.368070125579834,8.976609230041504,,11.099801063537598,,,8.447624206542969,,,,8.681809425354004,9.099139213562012,8.348044395446777,,9.9680814743042,9.647231101989746,9.362690925598145,9.362690925598145,10.627896308898926,10.262639045715332,6.361516952514648,5.374095916748047,,10.627896308898926,,,10.319497108459473,,9.099139213562012
2018-10-30,9.684086799621582,4.559657096862793,7.729343891143799,6.0641865730285645,4.555657863616943,5.36885404586792,8.97570514678955,,11.102312088012695,,,8.445792198181152,,,,,,,,,,,,,,,,,,,,,,
2018-10-31,9.71237564086914,4.584140777587891,7.72655725479126,6.063065528869629,4.568831443786621,5.370837211608887,8.975381851196289,,11.107213973999023,,,8.444497108459473,,,,,,,,,,,,,,,,,,,,,,
2018-11-01,9.732135772705078,4.6094489097595215,7.723798751831055,6.061963081359863,4.584332466125488,5.373873233795166,8.975440979003906,,11.11382007598877,,,8.443493843078613,,,,,,,,,,,,,,,,,,,,,,
2018-11-02,9.738947868347168,4.631052494049072,7.721083164215088,6.0608811378479,4.599134922027588,5.377548694610596,8.975676536560059,,11.121087074279785,,,8.442577362060547,,,,,,,,,,,,,,,,,,,,,,
2018-11-03,9.738085746765137,4.645983695983887,7.71844482421875,6.059805393218994,4.611467361450195,5.38144063949585,8.975944519042969,,11.128607749938965,,,8.441694259643555,,,,,,,,,,,,,,,,,,,,,,
2018-11-04,9.733360290527344,4.655027389526367,7.71589469909668,6.058786869049072,4.620675563812256,5.384644985198975,8.976137161254883,,11.13610553741455,,,8.440781593322754,,,,,,,,,,,,,,,,,,,,,,
2018-11-05,9.727280616760254,4.659400463104248,7.713362693786621,6.057766914367676,4.627174377441406,5.387585163116455,8.976198196411133,,11.14339542388916,,,8.439861297607422,,,,,,,,,,,,,,,,,,,,,,
2018-11-06,9.720775604248047,4.660267353057861,7.710836410522461,6.056802749633789,4.631479740142822,5.390110492706299,8.976097106933594,,11.150343894958496,,,8.438849449157715,,,,,,,,,,,,,,,,,,,,,,
2018-11-07,9.715803146362305,4.6596245765686035,7.708343505859375,6.055860996246338,4.634393692016602,5.392251491546631,8.975852966308594,,11.156919479370117,,,8.437777519226074,,,,,,,,,,,,,,,,,,,,,,
2018-11-08,9.71120834350586,4.6574201583862305,7.705913543701172,6.054943561553955,4.636018753051758,5.393944263458252,8.975461959838867,,11.16305923461914,,,8.436630249023438,,,,,,,,,,,,,,,,,,,,,,
2018-11-09,9.707030296325684,4.654107570648193,7.703487873077393,6.054043769836426,4.636556148529053,5.395190238952637,8.974928855895996,,11.168718338012695,,,8.435370445251465,,,,,,,,,,,,,,,,,,,,,,
2018-11-10,9.705304145812988,4.651737689971924,7.701350688934326,6.0531697273254395,4.636773109436035,5.396783351898193,8.973812103271484,,11.174025535583496,,,8.43407917022705,,,,,,,,,,,,,,,,,,,,,,
2018-11-11,9.70805549621582,4.652178764343262,7.699287414550781,6.052292346954346,4.637363910675049,5.398087978363037,8.973260879516602,,11.179241180419922,,,8.432738304138184,,,,,,,,,,,,,,,,,,,,,,
2018-11-12,9.716282844543457,4.658441066741943,7.697304725646973,6.051454067230225,4.639623165130615,5.399380207061768,8.972862243652344,,11.184968948364258,,,8.431472778320312,,,,,,,,,,,,,,,,,,,,,,
2018-11-13,9.723115921020508,4.665088653564453,7.695404052734375,6.050651550292969,4.643348693847656,5.400674819946289,8.97259521484375,,11.191206932067871,,,8.430282592773438,,,,,,,,,,,,,,,,,,,,,,
2018-11-14,9.724879264831543,4.6691412925720215,7.6935882568359375,6.049875736236572,4.647659778594971,5.401870250701904,8.972379684448242,,11.197711944580078,,,8.429101943969727,,,,8.648014068603516,9.042769432067871,8.332056999206543,8.656670570373535,9.923210144042969,9.631555557250977,9.555499076843262,9.555499076843262,10.568719863891602,10.214412689208984,6.355879783630371,5.660736560821533,,,,,,8.809192657470703,9.042769432067871
2018-11-15,9.722920417785645,4.670438766479492,7.69187068939209,6.049129009246826,4.651455879211426,5.4022088050842285,8.972134590148926,,11.204261779785156,,,8.427953720092773,,,,,,,,,,,,,,,,,,,,,,
2018-11-16,9.71950626373291,4.6697235107421875,7.690142631530762,6.048415184020996,4.654327869415283,5.402471542358398,8.971810340881348,,11.210680961608887,,,8.42677116394043,,,,,,,,,,,,,,,,,,,,,,
2018-11-17,9.71579360961914,4.667428493499756,7.688414096832275,6.04772424697876,4.656139850616455,5.402559757232666,8.97137451171875,,11.21683406829834,,,8.425535202026367,,,,,,,,,,,,,,,,,,,,,,
2018-11-18,9.712105751037598,4.664007186889648,7.686689376831055,6.047039031982422,4.656933307647705,5.4024338722229,8.970823287963867,,11.222623825073242,,,8.42422866821289,,,,,,,,,,,,,,,,,,,,,,
2018-11-19,9.708657264709473,4.659947872161865,7.684955596923828,6.046392440795898,4.656884670257568,5.4020867347717285,8.970161437988281,,11.227989196777344,,,8.422845840454102,,,,,,,,,,,,,,,,,,,,,,
2018-11-20,9.70556926727295,4.655764102935791,7.6832380294799805,6.045751571655273,4.656164169311523,5.401538372039795,8.96939754486084,,11.232900619506836,,,8.421358108520508,,,,,,,,,,,,,,,,,,,,,,
2018-11-21,9.70263957977295,4.651509761810303,7.681518077850342,6.045156002044678,4.6548967361450195,5.4008049964904785,8.968538284301758,,11.237356185913086,,,8.419795036315918,,,,,,,,,,,,,,,,,,,,,,
2018-11-22,9.699891090393066,4.647311687469482,7.679814338684082,6.044567108154297,4.653209686279297,5.399908542633057,8.967591285705566,,11.241338729858398,,,8.4181489944458,,,,,,,,,,,,,,,,,,,,,,
2018-11-23,9.697261810302734,4.643158912658691,7.678109645843506,6.044017314910889,4.65119743347168,5.398869037628174,8.966564178466797,,11.24488639831543,,,8.416419982910156,,,,,,,,,,,,,,,,,,,,,,
2018-11-24,9.694855690002441,4.639187812805176,7.676395893096924,6.043495178222656,4.649008274078369,5.397711277008057,8.965468406677246,,11.24802303314209,,,8.414606094360352,,,,,,,,,,,,,,,,,,,,,,
2018-11-25,9.692642211914062,4.635469436645508,7.674680233001709,6.0430006980896,4.646742820739746,5.396459579467773,8.964314460754395,,11.250770568847656,,,8.412708282470703,,,,,,,,,,,,,,,,,,,,,,
2018-11-26,9.692549705505371,4.633948802947998,7.672989368438721,6.042525291442871,4.644776344299316,5.3958940505981445,8.963170051574707,,11.253335952758789,,,8.410761833190918,,,,,,,,,,,,,,,,,,,,,,
2018-11-27,9.692978858947754,4.633327007293701,7.671351432800293,6.0420379638671875,4.643167495727539,5.395238876342773,8.962051391601562,,11.255805969238281,,,8.408781051635742,,,,,,,,,,,,,,,,,,,,,,
2018-11-28,9.69419002532959,4.6338300704956055,7.6697492599487305,6.041583061218262,4.642153263092041,5.3945817947387695,8.960989952087402,,11.258284568786621,,,8.406783103942871,,,,8.621670722961426,8.995462417602539,8.32590103149414,8.624464988708496,9.88982105255127,9.626191139221191,9.521671295166016,9.521671295166016,10.521531105041504,10.178905487060547,,,,,,,,,8.995462417602539
2018-11-29,9.697922706604004,4.637243747711182,7.668158054351807,6.041143417358398,4.642338275909424,5.394053936004639,8.960055351257324,,11.260966300964355,,,8.404800415039062,,,,,,,,,,,,,,,,,,,,,,
2018-11-30,9.702188491821289,4.6419219970703125,7.6666154861450195,6.040743827819824,4.643682479858398,5.393677234649658,8.959240913391113,,11.26389217376709,,,8.402856826782227,,,,,,,,,,,,,,,,,,,,,,
2018-12-01,9.706089973449707,4.6470208168029785,7.6651177406311035,6.040349960327148,4.646030902862549,5.393456935882568,8.958523750305176,,11.267102241516113,,,8.40096664428711,,,,,,,,,,,,,,,,,,,,,,
2018-12-02,9.72124195098877,4.666433811187744,7.66364049911499,6.0399980545043945,4.652998447418213,5.393870830535889,8.958395004272461,,11.27222728729248,,,8.399296760559082,,,,,,,,,,,,,,,,,,,,,,
2018-12-03,9.738971710205078,4.688455581665039,7.662232875823975,6.039651870727539,4.663942813873291,5.395043849945068,8.958792686462402,,11.279568672180176,,,8.397910118103027,,,,,,,,,,,,,,6.373347759246826,5.982154846191406,,,5.982154846191406,,,,
2018-12-04,9.749489784240723,4.706616401672363,7.660917282104492,6.039384841918945,4.676336288452148,5.396720886230469,8.959320068359375,,11.287834167480469,,,8.396676063537598,,,,,,,,,,,,,,,,,,,,,,
2018-12-05,9.7542085647583,4.718997955322266,7.659644603729248,6.039122581481934,4.6881890296936035,5.398653984069824,8.959847450256348,,11.296632766723633,,,8.395537376403809,,,,,,,,,,,,,,,,,,,,,,
2018-12-06,9.754474639892578,4.7252678871154785,7.658466815948486,6.0388898849487305,4.698048114776611,5.400635242462158,8.96030044555664,,11.305624008178711,,,8.394495964050293,,,,,,,,,,,,,,,,,,,,,,
2018-12-07,9.769015312194824,4.747328758239746,7.657521724700928,6.038698673248291,4.713558673858643,5.403285026550293,8.961321830749512,,11.317764282226562,,,8.393832206726074,,,,,,,,,,,,,,,,,,,,,,
2018-12-08,9.801159858703613,4.787924289703369,7.656786918640137,6.038564682006836,4.736081600189209,5.4080891609191895,8.963375091552734,,11.334259986877441,,,8.393739700317383,,,,,,,,,,,,,,,,,,,,,,
2018-12-09,9.84577465057373,4.835205554962158,7.656342029571533,6.038512229919434,4.765028953552246,5.415406703948975,8.966625213623047,,11.35446548461914,,,8.394326210021973,,,,,,,,,,,,,,,,,,,,,,
2018-12-10,9.857625007629395,4.86411714553833,7.656246662139893,6.038571834564209,4.7942657470703125,5.424475193023682,8.970223426818848,,11.377473831176758,,,8.39521598815918,,,,,,,,,,,,,,,,,,,,,,
2018-12-11,9.85384750366211,4.87108850479126,7.656497478485107,6.0387701988220215,4.814046859741211,5.433143138885498,8.973679542541504,,11.399624824523926,,,8.39612865447998,,,,,,,,,,,,,,,,,,,,,,
2018-12-12,9.844549179077148,4.862578868865967,7.656971454620361,6.039067268371582,4.823892116546631,5.440483570098877,8.976763725280762,,11.419938087463379,,,8.396958351135254,,,,,,,,,,,,,,,,,,,,,,
2018-12-13,9.833601951599121,4.846530437469482,7.657707214355469,6.039487838745117,4.827549457550049,5.445770263671875,8.979649543762207,,11.438241004943848,,,8.397712707519531,,,,8.607385635375977,8.947380065917969,8.326796531677246,8.593311309814453,9.866752624511719,9.633331298828125,9.805337905883789,9.805337905883789,10.474719047546387,10.146751403808594,,,8.607385635375977,,,,,,8.947380065917969
2018-12-14,9.82288646697998,4.827081680297852,7.658607006072998,6.040042400360107,4.827325344085693,5.448785781860352,8.982292175292969,,11.454891204833984,,,8.398360252380371,,,,,,,,,,,,,,6.418164253234863,6.306460857391357,,,6.306460857391357,,,,
2018-12-15,9.819665908813477,4.814355373382568,7.659712314605713,6.040718078613281,4.826863765716553,5.451138973236084,8.98507022857666,,11.470827102661133,,,8.398904800415039,,,,,,,,,,,,,,,,,,,,,,
2018-12-16,9.816292762756348,4.801794528961182,7.660914897918701,6.041548728942871,4.825829029083252,5.451560974121094,8.987690925598145,,11.48583984375,,,8.399388313293457,,,,,,,,,,,,,,,,,,,,,,
2018-12-17,9.812739372253418,4.791118621826172,7.662143230438232,6.042489051818848,4.825081825256348,5.4510064125061035,8.990333557128906,,11.49991226196289,,,8.399807929992676,,,,,,,,,,,,,,,,,,,,,,
2018-12-18,9.80695915222168,4.779052734375,7.663426399230957,6.043588638305664,4.823676586151123,5.449488162994385,8.992879867553711,,11.512879371643066,,,8.400113105773926,,,,,,,,,,,,,,,,,,,,,,
2018-12-19,9.802698135375977,4.767998695373535,7.6647186279296875,6.0447869300842285,4.822364807128906,5.447396278381348,8.995560646057129,,11.524918556213379,,,8.40035629272461,,,,,,,,,,,,,,,,,,,,,,
2018-12-20,9.799060821533203,4.758108139038086,7.6659698486328125,6.046106338500977,4.821063995361328,5.444910049438477,8.997943878173828,,11.536066055297852,,,8.400501251220703,,,,,,,,,,,,,,,,,,,,,,
2018-12-21,9.810700416564941,4.764410018920898,7.667568206787109,6.047667503356934,4.8250956535339355,5.443588733673096,9.001363754272461,,11.548561096191406,,,8.400763511657715,,,,,,,,,,,,,,,,,,,,,,
2018-12-22,9.829943656921387,4.78149938583374,7.669305324554443,6.049556732177734,4.836357116699219,5.443639278411865,9.006462097167969,,11.563721656799316,,,8.401310920715332,,,,,,,,,,,,,,,,,,,,,,
2018-12-23,9.852338790893555,4.805842876434326,7.671244144439697,6.0518903732299805,4.856955051422119,5.445323944091797,9.014567375183105,,11.584553718566895,,,8.402267456054688,,,,,,,,,,,,,,,,,,,,,,
2018-12-24,9.861005783081055,4.818703651428223,7.673492431640625,6.054649829864502,4.874793529510498,5.44760799407959,9.023833274841309,,11.60529613494873,,,8.40332317352295,,,,,,,,,,,,,,,,,,,,,,
2018-12-25,9.858047485351562,4.820351600646973,7.675978660583496,6.0577712059021,4.884193420410156,5.4488701820373535,9.032846450805664,,11.623635292053223,,,8.404411315917969,,,,,,,,,,,,,,,,,,,,,,
2018-12-26,9.850774765014648,4.813807010650635,7.678656578063965,6.0611958503723145,4.887282848358154,5.4492506980896,9.041288375854492,,11.639753341674805,,,8.405458450317383,,,,,,,,,,,,,,,,,,,,,,
2018-12-27,9.842212677001953,4.802337646484375,7.679899215698242,6.064864635467529,4.8860650062561035,5.4485368728637695,9.048942565917969,,11.653719902038574,,,8.406469345092773,,,,,,,,,,,,,,,,,,,,,,
2018-12-28,9.83365249633789,4.788636207580566,7.6814141273498535,6.068724632263184,4.882228374481201,5.446967124938965,9.055699348449707,,11.665931701660156,,,8.407411575317383,,,,8.63709545135498,8.906804084777832,8.373241424560547,8.58354663848877,,,,,,,,,8.63709545135498,,,8.63709545135498,,8.646470069885254,8.906804084777832
2018-12-29,9.825778007507324,4.774804592132568,7.683052062988281,6.072729587554932,4.877233028411865,5.444761276245117,9.061517715454102,,11.676458358764648,,,8.408238410949707,,,,,,,,,,,,,,,,,,,,,,
2018-12-30,9.819948196411133,4.763794898986816,7.68469762802124,6.07684850692749,4.872618198394775,5.442279815673828,9.066474914550781,,11.685609817504883,,,8.409015655517578,,,,,,,,,,,,,,,,,,,,,,
2018-12-31,9.814448356628418,4.754250526428223,7.687788009643555,6.081042289733887,4.868215084075928,5.439689636230469,9.070594787597656,,11.693395614624023,,,8.40969181060791,,,,,,,,,,,,,,,,,,,,,,
