date,GMW000000017794_T3_GLD000000023473,GMW000000116943_T2_GLD000000146385,GMW000000017759_T2_GLD000000023642,GMW000000018050_T2_GLD000000024654,GMW000000017862_T2_GLD000000018243,GMW000000017740_T1_GLD000000023502,GMW000000018111_T2_GLD000000018608,GMW000000069628_T2_GLD000000072853,GMW000000082160_T2_GLD000000050465
2017-01-01,10.50052261352539,6.872277736663818,6.332690715789795,5.1265549659729,8.131856918334961,10.497909545898438,8.186861991882324,12.155118942260742,
2017-01-02,10.501391410827637,6.878355503082275,6.337087631225586,5.128634452819824,8.13549518585205,10.504772186279297,8.18981647491455,12.161824226379395,
2017-01-03,10.502306938171387,6.885440826416016,6.3423848152160645,5.130967617034912,8.139732360839844,10.50733757019043,8.19188404083252,12.15909481048584,
2017-01-04,10.503363609313965,6.893177509307861,6.348154067993164,5.1334309577941895,8.144511222839355,10.5122652053833,8.194504737854004,12.164615631103516,
2017-01-05,10.504446029663086,6.901283264160156,6.353972911834717,5.135807514190674,8.149443626403809,10.514204025268555,8.196242332458496,12.161333084106445,
2017-01-06,10.505476951599121,6.909646511077881,6.3595805168151855,5.138004779815674,8.154396057128906,10.514923095703125,8.197463035583496,12.15807819366455,
2017-01-07,10.506603240966797,6.918197154998779,6.3651018142700195,5.140326499938965,8.159558296203613,10.517997741699219,8.198975563049316,12.164022445678711,
2017-01-08,10.507741928100586,6.926765441894531,6.370445251464844,5.142665863037109,8.164705276489258,10.518793106079102,8.1998929977417,12.161540985107422,
2017-01-09,10.509198188781738,6.935416221618652,6.375833511352539,5.145251274108887,8.170287132263184,10.527320861816406,8.20222282409668,12.175222396850586,
2017-01-10,10.510857582092285,6.944075107574463,6.381289482116699,5.148013114929199,8.17591381072998,10.532427787780762,8.20414924621582,12.17416000366211,
2017-01-11,10.512557029724121,6.9527106285095215,6.386650085449219,5.150756359100342,8.181468963623047,10.535850524902344,8.20594310760498,12.174103736877441,
2017-01-12,10.516590118408203,6.961757659912109,6.395914554595947,5.159803867340088,8.191481590270996,10.6050443649292,8.214855194091797,12.243816375732422,
2017-01-13,10.522659301757812,6.971863269805908,6.40971565246582,5.17322301864624,8.20303726196289,10.659836769104004,8.225516319274902,12.265594482421875,
2017-01-14,10.529091835021973,6.983197212219238,6.425490856170654,5.186163902282715,8.214258193969727,10.692846298217773,8.235594749450684,12.264965057373047,
2017-01-15,10.535125732421875,6.995527744293213,6.44072961807251,5.196714401245117,8.22495174407959,10.702179908752441,8.243227005004883,12.257318496704102,
2017-01-16,10.540946006774902,7.008502960205078,6.454202651977539,5.204957485198975,8.235309600830078,10.70706558227539,8.249407768249512,12.251124382019043,6.7777252197265625
2017-01-17,10.546749114990234,7.021827220916748,6.465808868408203,5.211575508117676,8.245518684387207,10.705143928527832,8.253792762756348,12.24596881866455,
2017-01-18,10.552630424499512,7.035229682922363,6.475833892822266,,8.255614280700684,10.703651428222656,8.257830619812012,12.243170738220215,
2017-01-19,10.558542251586914,7.0485076904296875,6.4845871925354,5.222158908843994,8.265493392944336,10.697338104248047,8.260978698730469,12.240617752075195,
2017-01-20,10.564432144165039,7.061524868011475,6.49230432510376,5.226651668548584,8.275060653686523,10.692777633666992,8.264055252075195,12.237833976745605,
2017-01-21,10.570239067077637,7.0741777420043945,6.499154567718506,5.230766773223877,8.284255027770996,10.686274528503418,8.266494750976562,12.234919548034668,
2017-01-22,10.575905799865723,7.086399555206299,6.505216121673584,5.2345356941223145,8.29304313659668,10.68030834197998,8.268617630004883,12.231810569763184,
2017-01-23,10.581400871276855,7.0981669425964355,6.510704040527344,5.238036632537842,8.301433563232422,10.675344467163086,8.270483016967773,12.230663299560547,
2017-01-24,10.586679458618164,7.109461784362793,6.515692234039307,5.24129056930542,8.309417724609375,10.670282363891602,8.272110939025879,12.2288179397583,
2017-01-25,10.59170913696289,7.1202569007873535,6.520247936248779,5.244304656982422,8.316978454589844,10.66505241394043,8.273483276367188,12.22715950012207,
2017-01-26,10.59643268585205,7.130556106567383,6.5244269371032715,5.247073173522949,8.324080467224121,10.65975570678711,8.274537086486816,12.223714828491211,
2017-01-27,10.600830078125,7.140380382537842,6.5281829833984375,5.2495903968811035,8.330737113952637,10.654300689697266,8.275362014770508,12.220779418945312,
2017-01-28,10.604901313781738,7.149746894836426,6.531581878662109,5.2518839836120605,8.336963653564453,10.64863395690918,8.275870323181152,12.217461585998535,
2017-01-29,10.608976364135742,7.158767223358154,6.535117149353027,5.2545390129089355,8.343295097351074,10.655274391174316,8.277896881103516,12.234386444091797,
2017-01-30,10.613126754760742,7.167468547821045,6.538902759552002,5.257584095001221,8.349495887756348,10.662443161010742,8.280020713806152,12.244563102722168,
2017-01-31,10.617085456848145,7.176630020141602,6.542745590209961,5.260653495788574,8.355314254760742,10.660148620605469,8.281791687011719,12.242471694946289,6.8383073806762695
2017-02-01,10.62078857421875,7.18656063079834,6.546545028686523,5.2636823654174805,8.360937118530273,10.661539077758789,8.281145095825195,12.243813514709473,
2017-02-02,10.624170303344727,7.1970438957214355,6.550149440765381,5.266469955444336,8.366315841674805,10.658278465270996,8.280027389526367,12.2411527633667,
2017-02-03,10.627273559570312,7.207794666290283,6.553436279296875,5.26896333694458,8.371511459350586,10.657282829284668,8.278940200805664,12.239846229553223,
2017-02-04,10.630459785461426,7.2186150550842285,6.556894302368164,5.27178430557251,8.377080917358398,10.665532112121582,8.279544830322266,12.249736785888672,
2017-02-05,10.633574485778809,7.229302406311035,6.560410499572754,5.274646282196045,8.3825101852417,10.661819458007812,8.279675483703613,12.247779846191406,
2017-02-06,10.636443138122559,7.239656448364258,6.563799858093262,5.277279376983643,8.387686729431152,10.660737991333008,8.279520988464355,12.245015144348145,
2017-02-07,10.639174461364746,7.249700546264648,6.566992282867432,5.279841899871826,8.392760276794434,10.658936500549316,8.279351234436035,12.247360229492188,
2017-02-08,10.641928672790527,7.2592973709106445,6.5701398849487305,5.282260894775391,8.397722244262695,10.660260200500488,8.279589653015137,12.256914138793945,
2017-02-09,10.644561767578125,7.2684783935546875,6.573033332824707,5.284426689147949,8.40243911743164,10.656652450561523,8.279479026794434,12.254399299621582,
2017-02-10,10.647031784057617,7.277216911315918,6.575677871704102,5.286378383636475,8.406943321228027,10.655059814453125,8.279340744018555,12.253090858459473,
2017-02-11,10.649492263793945,7.285579204559326,6.578299045562744,5.288349628448486,8.411438941955566,10.656949043273926,8.279780387878418,12.257735252380371,
2017-02-12,10.651782989501953,7.293505668640137,6.580770015716553,5.290169715881348,8.415667533874512,10.652844429016113,8.279808044433594,12.253898620605469,
2017-02-13,10.65380859375,7.301013469696045,6.582962989807129,5.29170036315918,8.419529914855957,10.649419784545898,8.279497146606445,12.2476806640625,
2017-02-14,10.655561447143555,7.308117389678955,6.584710597991943,5.292893409729004,8.423038482666016,10.643688201904297,8.278663635253906,12.241500854492188,6.888650417327881
2017-02-15,10.657072067260742,7.314889430999756,6.5860676765441895,5.2938008308410645,8.426250457763672,10.638128280639648,8.277791023254395,12.235783576965332,
2017-02-16,10.658380508422852,7.321362495422363,6.5871171951293945,5.294498443603516,8.429213523864746,10.63286018371582,8.276605606079102,12.23154067993164,
2017-02-17,10.659567832946777,7.327596664428711,6.588019371032715,5.295153617858887,8.432053565979004,10.629157066345215,8.275806427001953,12.236601829528809,
2017-02-18,10.660540580749512,7.3335418701171875,6.588778972625732,5.295696258544922,8.434659004211426,10.623926162719727,8.274519920349121,12.23086166381836,
2017-02-19,10.661316871643066,7.339174270629883,6.589390277862549,5.296104907989502,8.437042236328125,10.619128227233887,8.273365020751953,12.228367805480957,
2017-02-20,10.662050247192383,7.344564437866211,6.590048313140869,5.296549320220947,8.439497947692871,10.618648529052734,8.272743225097656,12.238129615783691,
2017-02-21,10.662623405456543,7.349669933319092,6.590664386749268,5.296920299530029,8.441728591918945,10.614412307739258,8.271828651428223,12.232414245605469,
2017-02-22,10.665220260620117,7.354677200317383,6.5953240394592285,5.30303430557251,8.447602272033691,10.683429718017578,8.278894424438477,12.30504035949707,
2017-02-23,10.66905689239502,7.359790802001953,6.603283405303955,5.311734199523926,8.45356559753418,10.718408584594727,8.286367416381836,12.32138442993164,
2017-02-24,10.67263412475586,7.365025997161865,6.611688613891602,5.319072246551514,8.458354949951172,10.7271146774292,8.292129516601562,12.314240455627441,
2017-02-25,10.67579174041748,7.370330333709717,6.619121074676514,5.324665546417236,8.46262264251709,10.731059074401855,8.295616149902344,12.305201530456543,
2017-02-26,10.678797721862793,7.375651836395264,6.625349521636963,5.3289875984191895,8.46675968170166,10.730853080749512,8.298197746276855,12.300691604614258,
2017-02-27,10.683093070983887,7.38118314743042,6.632659435272217,5.335249900817871,8.472827911376953,10.765002250671387,8.304313659667969,12.339057922363281,
2017-02-28,10.688737869262695,7.38694953918457,6.642315864562988,5.3441162109375,8.480449676513672,10.792349815368652,8.311117172241211,12.357492446899414,
2017-03-01,10.695359230041504,7.393025875091553,6.653645992279053,5.3540449142456055,8.489092826843262,10.817770957946777,8.317865371704102,12.368616104125977,
2017-03-02,10.701872825622559,7.399311542510986,6.6641035079956055,5.362065315246582,8.497118949890137,10.819347381591797,8.322625160217285,12.365137100219727,
2017-03-03,10.708184242248535,7.405660629272461,6.6728386878967285,5.368192195892334,8.504694938659668,10.814340591430664,8.326517105102539,12.35974407196045,
2017-03-04,10.714971542358398,7.412164688110352,6.680653095245361,5.373879432678223,8.512737274169922,10.826525688171387,8.33115005493164,12.36695384979248,
2017-03-05,10.722187042236328,7.41880464553833,6.688074111938477,5.379485130310059,8.521060943603516,10.834688186645508,8.33614444732666,12.372547149658203,
2017-03-06,10.729423522949219,7.4255900382995605,6.695359230041504,5.385692596435547,8.529261589050293,10.840391159057617,8.340680122375488,12.376724243164062,6.990325450897217
2017-03-07,10.736274719238281,7.432389736175537,6.701661109924316,5.390741348266602,8.536839485168457,10.828728675842285,8.344049453735352,12.368176460266113,
2017-03-08,10.744211196899414,7.439579486846924,6.710934162139893,5.399859428405762,8.546468734741211,10.866900444030762,8.350793838500977,12.39227294921875,
2017-03-09,10.752056121826172,7.447144508361816,6.720406532287598,5.407751083374023,8.555521965026855,10.85689926147461,8.3557767868042,12.386566162109375,
2017-03-10,10.759221076965332,7.454805374145508,6.7281341552734375,5.413315773010254,8.563575744628906,10.847668647766113,8.359183311462402,12.374357223510742,
2017-03-11,10.765836715698242,7.462385177612305,6.733870506286621,5.417182445526123,8.570850372314453,10.831063270568848,8.361873626708984,12.36448860168457,
2017-03-12,10.771917343139648,7.469751358032227,6.737833023071289,5.419929027557373,8.577306747436523,10.817493438720703,8.363137245178223,12.351768493652344,
2017-03-13,10.777510643005371,7.476813793182373,6.740466594696045,5.422023773193359,8.583090782165527,10.803475379943848,8.364276885986328,12.342591285705566,
2017-03-14,10.782601356506348,7.48354959487915,6.742130756378174,5.423670768737793,8.588262557983398,10.79309368133545,8.364439964294434,12.333008766174316,7.0098557472229
2017-03-15,10.78713607788086,7.48994779586792,6.743042469024658,5.424978256225586,8.592827796936035,10.780670166015625,8.364620208740234,12.32207202911377,
2017-03-16,10.791080474853516,7.49601411819458,6.743375301361084,5.425983905792236,8.596809387207031,10.771383285522461,8.364234924316406,12.31050968170166,
2017-03-17,10.794995307922363,7.501874923706055,6.744157791137695,5.42773962020874,8.601161003112793,10.780823707580566,8.366549491882324,12.335165023803711,
2017-03-18,10.79921817779541,7.5076446533203125,6.746516704559326,5.431168079376221,8.606240272521973,10.800989151000977,8.369892120361328,12.354792594909668,
2017-03-19,10.803144454956055,7.513358116149902,6.749475479125977,5.434607028961182,8.61085319519043,10.796662330627441,8.372035026550293,12.351950645446777,
2017-03-20,10.80708122253418,7.519075393676758,6.753089904785156,5.438465595245361,8.615766525268555,10.812135696411133,8.37536907196045,12.364097595214844,
2017-03-21,10.810504913330078,7.524735927581787,6.756311416625977,5.441470146179199,8.620044708251953,10.800212860107422,8.376705169677734,12.354097366333008,
2017-03-22,10.813321113586426,7.530243396759033,6.758565425872803,5.443512916564941,8.62360668182373,10.790722846984863,8.377249717712402,12.343428611755371,
2017-03-23,10.815600395202637,7.535520076751709,6.759758472442627,5.444714546203613,8.626503944396973,10.779192924499512,8.376607894897461,12.329636573791504,
2017-03-24,10.817429542541504,7.540551662445068,6.760019302368164,5.445334434509277,8.628905296325684,10.767963409423828,8.375911712646484,12.317398071289062,
2017-03-25,10.818835258483887,7.545277118682861,6.75957727432251,5.445486068725586,8.63086223602295,10.757546424865723,8.374703407287598,12.304071426391602,
2017-03-26,10.819842338562012,7.549700736999512,6.758622169494629,5.445281028747559,8.632437705993652,10.747815132141113,8.373249053955078,12.292163848876953,
2017-03-27,10.820425033569336,7.553792953491211,6.757240295410156,5.444751739501953,8.633614540100098,10.737629890441895,8.371342658996582,12.278419494628906,
2017-03-28,10.820597648620605,7.557560920715332,6.755640029907227,5.444056034088135,8.634645462036133,10.728022575378418,8.369281768798828,12.26926326751709,
2017-03-29,10.82041072845459,7.561030387878418,6.753909587860107,5.443210124969482,8.635431289672852,10.719176292419434,8.367088317871094,12.261383056640625,7.030222415924072
2017-03-30,10.81983757019043,7.5641984939575195,6.752020359039307,5.442161560058594,8.635856628417969,10.710104942321777,8.364615440368652,12.248903274536133,
2017-03-31,10.818907737731934,7.566370487213135,6.749995231628418,5.440950870513916,8.635991096496582,10.701361656188965,8.362024307250977,12.240456581115723,
2017-04-01,10.8189115524292,7.567348957061768,6.748171806335449,5.440343856811523,8.636181831359863,10.705567359924316,8.349634170532227,12.247649192810059,
2017-04-02,10.818601608276367,7.567280292510986,6.746340274810791,5.439739227294922,8.635855674743652,10.697110176086426,8.336080551147461,12.237227439880371,
2017-04-03,10.817675590515137,7.566396713256836,6.744333267211914,5.438864707946777,8.634984970092773,10.692234992980957,8.324710845947266,12.228911399841309,
2017-04-04,10.816164016723633,7.564964771270752,6.742031574249268,5.437609672546387,8.633561134338379,10.684748649597168,8.314570426940918,12.217996597290039,
2017-04-05,10.81418228149414,7.563177108764648,6.7394514083862305,5.436028480529785,8.631733894348145,10.677397727966309,8.306002616882324,12.208513259887695,
2017-04-06,10.811832427978516,7.561152935028076,6.7366437911987305,5.434188365936279,8.629600524902344,10.670066833496094,8.298135757446289,12.20034122467041,
2017-04-07,10.809159278869629,7.558965682983398,6.733647346496582,5.43212890625,8.627126693725586,10.662646293640137,8.291126251220703,12.191688537597656,
2017-04-08,10.806177139282227,7.556650161743164,6.730467319488525,5.429850101470947,8.62435531616211,10.654973983764648,8.2843599319458,12.18177604675293,
2017-04-09,10.802870750427246,7.554254055023193,6.72703742980957,5.4273247718811035,8.621294021606445,10.647143363952637,8.277938842773438,12.169615745544434,
2017-04-10,10.799336433410645,7.551766395568848,6.723453998565674,5.4245710372924805,8.618056297302246,10.639327049255371,8.271836280822754,12.159098625183105,
2017-04-11,10.795589447021484,7.549200534820557,6.719747066497803,5.421670436859131,8.614636421203613,10.63182544708252,8.265934944152832,12.148552894592285,
2017-04-12,10.791706085205078,7.546618938446045,6.71596622467041,5.418694496154785,8.61113452911377,10.622283935546875,8.26038646697998,12.141275405883789,
2017-04-13,10.787659645080566,7.543913841247559,6.712138652801514,5.415628910064697,8.607501029968262,10.61626148223877,8.254868507385254,12.132827758789062,
2017-04-14,10.783498764038086,7.541078090667725,6.708212375640869,5.412441730499268,8.60372257232666,10.610873222351074,8.249664306640625,12.125905990600586,
2017-04-15,10.779268264770508,7.5381083488464355,6.704268455505371,5.409180164337158,8.599796295166016,10.605252265930176,8.244830131530762,12.120620727539062,
2017-04-16,10.775045394897461,7.534976005554199,6.700381755828857,5.405919075012207,8.596101760864258,10.60129165649414,8.240753173828125,12.118947982788086,
2017-04-17,10.770967483520508,7.531708717346191,6.696567058563232,5.402721405029297,8.592584609985352,10.599942207336426,8.237195014953613,12.12474250793457,
2017-04-18,10.766904830932617,7.528350353240967,6.692807674407959,5.399514198303223,8.589149475097656,10.598139762878418,8.233824729919434,12.125897407531738,6.937275409698486
2017-04-19,10.762714385986328,7.524938583374023,6.688956260681152,5.396188259124756,8.585556030273438,10.594213485717773,8.230110168457031,12.121245384216309,
2017-04-20,10.758371353149414,7.521433353424072,6.684969902038574,5.39265775680542,8.581721305847168,10.589388847351074,8.226040840148926,12.112798690795898,
2017-04-21,10.75399398803711,7.51785945892334,6.680854797363281,5.388967514038086,8.577615737915039,10.584349632263184,8.222040176391602,12.105637550354004,
2017-04-22,10.749602317810059,7.514213562011719,6.676659107208252,5.385177135467529,8.573406219482422,10.579885482788086,8.217915534973145,12.09911823272705,
2017-04-23,10.745171546936035,7.510529518127441,6.6723246574401855,5.38129186630249,8.569173812866211,10.574373245239258,8.213728904724121,12.091676712036133,
2017-04-24,10.740755081176758,7.506771564483643,6.667964935302734,5.377377986907959,8.564866065979004,10.570143699645996,8.209734916687012,12.086023330688477,
2017-04-25,10.736324310302734,7.50296688079834,6.663588523864746,5.373434543609619,8.560511589050293,10.564943313598633,8.205824851989746,12.079952239990234,
2017-04-26,10.731873512268066,7.499147891998291,6.659178256988525,5.369433879852295,8.556257247924805,10.559868812561035,8.201794624328613,12.073280334472656,
2017-04-27,10.727378845214844,7.4952850341796875,6.6546950340271,5.365384578704834,8.551859855651855,10.551488876342773,8.197755813598633,12.06607723236084,
2017-04-28,10.72293758392334,7.491420269012451,6.650158882141113,5.361306190490723,8.547541618347168,10.547842025756836,8.193948745727539,12.061549186706543,
2017-04-29,10.718470573425293,7.48748779296875,6.645644187927246,5.357136249542236,8.543292045593262,10.543587684631348,8.189948081970215,12.055594444274902,
2017-04-30,10.713879585266113,7.484066963195801,6.641031742095947,5.352825164794922,8.538599967956543,10.538833618164062,8.185632705688477,12.04719066619873,
2017-05-01,10.264092445373535,7.4121527671813965,6.626293182373047,5.347200870513916,8.464064598083496,10.509825706481934,8.1531400680542,12.03767204284668,6.870462894439697
2017-05-02,9.939910888671875,7.352309703826904,6.607120037078857,5.340680122375488,8.366446495056152,10.486446380615234,8.112873077392578,12.031970977783203,
2017-05-03,9.783493995666504,7.315857410430908,6.589840412139893,5.333728790283203,8.28646183013916,10.473432540893555,8.075169563293457,12.030881881713867,
2017-05-04,9.998468399047852,7.339091777801514,6.58262300491333,5.327236652374268,8.27617359161377,10.479628562927246,8.058725357055664,12.028181076049805,
2017-05-05,10.130611419677734,7.356156826019287,6.580053806304932,5.320917129516602,8.292110443115234,10.485055923461914,8.050265312194824,12.023148536682129,
2017-05-06,10.21103286743164,7.368152618408203,6.577925682067871,5.314659595489502,8.3103666305542,10.487184524536133,8.045568466186523,12.012882232666016,
2017-05-07,10.264618873596191,7.376571178436279,6.574938774108887,5.308496475219727,8.325368881225586,10.487818717956543,8.043294906616211,12.002903938293457,
2017-05-08,10.292576789855957,7.382162094116211,6.571108341217041,5.30247163772583,8.336996078491211,10.484033584594727,8.041964530944824,11.993602752685547,
2017-05-09,10.315515518188477,7.385547161102295,6.566662788391113,5.296548366546631,8.345623016357422,10.483209609985352,8.040929794311523,11.983585357666016,
2017-05-10,10.328054428100586,7.3759613037109375,6.5618109703063965,5.290808200836182,8.3504056930542,10.479825973510742,8.034138679504395,11.973154067993164,
2017-05-11,10.070347785949707,7.329586982727051,6.549264907836914,5.284646511077881,8.310819625854492,10.464203834533691,8.029749870300293,11.963647842407227,
2017-05-12,9.865458488464355,7.288750171661377,6.533408164978027,5.278362274169922,8.248567581176758,10.463446617126465,8.022420883178711,11.957524299621582,
2017-05-13,9.780943870544434,7.264514923095703,6.519291400909424,5.272076606750488,8.195920944213867,10.465876579284668,8.012028694152832,11.952390670776367,
2017-05-14,9.939196586608887,7.2827911376953125,6.5129289627075195,5.266040802001953,8.188536643981934,10.47126293182373,8.00395393371582,11.945293426513672,
2017-05-15,10.034699440002441,7.297904014587402,6.510176658630371,5.260133266448975,8.2055082321167,10.473895072937012,7.999686241149902,11.936585426330566,6.7383270263671875
2017-05-16,10.034015655517578,7.30910062789917,6.507792949676514,5.254247188568115,8.220934867858887,10.47459602355957,7.997686862945557,11.927221298217773,
2017-05-17,10.032591819763184,7.304271697998047,6.504599571228027,5.248415946960449,8.220856666564941,10.473469734191895,7.9965434074401855,11.917547225952148,
2017-05-18,10.018204689025879,7.304094314575195,6.5002641677856445,5.242715358734131,8.20468521118164,10.470438957214355,7.991194725036621,11.908679008483887,
2017-05-19,10.058426856994629,7.302565097808838,6.495238780975342,5.237185955047607,8.190442085266113,10.470829963684082,7.993093967437744,11.901050567626953,
2017-05-20,10.100539207458496,7.302844524383545,6.489960193634033,5.231823921203613,8.189990997314453,10.470218658447266,7.994836330413818,11.893999099731445,
2017-05-21,10.158329010009766,7.305675506591797,6.484786033630371,5.226546287536621,8.202670097351074,10.467894554138184,7.995431900024414,11.886500358581543,
2017-05-22,10.172476768493652,7.29670524597168,6.479485511779785,5.221191883087158,8.216207504272461,10.46397590637207,7.995283126831055,11.87885570526123,
2017-05-23,10.177715301513672,7.039311408996582,6.4733757972717285,5.215735912322998,8.221517562866211,10.451849937438965,7.990407943725586,11.871077537536621,
2017-05-24,10.0808687210083,6.760339736938477,6.465501308441162,5.210310459136963,8.209505081176758,10.431634902954102,7.971955299377441,11.863127708435059,
2017-05-25,9.863855361938477,6.627781391143799,6.455497741699219,5.2049078941345215,8.155016899108887,10.405962944030762,7.952280044555664,11.85454273223877,
2017-05-26,9.54263687133789,6.750445365905762,6.442196846008301,5.198782920837402,8.078956604003906,10.384825706481934,7.919917583465576,11.844910621643066,
2017-05-27,9.418249130249023,6.867417812347412,6.420313835144043,5.1917314529418945,8.014155387878418,10.36424446105957,7.894190311431885,11.834186553955078,
2017-05-28,9.382110595703125,6.909205436706543,6.400490760803223,5.18380069732666,7.97568416595459,10.333441734313965,7.857109546661377,11.823197364807129,
2017-05-29,9.545113563537598,6.934009552001953,6.387682914733887,5.17561674118042,7.961182594299316,10.3280611038208,7.833371639251709,11.812116622924805,6.588805198669434
2017-05-30,9.661348342895508,6.963358402252197,6.38222074508667,5.16749382019043,7.967822074890137,10.329066276550293,7.810826301574707,11.801308631896973,
2017-05-31,9.713231086730957,7.001035213470459,6.378985404968262,5.159345626831055,7.991610050201416,10.336655616760254,7.790999889373779,11.790796279907227,
2017-06-01,9.679954528808594,7.015320777893066,6.375057697296143,5.151125431060791,8.015959739685059,10.330663681030273,7.786399841308594,11.78049373626709,
2017-06-02,9.664767265319824,6.7760772705078125,6.369192123413086,5.142974853515625,8.029090881347656,10.318885803222656,7.749980449676514,11.770395278930664,
2017-06-03,9.58325481414795,6.505550861358643,6.360527515411377,5.135029315948486,8.019984245300293,10.299736022949219,7.648264408111572,11.760377883911133,
2017-06-04,9.381221771240234,6.378965377807617,6.348544120788574,5.1270904541015625,7.966552257537842,10.275848388671875,7.631039142608643,11.750099182128906,
2017-06-05,9.100768089294434,6.508537292480469,6.3314127922058105,5.118491172790527,7.891387939453125,10.256187438964844,7.613312721252441,11.739352226257324,
2017-06-06,8.997523307800293,6.635391712188721,6.304245948791504,5.10921049118042,7.82618522644043,10.238946914672852,7.618429183959961,11.728473663330078,
2017-06-07,9.022601127624512,6.684983253479004,6.281931400299072,5.099502086639404,7.794166088104248,10.219342231750488,7.611688137054443,11.717714309692383,
2017-06-08,9.218544960021973,6.7166547775268555,6.2697434425354,5.0899176597595215,7.791443347930908,10.216897964477539,7.605867385864258,11.707356452941895,
2017-06-09,9.345349311828613,6.633974075317383,6.265273094177246,5.081096649169922,7.8091301918029785,10.222037315368652,7.594293117523193,11.698273658752441,
2017-06-10,9.440040588378906,6.74713659286499,6.262843132019043,5.072842121124268,7.837281703948975,10.234884262084961,7.602636337280273,11.69051456451416,
2017-06-11,9.464387893676758,6.8016767501831055,6.259846210479736,5.064960956573486,7.864124298095703,10.24280834197998,7.60536527633667,11.683941841125488,
2017-06-12,9.509739875793457,6.838581085205078,6.255914211273193,5.057324409484863,7.882994174957275,10.23973560333252,7.602228164672852,11.67840576171875,
2017-06-13,9.553080558776855,6.855981826782227,6.251349449157715,5.049996852874756,7.900338649749756,10.23487377166748,7.603137493133545,11.673648834228516,
2017-06-14,9.55630111694336,6.795782089233398,6.2458600997924805,5.042984962463379,7.915482521057129,10.227608680725098,7.603533744812012,11.669181823730469,6.3970866203308105
2017-06-15,9.45827579498291,6.4345269203186035,6.240078926086426,5.036078453063965,7.923320770263672,10.220470428466797,7.598925590515137,11.66460132598877,
2017-06-16,9.324141502380371,6.242568016052246,6.227901458740234,5.028855800628662,7.919205665588379,10.210046768188477,7.545012474060059,11.659651756286621,
2017-06-17,9.145517349243164,6.279159069061279,6.217867374420166,5.021371364593506,7.89776086807251,10.186079978942871,7.55726432800293,11.654001235961914,
2017-06-18,9.093562126159668,6.364956378936768,6.207282543182373,5.013644218444824,7.863246917724609,10.171128273010254,7.548494815826416,11.647420883178711,
2017-06-19,9.05705738067627,6.421359062194824,6.193667411804199,5.005627632141113,7.817963600158691,10.14065933227539,7.514748573303223,11.640117645263672,
2017-06-20,9.076980590820312,6.518154144287109,6.177481651306152,4.997200965881348,7.762019634246826,10.122054100036621,7.520971298217773,11.632367134094238,
2017-06-21,9.07516098022461,6.557479381561279,6.163956642150879,4.988541126251221,7.711681842803955,10.11845588684082,7.494845390319824,11.624398231506348,
2017-06-22,9.144104957580566,6.56786584854126,6.1549530029296875,4.979712009429932,7.682286262512207,10.117401123046875,7.446887493133545,11.616368293762207,
2017-06-23,9.164852142333984,6.577312469482422,6.148980140686035,4.970746040344238,7.684414863586426,10.118212699890137,7.397946834564209,11.608458518981934,
2017-06-24,9.10792064666748,6.521205425262451,6.138392925262451,4.961659908294678,7.700394630432129,10.1095609664917,7.388733863830566,11.600674629211426,
2017-06-25,9.01333999633789,6.180961608886719,6.1247735023498535,4.9526591300964355,7.7114739418029785,10.098732948303223,7.398575305938721,11.593160629272461,
2017-06-26,8.91369342803955,6.0062971115112305,6.106302738189697,4.943765163421631,7.71225643157959,10.090485572814941,7.375611782073975,11.5858736038208,
2017-06-27,8.800300598144531,6.058926582336426,6.093193054199219,4.934982776641846,7.697725772857666,10.078548431396484,7.400611877441406,11.578520774841309,
2017-06-28,8.789485931396484,6.15924072265625,6.082059860229492,4.9261250495910645,7.672179698944092,10.074021339416504,7.406024932861328,11.571131706237793,6.240080833435059
2017-06-29,8.84557819366455,6.247212886810303,6.071775436401367,4.917177200317383,7.644436359405518,10.069510459899902,7.3873066902160645,11.563860893249512,
2017-06-30,8.814702987670898,6.346010208129883,6.048858165740967,4.908134460449219,7.589453220367432,9.980708122253418,7.396234035491943,11.556747436523438,
2017-07-01,8.726603507995605,6.38780403137207,6.0258283615112305,4.899703025817871,7.539560794830322,9.945712089538574,7.3874430656433105,11.55175495147705,
2017-07-02,8.871461868286133,6.437276840209961,6.022866725921631,4.891829013824463,7.541417121887207,10.017241477966309,7.395153999328613,11.548423767089844,
2017-07-03,8.98967456817627,6.478909015655518,6.026740550994873,4.884296894073486,7.56842041015625,10.048139572143555,7.409238815307617,11.546083450317383,
2017-07-04,9.123830795288086,6.509393692016602,6.029238224029541,,7.598744869232178,10.06387996673584,,11.544363021850586,
2017-07-05,9.189162254333496,6.50525426864624,6.029675006866455,,7.624783515930176,10.071322441101074,,11.54299545288086,
2017-07-06,9.260159492492676,6.498713970184326,6.023538589477539,,7.648974418640137,10.07608699798584,,11.541862487792969,
2017-07-07,9.188201904296875,6.519745349884033,6.005076885223389,,7.639191627502441,10.05187702178955,,11.5407133102417,
2017-07-08,9.229592323303223,6.3701348304748535,5.986088275909424,,7.6155900955200195,10.023942947387695,,11.539265632629395,
2017-07-09,9.25611400604248,6.336653232574463,5.9818339347839355,,7.605855941772461,,,11.53734302520752,
2017-07-10,9.230608940124512,6.389317989349365,5.979933738708496,,,,,11.534894943237305,
2017-07-11,9.153778076171875,6.4192352294921875,5.977117538452148,,,,,11.531935691833496,
2017-07-12,9.191131591796875,6.430713176727295,,,7.583982944488525,,,11.529340744018555,
2017-07-13,9.263224601745605,6.44642448425293,,,7.604897499084473,,,11.527291297912598,
2017-07-14,9.303903579711914,6.461728572845459,5.984532833099365,4.8393425941467285,,,,11.5263090133667,6.1635332107543945
2017-07-15,9.32802963256836,6.475557804107666,5.987401008605957,4.839475631713867,,,,11.526213645935059,
2017-07-16,9.393698692321777,6.487717151641846,5.989409446716309,4.83894157409668,,,,11.526774406433105,
2017-07-17,9.364405632019043,6.498195171356201,5.990721225738525,4.838018417358398,,,,11.527751922607422,
2017-07-18,9.462757110595703,6.50712776184082,5.989320278167725,4.836729049682617,,,,11.528844833374023,
2017-07-19,9.522931098937988,6.514652729034424,5.985202789306641,4.835237979888916,,,,11.530014038085938,
2017-07-20,9.580196380615234,6.521055221557617,5.984954357147217,4.834115028381348,,,,11.531292915344238,
2017-07-21,9.566914558410645,6.526522636413574,5.986562728881836,4.8331451416015625,,,,11.532513618469238,
2017-07-22,9.575685501098633,6.53123140335083,5.988592147827148,4.833005428314209,,,,11.533793449401855,
2017-07-23,9.62388801574707,6.535325050354004,5.991070747375488,4.835139751434326,7.771633625030518,,,11.536726951599121,
2017-07-24,9.677117347717285,6.538976192474365,5.99392557144165,4.838223934173584,7.784585475921631,,,11.541539192199707,
2017-07-25,9.722826957702637,6.54229211807251,5.996805667877197,4.841021537780762,7.795840740203857,,,11.547664642333984,
2017-07-26,9.762625694274902,6.545260429382324,5.9994683265686035,4.843195915222168,7.80548620223999,,,11.55369758605957,
2017-07-27,9.798195838928223,6.547942161560059,6.001814842224121,4.844790935516357,,,,11.558890342712402,
2017-07-28,9.83060073852539,6.550344467163086,6.003937721252441,4.846140384674072,,,,11.563461303710938,6.248203754425049
2017-07-29,9.86034107208252,6.552525520324707,6.005892276763916,4.847351551055908,7.8285322189331055,,,11.567426681518555,
2017-07-30,9.85820484161377,6.554533958435059,6.007676124572754,4.848473072052002,7.834825038909912,,,11.570640563964844,
2017-07-31,9.893832206726074,6.558399200439453,6.009311199188232,4.84950590133667,7.839428424835205,,,11.573151588439941,
2017-08-01,9.856518745422363,6.565008640289307,6.010839939117432,4.8504958152771,7.844760894775391,,,11.574615478515625,
2017-08-02,9.859512329101562,6.5740647315979,6.012377738952637,4.851621150970459,7.849669456481934,,,11.575450897216797,
2017-08-03,9.902887344360352,6.5846662521362305,6.013984680175781,4.852890968322754,7.855567932128906,,,11.576011657714844,
2017-08-04,9.937604904174805,6.595982074737549,6.015685081481934,4.854190826416016,7.861677646636963,,,11.576345443725586,
2017-08-05,9.865341186523438,6.549499034881592,6.0162353515625,4.855658054351807,7.860749244689941,,,11.576567649841309,
2017-08-06,9.932995796203613,6.596330165863037,6.017579078674316,4.857158184051514,7.864010334014893,,,11.57656478881836,
2017-08-07,9.963578224182129,6.596010684967041,6.017970085144043,4.858559608459473,7.862639904022217,,,11.576180458068848,
2017-08-08,9.93294620513916,6.36777400970459,6.012915134429932,4.8599629402160645,7.851694107055664,,,11.575488090515137,
2017-08-09,9.921279907226562,6.502973556518555,6.008751392364502,4.861340522766113,7.843542575836182,,,11.574532508850098,
2017-08-10,9.949010848999023,6.562277793884277,6.011636257171631,4.862740516662598,,,,11.573441505432129,
2017-08-11,9.894980430603027,6.594237327575684,6.016720771789551,4.864058494567871,7.857263088226318,,,11.572229385375977,
2017-08-12,9.869444847106934,6.615085601806641,6.01965856552124,4.8653035163879395,7.859669208526611,,,11.570962905883789,
2017-08-13,9.908958435058594,6.626489639282227,6.023027420043945,4.866403579711914,7.856966495513916,,,11.569591522216797,
2017-08-14,9.875523567199707,6.627659797668457,6.019095420837402,4.867280006408691,,,,11.568001747131348,
2017-08-15,9.742657661437988,6.553928852081299,6.008721351623535,4.867913246154785,,,,11.566274642944336,6.282772541046143
2017-08-16,9.826726913452148,6.608000755310059,6.0068440437316895,4.868510723114014,,,,11.564398765563965,
2017-08-17,9.878332138061523,6.612459659576416,6.010072708129883,4.86931037902832,,,,11.562499046325684,
2017-08-18,9.871918678283691,6.425764560699463,6.016001224517822,4.870771408081055,7.855195999145508,,,11.560708999633789,
2017-08-19,9.876498222351074,6.569828987121582,6.021884441375732,4.872894763946533,7.863864898681641,,,11.559118270874023,
2017-08-20,9.907361030578613,6.621869087219238,6.026762008666992,4.875168800354004,7.871762752532959,,,11.557717323303223,
2017-08-21,9.856562614440918,6.647317409515381,6.030585765838623,4.877277374267578,7.877470970153809,,,11.556400299072266,
2017-08-22,9.79207706451416,6.664198875427246,6.0335774421691895,4.879140377044678,7.883242130279541,,,11.55496597290039,
2017-08-23,9.858489036560059,6.6574225425720215,6.0343194007873535,4.880763053894043,7.887515544891357,,,11.553301811218262,
2017-08-24,9.875292778015137,6.674959659576416,6.034149646759033,4.882161617279053,7.889836311340332,,,11.551362991333008,
2017-08-25,9.78940200805664,6.623696327209473,6.034436225891113,4.883271217346191,7.886812210083008,,,11.549097061157227,
2017-08-26,9.859246253967285,6.660368919372559,6.035819053649902,4.88413143157959,7.88895845413208,,,11.546485900878906,
2017-08-27,9.869112014770508,6.634997367858887,6.034062385559082,4.884624004364014,7.888797283172607,,,11.543575286865234,
2017-08-28,9.828131675720215,6.453862190246582,6.033013343811035,4.884648323059082,7.8911027908325195,,,11.540424346923828,6.2923665046691895
2017-08-29,9.83304214477539,6.594551086425781,6.03383207321167,4.884457111358643,,,,11.537178993225098,
2017-08-30,9.875326156616211,6.6422953605651855,6.035332679748535,4.8844733238220215,7.8964338302612305,,,11.534178733825684,
2017-08-31,9.830446243286133,6.6639485359191895,6.0368571281433105,4.884762763977051,7.897417068481445,,,11.531502723693848,
2017-09-01,9.769318580627441,6.6771559715271,6.038236141204834,4.885225296020508,7.899112224578857,,,11.529178619384766,
2017-09-02,9.838930130004883,6.670823097229004,6.03780460357666,4.885721206665039,,,,11.527132987976074,
2017-09-03,9.869352340698242,6.679590225219727,6.0366621017456055,4.886122703552246,,,,11.52528190612793,
2017-09-04,9.792160987854004,6.626155376434326,6.036102771759033,4.88631534576416,7.892135143280029,,,11.523538589477539,
2017-09-05,9.847683906555176,6.664495944976807,6.036699295043945,4.886409759521484,7.89153528213501,,,11.52189826965332,
2017-09-06,9.87149429321289,6.65602970123291,6.035581588745117,4.886486053466797,,10.101347923278809,,11.520386695861816,
2017-09-07,9.86409854888916,6.475470066070557,6.035989284515381,4.886502742767334,,10.091649055480957,,11.518966674804688,
2017-09-08,9.870071411132812,6.600996494293213,6.037270545959473,4.8867998123168945,7.891618251800537,10.093283653259277,7.749281883239746,11.517723083496094,
2017-09-09,9.902416229248047,6.643008708953857,6.038710594177246,4.8874897956848145,7.893579006195068,10.096332550048828,7.760363578796387,11.516748428344727,
2017-09-10,9.853230476379395,6.661160469055176,6.039983749389648,4.888250350952148,7.895013809204102,10.098591804504395,7.769812107086182,11.515992164611816,
2017-09-11,9.790675163269043,6.671946048736572,6.041250228881836,4.889538764953613,7.896805763244629,10.095943450927734,7.776974678039551,11.515810012817383,
2017-09-12,9.860123634338379,6.679431915283203,6.0425190925598145,4.891056537628174,7.898262023925781,10.09953784942627,7.783933162689209,11.516698837280273,
2017-09-13,9.905904769897461,6.685024738311768,6.044097423553467,4.8935136795043945,7.9003119468688965,10.1055908203125,7.791835784912109,11.519243240356445,6.319655418395996
2017-09-14,9.940641403198242,6.689895153045654,6.048418998718262,4.904485702514648,7.907079696655273,10.127464294433594,7.811633586883545,11.54279613494873,
2017-09-15,9.968290328979492,6.694579124450684,6.054112911224365,4.915044784545898,7.912663459777832,10.143714904785156,7.827354431152344,11.575969696044922,
2017-09-16,9.990968704223633,6.698936462402344,6.0594611167907715,4.923061847686768,7.915969371795654,10.15713119506836,7.840731620788574,11.605141639709473,
2017-09-17,10.010068893432617,6.703008651733398,6.06378173828125,4.9287614822387695,7.917897701263428,10.166773796081543,7.851533889770508,11.626551628112793,
2017-09-18,10.027321815490723,6.706833362579346,6.067455291748047,4.933628559112549,7.919548511505127,10.175896644592285,7.861152648925781,11.645663261413574,
2017-09-19,10.042778015136719,6.71040153503418,6.070593357086182,4.93777322769165,7.920924663543701,10.18165397644043,7.869239330291748,11.660846710205078,
2017-09-20,10.056640625,6.7137017250061035,6.073262691497803,4.941299915313721,7.922132968902588,10.185861587524414,7.876768112182617,11.671547889709473,
2017-09-21,10.069188117980957,6.7167277336120605,6.0755462646484375,4.944320201873779,7.923186302185059,10.188103675842285,7.883241653442383,11.678360939025879,
2017-09-22,10.080719947814941,6.71946907043457,6.077554702758789,4.946969509124756,7.924170017242432,10.190032005310059,7.889072418212891,11.682957649230957,
2017-09-23,10.091289520263672,6.721938610076904,6.079302787780762,4.949310779571533,7.925033092498779,10.190718650817871,7.894101142883301,11.685577392578125,
2017-09-24,10.101033210754395,6.724134922027588,6.0809102058410645,4.9513840675354,7.925796985626221,10.191205978393555,7.898535251617432,11.686777114868164,
2017-09-25,10.110091209411621,6.726078033447266,6.08235502243042,4.953245162963867,7.9265241622924805,10.190813064575195,7.902568817138672,11.68717098236084,
2017-09-26,10.118502616882324,6.727786540985107,6.083713054656982,4.95493221282959,7.927210330963135,10.190159797668457,7.906150817871094,11.687004089355469,
2017-09-27,10.126287460327148,6.72926664352417,6.084973335266113,4.95643424987793,7.927810192108154,10.189021110534668,7.909242630004883,11.686278343200684,
2017-09-28,10.133569717407227,6.730549335479736,6.086195468902588,4.957850933074951,7.928431510925293,10.187989234924316,7.912416458129883,11.685460090637207,
2017-09-29,10.140405654907227,6.731678009033203,6.087397575378418,4.959213733673096,7.929068565368652,10.186971664428711,7.915343284606934,11.685093879699707,
2017-09-30,10.146968841552734,6.732973575592041,6.0886335372924805,4.960595607757568,7.9298176765441895,10.186898231506348,7.918830871582031,11.68640422821045,
2017-10-01,10.15194034576416,6.734370708465576,6.089874267578125,4.961562156677246,7.930499076843262,10.185476303100586,7.918787956237793,11.68964672088623,
2017-10-02,10.156831741333008,6.735870361328125,6.091125011444092,4.9625163078308105,7.9314799308776855,10.187027931213379,7.920314788818359,11.696749687194824,
2017-10-03,10.1614408493042,6.73736047744751,6.092379093170166,4.963467597961426,7.932382106781006,10.185805320739746,7.920792579650879,11.70445442199707,
2017-10-04,10.165678024291992,6.73876953125,6.093622207641602,4.964388847351074,7.933238983154297,10.1863374710083,7.921386241912842,11.71121883392334,
2017-10-05,10.16993522644043,6.740017414093018,6.095086574554443,4.965713977813721,7.9344892501831055,10.187819480895996,7.923412322998047,11.719720840454102,
2017-10-06,10.17434024810791,6.741133689880371,6.096803188323975,4.967531681060791,7.936037540435791,10.190439224243164,7.925711631774902,11.733011245727539,
2017-10-07,10.179637908935547,6.742280006408691,6.099275588989258,4.971065044403076,7.9386820793151855,10.20122241973877,7.932018280029297,11.770833015441895,
2017-10-08,10.185035705566406,6.743405818939209,6.102115631103516,4.9752092361450195,7.941221237182617,10.211610794067383,7.937830448150635,11.811079025268555,
2017-10-09,10.189798355102539,6.744506359100342,6.104937553405762,4.979063034057617,7.943231582641602,10.220453262329102,7.942212104797363,11.834983825683594,
2017-10-10,10.193984031677246,6.745571136474609,6.107571125030518,4.982370376586914,7.944807529449463,10.227811813354492,7.945171356201172,11.849963188171387,
2017-10-11,10.197729110717773,6.746555328369141,6.109982490539551,4.985184669494629,7.946054458618164,10.23384952545166,7.947507381439209,11.859590530395508,
2017-10-12,10.201128005981445,6.747457981109619,6.112128257751465,4.987569332122803,7.946986675262451,10.238229751586914,7.94937801361084,11.864100456237793,
2017-10-13,10.204264640808105,6.7482709884643555,6.1139960289001465,4.989584445953369,7.947723865509033,10.241303443908691,7.950734615325928,11.866639137268066,
2017-10-14,10.20716381072998,6.748915195465088,6.115614414215088,4.991261959075928,7.948261737823486,10.243169784545898,7.951647758483887,11.866656303405762,
2017-10-15,10.209861755371094,6.74941349029541,6.1169915199279785,4.992615699768066,7.948625087738037,10.245501518249512,7.952216625213623,11.865405082702637,
2017-10-16,10.212407112121582,6.749778747558594,6.118138313293457,4.993714332580566,7.948854923248291,10.246140480041504,7.9524664878845215,11.863359451293945,
2017-10-17,10.21481990814209,6.750020980834961,6.1191558837890625,4.994612693786621,7.949057102203369,10.247111320495605,7.952603816986084,11.8621826171875,6.4612298011779785
2017-10-18,10.217086791992188,6.750136375427246,6.120082855224609,4.995340824127197,7.9491729736328125,10.246827125549316,7.952591419219971,11.860105514526367,
2017-10-19,10.219221115112305,6.750127792358398,6.120889663696289,4.995869159698486,7.9492106437683105,10.246644973754883,7.952347278594971,11.85776138305664,
2017-10-20,10.22127628326416,6.750042915344238,6.121654510498047,4.996330261230469,7.94929838180542,10.246821403503418,7.952772617340088,11.858850479125977,
2017-10-21,10.22337818145752,6.749859809875488,6.122435569763184,4.996824264526367,7.949502944946289,10.247044563293457,7.953392505645752,11.867430686950684,
2017-10-22,10.22619342803955,6.749640941619873,6.123467922210693,4.997607231140137,7.950448513031006,10.254237174987793,7.956845283508301,11.932222366333008,
2017-10-23,10.229249954223633,6.749372959136963,6.124607563018799,4.998528957366943,7.951216220855713,10.258267402648926,7.959150314331055,11.952678680419922,
2017-10-24,10.232094764709473,6.749053001403809,6.125760078430176,4.9994215965271,7.9517927169799805,10.262407302856445,7.960845470428467,,
2017-10-25,10.234585762023926,6.748678684234619,6.126852035522461,5.000189304351807,7.952158451080322,10.265595436096191,7.962018013000488,,
2017-10-26,10.236761093139648,6.7481608390808105,6.127820014953613,5.000789642333984,7.952336311340332,10.268082618713379,7.962608814239502,,
2017-10-27,10.23873233795166,6.747568130493164,6.128669261932373,5.0012311935424805,7.952358722686768,10.270013809204102,7.963151454925537,,
2017-10-28,10.240559577941895,6.746915340423584,6.129400253295898,5.001527786254883,7.95228385925293,10.270755767822266,7.963279724121094,,
2017-10-29,10.242365837097168,6.746305465698242,6.1301445960998535,5.001837730407715,7.9523162841796875,10.27331256866455,7.964064598083496,,
2017-10-30,10.244071006774902,6.7456278800964355,6.130893230438232,5.002139091491699,7.952289581298828,10.274250030517578,7.96447229385376,,
2017-10-31,10.245677947998047,6.746133804321289,6.131591796875,5.0023603439331055,7.952239990234375,10.274452209472656,7.964748382568359,,
2017-11-01,10.24717903137207,6.748333930969238,6.132217884063721,5.002472877502441,7.952266693115234,10.274723052978516,7.96768045425415,,
2017-11-02,10.248709678649902,6.751980781555176,6.132822513580322,5.002533435821533,7.952637672424316,10.275080680847168,7.97121000289917,,
2017-11-03,10.250204086303711,6.756486415863037,6.133401393890381,5.00252103805542,7.953248500823975,10.274795532226562,7.9737629890441895,,
2017-11-04,10.251770973205566,6.761496543884277,6.134030818939209,5.00254487991333,7.954225540161133,10.276209831237793,7.976375102996826,,
2017-11-05,10.2538480758667,6.766642093658447,6.134991645812988,5.003037929534912,7.9561076164245605,10.283382415771484,7.980414867401123,,
2017-11-06,10.2562255859375,6.7717084884643555,6.136160373687744,5.003818035125732,7.958072662353516,10.288496017456055,7.983660697937012,,6.514120578765869
2017-11-07,10.25852108001709,6.776572227478027,6.137382507324219,5.004613876342773,7.9599409103393555,10.2927885055542,7.986078262329102,,
2017-11-08,10.260682106018066,6.781152725219727,6.138585567474365,5.005346775054932,7.961763858795166,10.296496391296387,7.9879631996154785,,
2017-11-09,10.26268482208252,6.785374164581299,6.139731407165527,5.0059638023376465,7.963589191436768,10.299269676208496,7.989306926727295,,
2017-11-10,10.264567375183105,6.789267539978027,6.140790939331055,5.006468296051025,7.965333938598633,10.301321029663086,7.990312576293945,,
2017-11-11,10.2665433883667,6.792835712432861,6.141812324523926,5.006911754608154,7.967108726501465,10.304399490356445,7.991518020629883,,
2017-11-12,10.268998146057129,6.796088218688965,6.14312219619751,5.007696151733398,7.969582557678223,10.312483787536621,7.994465351104736,,
2017-11-13,10.271769523620605,6.79904842376709,6.144631385803223,5.008739471435547,7.971957206726074,10.318455696105957,7.996914863586426,,
2017-11-14,10.274554252624512,6.801789283752441,6.146187782287598,5.009852409362793,7.974119663238525,10.323943138122559,7.999134063720703,,
2017-11-15,10.277194023132324,6.80436897277832,6.1476969718933105,5.0109028816223145,7.976049423217773,10.328169822692871,8.000554084777832,,
2017-11-16,10.27977180480957,6.8068318367004395,6.1491923332214355,5.0119524002075195,7.977893829345703,10.332165718078613,8.001977920532227,,6.542827129364014
2017-11-17,10.282246589660645,6.809145927429199,6.15061092376709,5.012921333312988,7.979588508605957,10.334940910339355,8.002922058105469,,
2017-11-18,10.28476619720459,6.81141471862793,6.152032852172852,5.013906955718994,7.981302261352539,10.33830451965332,8.004271507263184,,
2017-11-19,10.287280082702637,6.813533782958984,6.153433322906494,5.014884948730469,7.982914447784424,10.340851783752441,8.00524616241455,,
2017-11-20,10.290191650390625,6.8155741691589355,6.155088901519775,5.016216278076172,7.984979629516602,10.348895072937012,8.00804615020752,,
2017-11-21,10.2933349609375,6.817508220672607,6.156951427459717,5.017858028411865,7.986990928649902,10.355179786682129,8.010377883911133,,
2017-11-22,10.29637622833252,6.819329261779785,6.158835411071777,5.01951789855957,7.9887542724609375,10.359522819519043,8.012084007263184,,
2017-11-23,10.299418449401855,6.821034908294678,6.1607866287231445,5.021249771118164,7.99052619934082,10.36394214630127,8.013920783996582,,
2017-11-24,10.302911758422852,6.822651386260986,6.163082122802734,5.023524761199951,7.992848873138428,10.377331733703613,8.017712593078613,,
2017-11-25,10.306682586669922,6.824188709259033,6.165609836578369,5.026124000549316,7.9950361251831055,10.387263298034668,8.020971298217773,,
2017-11-26,10.310662269592285,6.825669765472412,6.1683244705200195,5.028937816619873,7.997364521026611,10.399621963500977,8.025022506713867,,
2017-11-27,10.316810607910156,6.827180862426758,6.172323226928711,5.033842086791992,8.00190544128418,10.448062896728516,8.035172462463379,,
2017-11-28,10.32315444946289,6.828776836395264,6.1768317222595215,5.0391340255737305,8.005575180053711,10.470500946044922,8.042200088500977,,
2017-11-29,10.328953742980957,6.830476760864258,6.181259632110596,5.04379415512085,8.008444786071777,10.482574462890625,8.047697067260742,,
2017-11-30,10.335230827331543,6.831600189208984,6.185778617858887,5.048363208770752,8.011691093444824,10.50473690032959,8.053442001342773,,
2017-12-01,10.341401100158691,6.831887245178223,6.190181255340576,5.052524566650391,8.01451301574707,10.511998176574707,8.061702728271484,,
2017-12-02,10.347392082214355,6.831554412841797,6.194343090057373,5.056196689605713,8.016953468322754,10.51713752746582,8.068696022033691,,
2017-12-03,10.353524208068848,6.830941677093506,6.198418140411377,5.059728622436523,8.019349098205566,10.5228910446167,8.07557487487793,,
2017-12-04,10.359600067138672,6.830155849456787,6.202325344085693,5.062998294830322,8.02149772644043,10.523656845092773,8.08115005493164,,
2017-12-05,10.365593910217285,6.82935094833374,6.206007957458496,5.065970420837402,8.023457527160645,10.524383544921875,8.08594799041748,,
2017-12-06,10.371475219726562,6.828588962554932,6.209448337554932,5.068648815155029,8.025254249572754,10.523761749267578,8.089908599853516,,
2017-12-07,10.377917289733887,6.828004837036133,6.2132086753845215,5.071950435638428,8.027819633483887,10.540083885192871,8.09632396697998,,
2017-12-08,10.384760856628418,6.827591896057129,6.217286109924316,5.075787544250488,8.03058910369873,10.548885345458984,8.10239315032959,,
2017-12-09,10.391489028930664,6.82733154296875,6.221438884735107,5.07966947555542,8.033105850219727,10.551382064819336,8.107117652893066,,
2017-12-10,10.399384498596191,6.827312469482422,6.226639747619629,5.085198879241943,8.03723430633545,10.585159301757812,8.116097450256348,,
2017-12-11,10.40948486328125,6.82772970199585,6.23469877243042,5.096011638641357,8.043598175048828,10.645313262939453,8.128840446472168,,
2017-12-12,10.419197082519531,6.828635215759277,6.2435407638549805,5.1064372062683105,8.04874324798584,10.65526294708252,8.138014793395996,,
2017-12-13,10.430227279663086,6.830166816711426,6.254179954528809,5.118774890899658,8.055632591247559,10.70621109008789,8.150178909301758,,
2017-12-14,10.441472053527832,6.832427024841309,6.266242504119873,5.131893157958984,8.062833786010742,10.72246265411377,8.160783767700195,,
2017-12-15,10.452059745788574,6.835226058959961,6.2777228355407715,5.14207124710083,8.069182395935059,10.724108695983887,8.169187545776367,,6.663877964019775
2017-12-16,10.463224411010742,6.8386616706848145,6.289037227630615,5.151769161224365,8.076671600341797,10.744211196899414,8.178712844848633,,
2017-12-17,10.474828720092773,6.8426666259765625,6.300243377685547,5.161267280578613,8.084466934204102,10.753961563110352,8.187760353088379,,
2017-12-18,10.486103057861328,6.847075462341309,6.310620307922363,5.169533729553223,8.091867446899414,10.75008773803711,8.195091247558594,,
2017-12-19,10.496963500976562,6.851717472076416,6.319867134094238,5.176258087158203,8.098916053771973,10.744441986083984,8.201272964477539,,
2017-12-20,10.507475852966309,6.856493949890137,6.328077793121338,5.181941509246826,8.105779647827148,10.735105514526367,8.206440925598145,,
2017-12-21,10.518150329589844,6.861405849456787,6.33564567565918,5.187355995178223,8.112879753112793,10.741409301757812,8.212394714355469,,
2017-12-22,10.528488159179688,6.866391181945801,6.342657566070557,5.192341327667236,8.119841575622559,10.732975006103516,8.216812133789062,,
2017-12-23,10.538339614868164,6.871418476104736,6.349161624908447,5.196916580200195,8.12660026550293,10.726547241210938,8.22095775604248,,
2017-12-24,10.547688484191895,6.876433849334717,6.355151653289795,5.201093673706055,8.13313102722168,10.719711303710938,8.224274635314941,,
2017-12-25,10.556523323059082,6.8814215660095215,6.360705852508545,5.204957485198975,8.139429092407227,10.711978912353516,8.22725772857666,,
2017-12-26,10.565006256103516,6.886343002319336,6.365966320037842,5.208816051483154,8.145663261413574,10.7122163772583,8.230555534362793,,
2017-12-27,10.573530197143555,6.891298770904541,6.371461868286133,5.2133331298828125,8.152338027954102,10.724656105041504,8.235749244689941,,
2017-12-28,10.581783294677734,6.896266460418701,6.377093315124512,5.218059062957764,8.158828735351562,10.722743034362793,8.23969554901123,,
2017-12-29,10.590083122253418,6.9012932777404785,6.383289337158203,5.223903656005859,8.165667533874512,10.740612030029297,8.245322227478027,,
2017-12-30,10.598311424255371,6.906409740447998,6.389892578125,5.23018741607666,8.172515869140625,10.746004104614258,8.250113487243652,,
2017-12-31,10.608733177185059,6.912342071533203,6.400031089782715,5.242799758911133,8.182056427001953,10.805805206298828,8.261482238769531,,
2018-01-01,10.620965003967285,6.916936874389648,6.413400173187256,5.2579169273376465,8.192532539367676,10.86446762084961,8.275388717651367,,
2018-01-02,10.633452415466309,6.921175479888916,6.428267955780029,5.272243022918701,8.202842712402344,10.892379760742188,8.288467407226562,,6.764636993408203
2018-01-03,10.645960807800293,6.925657749176025,6.444382190704346,5.286583423614502,8.213896751403809,10.921198844909668,8.300131797790527,,
2018-01-04,10.657617568969727,6.930487632751465,6.459023952484131,5.296723365783691,8.224035263061523,10.90444564819336,8.309222221374512,,
2018-01-05,10.670195579528809,6.935926914215088,6.4736480712890625,5.307884693145752,8.235084533691406,10.931069374084473,8.320191383361816,,
2018-01-06,10.682072639465332,6.941824913024902,6.486621379852295,5.315976142883301,8.245402336120605,10.909075736999512,8.328399658203125,,
2018-01-07,10.693214416503906,6.948010444641113,6.497597694396973,5.321976184844971,8.255037307739258,10.886270523071289,8.334846496582031,,
2018-01-08,10.70367431640625,6.954378604888916,6.506852149963379,5.326770782470703,8.264145851135254,10.873982429504395,8.340103149414062,,
2018-01-09,10.713522911071777,6.9608473777771,6.514827251434326,5.330873966217041,8.272855758666992,10.858148574829102,8.344514846801758,,
2018-01-10,10.723321914672852,6.967467308044434,6.522501468658447,5.335763931274414,8.281793594360352,10.873096466064453,8.350000381469727,,
2018-01-11,10.73245906829834,6.974202632904053,6.529765605926514,5.340217590332031,8.290362358093262,10.857611656188965,8.354026794433594,,
2018-01-12,10.740830421447754,6.980996608734131,6.536488056182861,5.3441033363342285,8.298478126525879,10.84928035736084,8.357304573059082,,
2018-01-13,10.748466491699219,6.98779296875,6.542604923248291,5.347464084625244,8.30614948272705,10.836389541625977,8.359622955322266,,
2018-01-14,10.75537109375,6.99452543258667,6.548102378845215,5.350388050079346,8.313359260559082,10.824808120727539,8.36166000366211,,
2018-01-15,10.762772560119629,7.00131893157959,6.554766654968262,5.35587215423584,8.32179069519043,10.859373092651367,8.36668872833252,,
2018-01-16,10.770586967468262,7.008279800415039,6.563254356384277,5.363181114196777,8.33077335357666,10.886861801147461,8.372369766235352,,6.844709873199463
2018-01-17,10.77832317352295,7.0154314041137695,6.5722856521606445,5.37019681930542,8.339593887329102,10.89706802368164,8.378219604492188,,
2018-01-18,10.786604881286621,7.022861957550049,6.58282995223999,5.379297256469727,8.34924030303955,10.934343338012695,8.385599136352539,,
2018-01-19,10.794760704040527,7.030630111694336,6.594534873962402,5.389060974121094,8.359058380126953,10.93705940246582,8.392049789428711,,
2018-01-20,10.803001403808594,7.038738250732422,6.606313228607178,5.3978800773620605,8.368927001953125,10.947468757629395,8.39842414855957,,
2018-01-21,10.811266899108887,7.047179222106934,6.617940902709961,5.406074047088623,8.379058837890625,10.948928833007812,8.404672622680664,,
2018-01-22,10.81882095336914,7.055829048156738,6.6280517578125,5.411941051483154,8.388590812683105,10.929064750671387,8.40929889678955,,
2018-01-23,10.825769424438477,7.064571380615234,6.6365580558776855,5.4164323806762695,8.397693634033203,10.914200782775879,8.412901878356934,,
2018-01-24,10.83246898651123,7.073329925537109,6.644022464752197,5.420374870300293,8.406609535217285,10.907160758972168,8.416366577148438,,
2018-01-25,10.838638305664062,7.082064628601074,6.650482654571533,5.423705101013184,8.415122985839844,10.8949613571167,8.419012069702148,,
2018-01-26,10.84417724609375,7.090672969818115,6.65602970123291,5.426350116729736,8.423102378845215,10.88107681274414,8.421022415161133,,6.903648853302002
2018-01-27,10.849267959594727,7.099113941192627,6.661121368408203,5.429015159606934,8.430754661560059,10.874752044677734,8.422813415527344,,
2018-01-28,10.853780746459961,7.107361793518066,6.665506839752197,5.431224346160889,8.437894821166992,10.860833168029785,8.423884391784668,,
2018-01-29,10.8582124710083,7.1154632568359375,6.6698737144470215,5.43370246887207,8.445046424865723,10.870503425598145,8.426230430603027,,
2018-01-30,10.862098693847656,7.1233720779418945,6.673885822296143,5.4358038902282715,8.451691627502441,10.857300758361816,8.427223205566406,,
2018-01-31,10.867067337036133,7.132105350494385,6.679966449737549,5.441511631011963,8.459817886352539,10.913015365600586,8.431949615478516,,
2018-02-01,10.872386932373047,7.142050266265869,6.687477111816406,5.448022365570068,8.468192100524902,10.926246643066406,8.434476852416992,,
2018-02-02,10.878796577453613,7.15315055847168,6.697309970855713,5.456332206726074,8.478007316589355,10.969926834106445,8.439495086669922,,
2018-02-03,10.884765625,7.165093421936035,6.707483768463135,5.463611602783203,8.487740516662598,10.956952095031738,8.443217277526855,,
2018-02-04,10.889996528625488,7.177454471588135,6.716184139251709,5.468630790710449,8.496888160705566,10.936281204223633,8.445589065551758,,
2018-02-05,10.894624710083008,7.189903736114502,6.723007678985596,5.471898078918457,8.50550365447998,10.919000625610352,8.446975708007812,,
2018-02-06,10.898733139038086,7.202203273773193,6.728179454803467,5.474085330963135,8.513669967651367,10.901201248168945,8.447614669799805,,
2018-02-07,10.902325630187988,7.214182376861572,6.7320356369018555,5.475545883178711,8.52132511138916,10.885838508605957,8.447513580322266,,
2018-02-08,10.90542221069336,7.225735187530518,6.734888076782227,5.476521968841553,8.528462409973145,10.869423866271973,8.446861267089844,,
2018-02-09,10.908203125,7.23682975769043,6.737277984619141,5.47745943069458,8.535309791564941,10.862881660461426,8.446709632873535,,
2018-02-10,10.910601615905762,7.247459888458252,6.739393711090088,5.478373050689697,8.541817665100098,10.85452938079834,8.44620132446289,,
2018-02-11,10.912879943847656,7.257678031921387,6.741695404052734,5.479650020599365,8.548308372497559,10.857941627502441,8.446998596191406,,
2018-02-12,10.914685249328613,7.267417907714844,6.743793964385986,5.480589389801025,8.554274559020996,10.84677791595459,8.446368217468262,,
2018-02-13,10.91590404510498,7.2766876220703125,6.745402812957764,5.481069564819336,8.559617042541504,10.835165977478027,8.445510864257812,,
2018-02-14,10.91661262512207,7.285521507263184,6.746499538421631,5.481114864349365,8.564406394958496,10.822669982910156,8.443540573120117,,
2018-02-15,10.917338371276855,7.294059753417969,6.747686862945557,5.481479644775391,8.569228172302246,10.82979965209961,8.443751335144043,,
2018-02-16,10.917715072631836,7.302275657653809,6.748701572418213,5.481660842895508,8.573563575744629,10.816879272460938,8.442237854003906,,
2018-02-17,10.91762638092041,7.310201168060303,6.749388694763184,5.4815778732299805,8.577388763427734,10.809727668762207,8.440814018249512,,
2018-02-18,10.917073249816895,7.317808628082275,6.749652862548828,5.481143474578857,8.580703735351562,10.795648574829102,8.438237190246582,,
2018-02-19,10.916199684143066,7.325092792510986,6.749571323394775,5.4804840087890625,8.583669662475586,10.790708541870117,8.43626594543457,,
2018-02-20,10.914999961853027,7.332015037536621,6.749212741851807,5.47960901260376,8.586274147033691,10.77957534790039,8.433530807495117,,
2018-02-21,10.91344165802002,7.338564872741699,6.748559951782227,5.478496074676514,8.588481903076172,10.772506713867188,8.430816650390625,,
2018-02-22,10.911552429199219,7.344707012176514,6.747649669647217,5.477158069610596,8.590331077575684,10.762939453125,8.427706718444824,,
2018-02-23,10.909361839294434,7.350457668304443,6.7465128898620605,5.475621700286865,8.591862678527832,10.754459381103516,8.424549102783203,,
2018-02-24,10.906893730163574,7.355804443359375,6.745182514190674,5.473912239074707,8.593097686767578,10.745906829833984,8.421178817749023,,
2018-02-25,10.904160499572754,7.360754489898682,6.743675708770752,5.472039222717285,8.59404468536377,10.737741470336914,8.417769432067871,,
2018-02-26,10.90119457244873,7.36531925201416,6.742025375366211,5.47003173828125,8.594734191894531,10.730103492736816,8.41417407989502,,
2018-02-27,10.898011207580566,7.369511604309082,6.74024772644043,5.467898845672607,8.59516716003418,10.722543716430664,8.410600662231445,,
2018-02-28,10.894633293151855,7.372947692871094,6.73835563659668,5.465648174285889,8.59534740447998,10.715065956115723,8.406819343566895,,
2018-03-01,10.891085624694824,7.3754425048828125,6.736361026763916,5.463284492492676,8.595255851745605,10.707855224609375,8.401766777038574,,7.01037073135376
2018-03-02,10.88748836517334,7.377125263214111,6.734408378601074,5.460987091064453,8.595043182373047,10.703977584838867,8.397080421447754,,
2018-03-03,10.883814811706543,7.378129959106445,6.732461929321289,5.458676815032959,8.594579696655273,10.698630332946777,8.392541885375977,,
2018-03-04,10.880228042602539,7.378637790679932,6.7306718826293945,5.456562519073486,8.594093322753906,10.698378562927246,8.38904857635498,,
2018-03-05,10.87651252746582,7.378780364990234,6.728841304779053,5.454391956329346,8.593235969543457,10.692813873291016,8.3850679397583,,
2018-03-06,10.872624397277832,7.378655433654785,6.726831436157227,5.452054023742676,8.592042922973633,10.687505722045898,8.381122589111328,,
2018-03-07,10.868840217590332,7.37836217880249,6.724941730499268,5.449917793273926,8.590948104858398,10.688492774963379,8.378196716308594,,
2018-03-08,10.865325927734375,7.3779520988464355,6.723324298858643,5.448071479797363,8.589980125427246,10.693604469299316,8.375978469848633,,
2018-03-09,10.86221694946289,7.377479553222656,6.7221903800964355,5.446720123291016,8.589217185974121,10.70162296295166,8.374792098999023,,
2018-03-10,10.859259605407715,7.376966953277588,6.721256256103516,5.445515155792236,8.588266372680664,10.701952934265137,8.373138427734375,,
2018-03-11,10.856744766235352,7.376450061798096,6.72076416015625,5.4448628425598145,8.587625503540039,10.716876983642578,8.372993469238281,,
2018-03-12,10.855114936828613,7.3759846687316895,6.721487998962402,5.445799827575684,8.587798118591309,10.732730865478516,8.374597549438477,,
2018-03-13,10.854609489440918,7.375635623931885,6.723520278930664,5.448032379150391,8.58857536315918,10.761405944824219,8.376921653747559,,
2018-03-14,10.853872299194336,7.3753767013549805,6.725569248199463,5.449503421783447,8.588676452636719,10.753628730773926,8.378111839294434,,
2018-03-15,10.85390853881836,7.375207424163818,6.7281174659729,5.451326847076416,8.589471817016602,10.784171104431152,8.380908012390137,,
2018-03-16,10.854109764099121,7.375118255615234,6.730505466461182,5.452704429626465,8.590136528015137,10.778160095214844,8.382157325744629,,
2018-03-17,10.854515075683594,7.375100135803223,6.7324090003967285,5.453550338745117,8.590747833251953,10.786844253540039,8.383746147155762,,
2018-03-18,10.854808807373047,7.375079154968262,6.733510971069336,5.45365571975708,8.59109878540039,10.77353572845459,8.383402824401855,,
2018-03-19,10.854931831359863,7.375069618225098,6.733658313751221,5.4530253410339355,8.591078758239746,10.767729759216309,8.382928848266602,,
2018-03-20,10.854905128479004,7.375055313110352,6.732898235321045,5.451796054840088,8.5907564163208,10.757412910461426,8.381591796875,,7.026950836181641
2018-03-21,10.854736328125,7.375028133392334,6.73141622543335,5.450142860412598,8.590210914611816,10.749576568603516,8.380115509033203,,
2018-03-22,10.854889869689941,7.375078201293945,6.729944229125977,5.448732376098633,8.590147972106934,10.756978988647461,8.380695343017578,,
2018-03-23,10.855029106140137,7.375157356262207,6.728484630584717,5.447362422943115,8.59000301361084,10.749212265014648,8.379836082458496,,
2018-03-24,10.854840278625488,7.375175952911377,6.7267937660217285,5.445745944976807,8.589529991149902,10.741901397705078,8.378424644470215,,
2018-03-25,10.854277610778809,7.375156879425049,6.7247443199157715,5.443783760070801,8.588716506958008,10.7329740524292,8.376407623291016,,
2018-03-26,10.85336971282959,7.375082969665527,6.722328186035156,5.441519260406494,8.587615013122559,10.725838661193848,8.374178886413574,,
2018-03-27,10.852394104003906,7.375000953674316,6.719759941101074,5.43918514251709,8.586532592773438,10.722587585449219,8.372573852539062,,
2018-03-28,10.851946830749512,7.3749213218688965,6.717921733856201,5.437741756439209,8.58632755279541,10.740165710449219,8.373486518859863,,7.019986152648926
2018-03-29,10.85155200958252,7.374840259552002,6.7165632247924805,5.436690330505371,8.585978507995605,10.735950469970703,8.373318672180176,,
2018-03-30,10.851189613342285,7.3747711181640625,6.715544700622559,5.4358134269714355,8.585734367370605,10.744421005249023,8.373579025268555,,
2018-03-31,10.851655006408691,7.374462604522705,6.715776443481445,5.436372756958008,8.586414337158203,10.777270317077637,8.376096725463867,,
2018-04-01,10.853853225708008,7.373894214630127,6.71708345413208,5.43838357925415,8.587447166442871,10.796149253845215,8.367280006408691,,
2018-04-02,10.855813026428223,7.373168468475342,6.7185845375061035,5.440195560455322,8.588126182556152,10.799089431762695,8.3580961227417,,
2018-04-03,10.857319831848145,7.372371673583984,6.7196831703186035,5.441232204437256,8.588483810424805,10.79782485961914,8.350489616394043,,
2018-04-04,10.859121322631836,7.371618747711182,6.720776557922363,5.442163944244385,8.589052200317383,10.806991577148438,8.345355987548828,,
2018-04-05,10.86095905303955,7.370973110198975,6.721741676330566,5.442889213562012,8.589634895324707,10.807449340820312,8.341190338134766,,
2018-04-06,10.862083435058594,7.3704023361206055,6.721942901611328,5.442863941192627,8.589569091796875,10.795591354370117,8.336776733398438,,
2018-04-07,10.86268138885498,7.369869709014893,6.721151351928711,5.442070960998535,8.58887004852295,10.781803131103516,8.331583023071289,,
2018-04-08,10.862918853759766,7.369345664978027,6.71948766708374,5.440708637237549,8.587725639343262,10.769732475280762,8.32688045501709,,
2018-04-09,10.86291790008545,7.368812561035156,6.717235088348389,5.439009189605713,8.586383819580078,10.75973892211914,8.322294235229492,,
2018-04-10,10.864334106445312,7.3683929443359375,6.715683937072754,5.438549041748047,8.586446762084961,10.801299095153809,8.323415756225586,,
2018-04-11,10.865710258483887,7.368066787719727,6.714696407318115,5.438631534576416,8.586434364318848,10.798099517822266,8.323351860046387,,
2018-04-12,10.866605758666992,7.367822170257568,6.713871002197266,5.43858528137207,8.586151123046875,10.802406311035156,8.322999000549316,,
2018-04-13,10.8670015335083,7.367589473724365,6.712796211242676,5.438028812408447,8.585453987121582,10.785240173339844,8.321126937866211,,6.969441890716553
2018-04-14,10.867629051208496,7.367444038391113,6.711668968200684,5.4373908042907715,8.584986686706543,10.79489803314209,8.321276664733887,,
2018-04-15,10.868025779724121,7.367285251617432,6.7103424072265625,5.436486721038818,8.584327697753906,10.78193473815918,8.31998062133789,,
2018-04-16,10.867881774902344,7.367104530334473,6.708549976348877,5.435108661651611,8.583195686340332,10.771919250488281,8.317961692810059,,
2018-04-17,10.867223739624023,7.366865634918213,6.7061872482299805,5.4332427978515625,8.58158016204834,10.758394241333008,8.314629554748535,,
2018-04-18,10.866113662719727,7.366542816162109,6.703311920166016,5.43098783493042,8.57957649230957,10.746667861938477,8.311387062072754,,
2018-04-19,10.864583969116211,7.366112232208252,6.700054168701172,5.428443431854248,8.577250480651855,10.734450340270996,8.307550430297852,,
2018-04-20,10.862665176391602,7.365561008453369,6.69650936126709,5.4256768226623535,8.57468318939209,10.72265338897705,8.303683280944824,,
2018-04-21,10.860363960266113,7.364884376525879,6.692797660827637,5.422671318054199,8.571922302246094,10.711175918579102,8.299498558044434,,
2018-04-22,10.857879638671875,7.364075660705566,6.6889166831970215,5.419662952423096,8.569510459899902,10.701194763183594,8.296069145202637,,
2018-04-23,10.855096817016602,7.363131046295166,6.685098648071289,5.416630268096924,8.566946029663086,10.691683769226074,8.2919340133667,,
2018-04-24,10.85205078125,7.362039089202881,6.68133544921875,5.413562774658203,8.564294815063477,10.6826753616333,8.288127899169922,,
2018-04-25,10.848715782165527,7.360801696777344,6.677610874176025,5.410443305969238,8.561490058898926,10.671177864074707,8.283875465393066,,6.910967826843262
2018-04-26,10.845100402832031,7.359494209289551,6.674038410186768,5.407392501831055,8.558584213256836,10.664426803588867,8.279852867126465,,
2018-04-27,10.841259002685547,7.3580756187438965,6.67055606842041,5.404388427734375,8.555566787719727,10.65753173828125,8.275577545166016,,
2018-04-28,10.837239265441895,7.3565239906311035,6.66709041595459,5.401342391967773,8.552485466003418,10.650629043579102,8.271550178527832,,
2018-04-29,10.835822105407715,7.354997158050537,6.66628885269165,5.4025750160217285,8.552704811096191,10.718111991882324,8.277097702026367,,
2018-04-30,10.839146614074707,7.353997707366943,6.673633098602295,5.415534019470215,8.557700157165527,10.8469877243042,8.291959762573242,,
2018-05-01,10.84168529510498,7.3536834716796875,6.684349536895752,5.428013324737549,8.561744689941406,10.882627487182617,8.302291870117188,,
2018-05-02,10.842674255371094,7.353833198547363,6.693177223205566,5.434756755828857,8.563701629638672,10.869122505187988,8.307238578796387,,
2018-05-03,10.842578887939453,7.354287624359131,6.69875431060791,5.437735080718994,8.564541816711426,10.848690032958984,8.308712005615234,,
2018-05-04,10.8419771194458,7.354912757873535,6.701419353485107,5.438572406768799,8.564793586730957,10.827608108520508,8.308938980102539,,
2018-05-05,10.841245651245117,7.355579853057861,6.701897144317627,5.4382171630859375,8.564641952514648,10.808365821838379,8.307791709899902,,
2018-05-06,10.84078598022461,7.356225490570068,6.700845718383789,5.437145233154297,8.564120292663574,10.790447235107422,8.305763244628906,,
2018-05-07,10.840415954589844,7.356813907623291,6.698771953582764,5.435625076293945,8.563255310058594,10.775215148925781,8.302590370178223,,
2018-05-08,10.83990478515625,7.357310771942139,6.696056365966797,5.43374490737915,8.562050819396973,10.758827209472656,8.299208641052246,,
2018-05-09,10.836613655090332,7.357688903808594,6.6927947998046875,5.431440830230713,8.560364723205566,10.746002197265625,8.295485496520996,,
2018-05-10,10.798870086669922,7.343716144561768,6.688779354095459,5.428359031677246,8.537796974182129,10.723220825195312,8.289589881896973,,
2018-05-11,10.721778869628906,7.319424629211426,6.68385648727417,5.424539089202881,8.50066089630127,10.701156616210938,8.269874572753906,,
2018-05-12,10.613041877746582,7.286141872406006,6.672149658203125,5.4201579093933105,8.44953441619873,10.677332878112793,8.236407279968262,,
2018-05-13,10.488067626953125,7.254083633422852,6.657562732696533,5.415554523468018,8.41010856628418,10.665432929992676,8.202438354492188,,
2018-05-14,10.419717788696289,7.237140655517578,6.644715309143066,5.410816192626953,8.387792587280273,10.654576301574707,8.180110931396484,,
2018-05-15,10.339035987854004,7.236771583557129,6.63736629486084,5.405824661254883,8.382122993469238,10.644472122192383,8.170044898986816,,6.86790657043457
2018-05-16,10.263420104980469,7.247416019439697,6.632559776306152,5.400567531585693,8.378510475158691,10.633868217468262,8.16504955291748,,
2018-05-17,10.18560791015625,7.242311000823975,6.628201484680176,5.394961833953857,8.370383262634277,10.626991271972656,8.162463188171387,,
2018-05-18,10.193115234375,7.243688583374023,6.62396764755249,5.389204502105713,8.364557266235352,10.618912696838379,8.160359382629395,,
2018-05-19,10.267204284667969,7.248128890991211,6.619583606719971,5.3834428787231445,8.363686561584473,10.610748291015625,8.152441024780273,,
2018-05-20,10.354451179504395,7.254759788513184,6.6149187088012695,5.3777055740356445,8.361947059631348,10.600284576416016,8.151235580444336,,
2018-05-21,10.389920234680176,7.247091770172119,6.6099772453308105,5.371342182159424,8.346207618713379,10.584863662719727,8.148719787597656,,
2018-05-22,10.3202543258667,7.222689628601074,6.601781368255615,5.3645524978637695,8.302702903747559,10.56188678741455,8.1415433883667,,
2018-05-23,10.240805625915527,7.190626621246338,6.592213153839111,5.357747554779053,8.256023406982422,10.549941062927246,8.126397132873535,,
2018-05-24,10.212916374206543,7.171907901763916,6.583415508270264,5.351524353027344,8.229393005371094,10.55429744720459,8.117924690246582,,
2018-05-25,10.262178421020508,7.172708034515381,6.577622413635254,5.345664024353027,8.23405647277832,10.560441970825195,8.111699104309082,,
2018-05-26,10.316436767578125,7.185340404510498,6.573132038116455,5.33992862701416,8.250631332397461,10.56130599975586,8.106575012207031,,
2018-05-27,10.24774169921875,7.189239978790283,6.563892841339111,5.334212779998779,8.261880874633789,10.570247650146484,8.09634017944336,,
2018-05-28,10.199248313903809,7.189940452575684,6.553308963775635,5.328348636627197,8.270100593566895,10.567039489746094,8.0830659866333,,
2018-05-29,10.192068099975586,7.184103488922119,6.543944358825684,5.322441577911377,8.267597198486328,10.622849464416504,8.077006340026855,,6.742832660675049
2018-05-30,10.276140213012695,7.182352542877197,6.538930892944336,5.316493988037109,8.265630722045898,10.627971649169922,8.07576847076416,,
2018-05-31,10.33803939819336,7.181791305541992,6.535775184631348,5.310647010803223,8.267468452453613,10.657899856567383,8.079299926757812,,
2018-06-01,10.382140159606934,7.185059547424316,6.5329508781433105,5.3049726486206055,8.277523040771484,10.664379119873047,8.085969924926758,,
2018-06-02,10.415918350219727,7.18669319152832,6.5299177169799805,5.299445629119873,8.289456367492676,10.66560173034668,8.093091011047363,,
2018-06-03,10.442781448364258,7.186639785766602,6.526507377624512,5.293990612030029,8.299951553344727,10.652640342712402,8.09801959991455,,
2018-06-04,10.464896202087402,7.184347629547119,6.522699356079102,5.288408279418945,8.3082914352417,10.645100593566895,8.102620124816895,,
2018-06-05,10.48358154296875,7.155669212341309,6.518622875213623,5.282711982727051,8.314723014831543,10.633861541748047,8.106223106384277,,
2018-06-06,10.499430656433105,7.148630142211914,6.511291027069092,5.276839733123779,8.317371368408203,10.623028755187988,8.109070777893066,,
2018-06-07,10.512778282165527,7.136507987976074,6.499218940734863,5.270097732543945,8.30564022064209,10.612041473388672,8.111176490783691,,
2018-06-08,10.457311630249023,7.116316318511963,6.489099979400635,5.26270055770874,8.284117698669434,10.604080200195312,8.112773895263672,,
2018-06-09,10.440997123718262,7.089920997619629,6.478645324707031,5.255134105682373,8.261763572692871,10.593164443969727,8.113103866577148,,
2018-06-10,10.40222454071045,7.039112091064453,6.467895984649658,5.247853755950928,8.239091873168945,10.582252502441406,8.111263275146484,,
2018-06-11,10.274248123168945,7.015961647033691,6.454000473022461,5.240719318389893,8.19455337524414,10.566580772399902,8.097235679626465,,
2018-06-12,10.128800392150879,6.67479133605957,6.441683292388916,5.233459949493408,8.140543937683105,10.535881996154785,8.064126014709473,,
2018-06-13,10.051003456115723,6.452407360076904,6.432234287261963,5.22603178024292,8.10129165649414,10.510952949523926,8.035087585449219,,
2018-06-14,10.024673461914062,6.365044116973877,6.426900386810303,5.21822452545166,8.08991813659668,10.483051300048828,8.009130477905273,,
2018-06-15,9.980393409729004,6.540444374084473,6.422499179840088,5.210138320922852,8.092168807983398,10.464065551757812,7.985954284667969,,6.600083827972412
2018-06-16,9.872961044311523,6.6690874099731445,6.413875102996826,5.201860427856445,8.089651107788086,10.445026397705078,7.955375671386719,,
2018-06-17,9.757739067077637,6.747334957122803,6.399277210235596,5.192870140075684,8.069494247436523,10.426794052124023,7.928061008453369,,
2018-06-18,9.706338882446289,6.785950660705566,6.386941432952881,5.183504104614258,8.042933464050293,10.414094924926758,7.913259506225586,,
2018-06-19,9.750606536865234,6.794207572937012,6.375690460205078,5.1741042137146,8.022635459899902,10.418716430664062,7.907336711883545,,
2018-06-20,9.78382396697998,6.765600204467773,6.36550760269165,5.165162563323975,8.019685745239258,10.422707557678223,7.9008636474609375,,
2018-06-21,9.742018699645996,6.754866123199463,6.353752613067627,5.156347751617432,7.998749732971191,10.41699504852295,7.881173610687256,,
2018-06-22,9.703579902648926,6.61834192276001,6.340086936950684,5.147521018981934,7.956003189086914,10.39686107635498,7.863533973693848,,
2018-06-23,9.686054229736328,6.296425819396973,6.327585220336914,5.138753890991211,7.912877559661865,10.38730525970459,7.853133678436279,,
2018-06-24,9.703828811645508,6.151618003845215,6.317070484161377,5.129937648773193,7.89296293258667,10.370763778686523,7.837220668792725,,
2018-06-25,9.651214599609375,6.176074981689453,6.309505939483643,5.1210551261901855,7.891874313354492,10.34232234954834,7.788313865661621,,
2018-06-26,9.53525447845459,6.269075870513916,6.30025053024292,5.1119303703308105,7.893222808837891,10.326852798461914,7.770312309265137,,
2018-06-27,9.410604476928711,6.439611434936523,6.286558151245117,5.102080821990967,7.875640869140625,10.300601959228516,7.741469860076904,,
2018-06-28,9.358450889587402,6.478231430053711,6.273472309112549,5.091686248779297,7.847649097442627,10.279166221618652,7.70986270904541,,6.401454448699951
2018-06-29,9.36807918548584,6.458024978637695,6.258011341094971,5.081108093261719,7.821890354156494,10.260604858398438,7.702605724334717,,
2018-06-30,9.25798511505127,6.387223720550537,6.2259674072265625,5.070737361907959,7.774327754974365,10.169876098632812,7.6276421546936035,,
2018-07-01,9.133182525634766,6.4074554443359375,6.190878391265869,5.060301780700684,7.700562477111816,10.121084213256836,7.579189300537109,,
2018-07-02,9.159402847290039,6.288102626800537,6.175172328948975,5.049723148345947,7.645756244659424,10.164453506469727,7.546874523162842,,
2018-07-03,9.173020362854004,5.99821138381958,6.167178153991699,5.039022445678711,7.607138633728027,10.18126106262207,7.552699089050293,,
2018-07-04,9.160496711730957,5.872649192810059,6.1561384201049805,5.028141021728516,7.594627857208252,10.18574333190918,7.554731369018555,,
2018-07-05,9.119959831237793,5.907898902893066,6.145766735076904,5.016860008239746,7.603640556335449,10.175992965698242,7.52724552154541,,
2018-07-06,8.995413780212402,6.006930351257324,6.132392883300781,5.00509786605835,7.61538028717041,10.162150382995605,7.526524066925049,,
2018-07-07,8.728906631469727,6.146310806274414,6.101236820220947,4.992507457733154,7.56627082824707,10.048515319824219,7.497256278991699,,
2018-07-08,8.57143783569336,6.1566267013549805,6.065474510192871,4.979482173919678,7.490932464599609,9.987066268920898,7.459794521331787,,
2018-07-09,8.621620178222656,6.148758888244629,6.046739101409912,4.966591835021973,7.456089496612549,10.035959243774414,7.4657487869262695,,
2018-07-10,8.646259307861328,6.126718521118164,6.037267208099365,4.954216957092285,7.456068515777588,10.066950798034668,7.431833744049072,,
2018-07-11,8.64639663696289,6.193368911743164,6.032902240753174,4.942329406738281,7.448754787445068,10.088288307189941,7.414183616638184,,
2018-07-12,8.68269157409668,6.07814359664917,6.028696060180664,4.930706024169922,7.422879219055176,10.09151554107666,7.401203632354736,,
2018-07-13,8.710515022277832,5.788461685180664,6.021687030792236,4.919390678405762,7.39346981048584,10.095355033874512,7.412775039672852,,6.1110148429870605
2018-07-14,8.615081787109375,5.626883029937744,5.990874290466309,4.9079813957214355,7.345617294311523,9.998190879821777,7.403191089630127,,
2018-07-15,8.527299880981445,5.630484580993652,5.955749034881592,4.896330833435059,7.306963920593262,9.93755054473877,7.333374977111816,,
2018-07-16,8.449090003967285,5.741322994232178,5.941226005554199,4.884306907653809,7.310466766357422,9.973791122436523,7.294839382171631,,
2018-07-17,8.358813285827637,5.929266929626465,5.9328131675720215,4.871487617492676,7.308937072753906,9.975940704345703,7.296319007873535,,
2018-07-18,8.368350982666016,5.983295917510986,5.922098159790039,4.858203411102295,7.302448749542236,9.974586486816406,7.296054840087891,,
2018-07-19,8.399235725402832,5.97572135925293,5.906442165374756,4.844595909118652,7.297237396240234,9.982240676879883,7.306911468505859,,
2018-07-20,8.392459869384766,5.951396465301514,5.891970157623291,4.831501483917236,7.306341171264648,9.986898422241211,7.277920246124268,,
2018-07-21,8.218016624450684,5.980602741241455,5.8646721839904785,4.818896770477295,7.260730743408203,9.901235580444336,7.255237579345703,,
2018-07-22,8.118736267089844,5.829885959625244,5.836833953857422,4.806512355804443,7.181082725524902,9.851713180541992,7.220088958740234,,
2018-07-23,8.1475248336792,5.5490617752075195,5.830316543579102,4.794438362121582,7.136930465698242,9.916569709777832,7.227585792541504,,
2018-07-24,8.151424407958984,5.434842109680176,5.827302932739258,4.782510757446289,7.131448268890381,9.940675735473633,7.243684768676758,,
2018-07-25,8.19847297668457,5.482982158660889,5.823878765106201,4.770826816558838,7.153361797332764,9.941381454467773,7.208632946014404,,
2018-07-26,8.16077995300293,5.593257427215576,5.818617820739746,4.758998394012451,7.178263187408447,9.93395709991455,7.176448822021484,,
2018-07-27,8.076655387878418,5.779024600982666,5.811483860015869,4.746659278869629,7.180239677429199,9.913485527038574,7.177221775054932,,5.898684978485107
2018-07-28,7.950933456420898,5.796288013458252,5.781208038330078,4.734149932861328,7.133331775665283,9.8111572265625,7.092049598693848,,
2018-07-29,7.938523292541504,5.7559943199157715,5.741043567657471,4.721514701843262,7.07957649230957,9.765647888183594,7.115964412689209,,
2018-07-30,7.978281497955322,5.739912986755371,5.723177433013916,4.709451198577881,7.082971096038818,9.831645011901855,7.101410865783691,,
2018-07-31,7.952122211456299,5.815415859222412,5.720214366912842,4.697879314422607,7.085335731506348,9.858315467834473,7.118096828460693,,
2018-08-01,8.009944915771484,5.708131313323975,5.721647262573242,4.686642646789551,7.068366527557373,9.867630958557129,7.099020957946777,,
2018-08-02,8.073737144470215,5.425561428070068,5.72274923324585,4.675640106201172,7.045552730560303,9.879791259765625,7.122567176818848,,
2018-08-03,8.128668785095215,5.304381370544434,5.717996597290039,4.6646199226379395,7.041872024536133,9.883387565612793,7.123641490936279,,
2018-08-04,8.044124603271484,5.310597896575928,5.6934990882873535,4.653698921203613,7.021608352661133,9.779666900634766,7.075297832489014,,
2018-08-05,7.808306694030762,5.383688449859619,5.662761688232422,4.642564296722412,6.996768951416016,9.720152854919434,7.040144920349121,,
2018-08-06,7.652956962585449,5.57443380355835,5.652451992034912,4.630863666534424,6.987583637237549,9.757023811340332,7.037031173706055,,
2018-08-07,7.658536434173584,5.633860111236572,5.6504645347595215,4.619090557098389,6.977736473083496,9.770316123962402,6.960328578948975,,
2018-08-08,7.812121391296387,5.633603096008301,5.644576549530029,4.6075358390808105,6.974010467529297,9.786846160888672,6.9943037033081055,,
2018-08-09,7.909993648529053,5.615185737609863,5.6389336585998535,4.596851825714111,6.9918928146362305,9.805333137512207,6.988221168518066,,
2018-08-10,7.942074775695801,5.684767246246338,5.635199069976807,4.586878299713135,6.997577667236328,9.819023132324219,7.047130107879639,,
2018-08-11,7.903176307678223,5.536081790924072,5.61639928817749,4.577361583709717,6.947564601898193,9.729996681213379,7.049434661865234,,
2018-08-12,7.892385482788086,5.217648029327393,5.593207359313965,4.568044662475586,6.8877787590026855,9.690574645996094,7.054780006408691,,
2018-08-13,7.993053913116455,5.105383396148682,5.588109970092773,4.558852672576904,6.886011123657227,9.755228996276855,7.068447589874268,,
2018-08-14,8.060551643371582,5.158377170562744,5.5916523933410645,4.54995059967041,6.9163079261779785,9.776972770690918,7.047233581542969,,5.676554203033447
2018-08-15,8.030567169189453,5.274226188659668,5.5936784744262695,4.541203498840332,6.950580596923828,9.786957740783691,7.035595893859863,,
2018-08-16,7.97290563583374,5.465939044952393,5.592393398284912,4.532016754150391,6.96431827545166,9.792423248291016,7.050294399261475,,
2018-08-17,8.019573211669922,5.5250468254089355,5.592464923858643,4.522849082946777,6.969433784484863,9.800186157226562,7.05810022354126,,
2018-08-18,8.031444549560547,5.49041223526001,5.575789928436279,4.513947010040283,6.939901828765869,9.737183570861816,7.0597639083862305,,
2018-08-19,8.226249694824219,5.516200542449951,5.57216739654541,4.505918502807617,6.965141296386719,9.781474113464355,7.044525623321533,,
2018-08-20,8.35466194152832,5.625683307647705,5.574394702911377,4.498588562011719,7.010033130645752,9.80147933959961,7.082565784454346,,
2018-08-21,8.487335205078125,5.671297073364258,5.577390193939209,4.491872787475586,7.054677963256836,9.807136535644531,7.101287364959717,,
2018-08-22,8.583368301391602,5.726291179656982,5.579661846160889,4.4857001304626465,7.096770286560059,9.814484596252441,7.1285400390625,,
2018-08-23,8.614973068237305,5.762660980224609,5.581571102142334,4.479791641235352,7.134444713592529,9.818787574768066,7.145963191986084,,
2018-08-24,8.710516929626465,5.7808403968811035,5.583006381988525,4.474388122558594,7.169104099273682,9.822773933410645,7.134939193725586,,
2018-08-25,8.779227256774902,5.686753749847412,5.581964492797852,4.469986438751221,7.201662540435791,9.82558822631836,7.147256851196289,,
2018-08-26,8.812906265258789,5.779842853546143,5.578701496124268,4.466339111328125,7.226171493530273,9.828323364257812,7.188591003417969,,
2018-08-27,8.91726016998291,5.793692111968994,5.579654216766357,4.463183403015137,7.248981475830078,9.833552360534668,7.216794490814209,,
2018-08-28,9.004328727722168,5.763423919677734,5.582711219787598,4.4604387283325195,7.269781112670898,9.840466499328613,7.2451324462890625,,5.700737953186035
2018-08-29,9.060120582580566,5.7479753494262695,5.58624792098999,4.45829439163208,7.294032573699951,9.846847534179688,7.239747524261475,,
2018-08-30,9.088648796081543,5.833237171173096,5.589104652404785,4.45660924911499,7.317975997924805,9.8514404296875,7.26578950881958,,
2018-08-31,9.140484809875488,5.855830669403076,5.592197418212891,4.455293655395508,7.3401570320129395,9.845840454101562,7.27603006362915,,
2018-09-01,9.174201011657715,5.892678260803223,5.595536231994629,4.454270839691162,7.3604044914245605,9.846343040466309,7.299673557281494,,
2018-09-02,9.17736530303955,5.917118549346924,5.598965167999268,4.453488826751709,7.378492832183838,9.847138404846191,7.314095497131348,,
2018-09-03,9.230437278747559,5.93673849105835,5.602345943450928,4.452983856201172,7.395751953125,9.849933624267578,7.28626823425293,,
2018-09-04,9.257723808288574,5.832185745239258,5.603443145751953,4.452794075012207,7.4119110107421875,9.855052947998047,7.32325553894043,,
2018-09-05,9.25318431854248,5.917051792144775,5.6022748947143555,4.452991962432861,7.421650409698486,9.857757568359375,7.343319416046143,,
2018-09-06,9.324563026428223,5.9239301681518555,5.605129241943359,4.453479290008545,7.43101692199707,9.859186172485352,7.360260486602783,,
2018-09-07,9.373455047607422,5.887259006500244,5.609883785247803,4.454344272613525,7.440292835235596,9.863192558288574,7.382004261016846,,
2018-09-08,9.39731502532959,5.882284164428711,5.614826679229736,4.455384731292725,7.453170299530029,9.867128372192383,7.395447731018066,,
2018-09-09,9.398054122924805,5.95167350769043,5.618793964385986,4.456480503082275,7.466263294219971,9.869641304016113,7.399457931518555,,
2018-09-10,9.41299057006836,5.965150833129883,5.622697353363037,4.457596778869629,7.477845668792725,9.862237930297852,7.373162746429443,,
2018-09-11,9.427708625793457,5.99465799331665,5.626580715179443,4.458693504333496,7.4886322021484375,9.861015319824219,7.402917861938477,,
2018-09-12,9.389835357666016,6.01222562789917,5.630282878875732,4.4597649574279785,7.498297214508057,9.86019515991211,7.412779331207275,,
2018-09-13,9.43447208404541,6.025096416473389,5.633724212646484,4.460870742797852,7.507579803466797,9.861739158630371,7.3912224769592285,,
2018-09-14,9.464552879333496,6.009103298187256,5.634664058685303,4.4619832038879395,7.516219139099121,9.866039276123047,7.416968822479248,,5.849104404449463
2018-09-15,9.445816040039062,5.939671516418457,5.6331281661987305,4.463109016418457,7.518425941467285,9.867159843444824,7.428246021270752,,
2018-09-16,9.500268936157227,5.9601898193359375,5.635394096374512,4.464314937591553,7.5205888748168945,9.866449356079102,7.437997817993164,,
2018-09-17,9.533716201782227,5.9390435218811035,5.639331817626953,4.4656291007995605,7.522067070007324,9.86835765838623,7.4522480964660645,,
2018-09-18,9.577383995056152,5.997681140899658,5.643381118774414,4.4670209884643555,7.527825355529785,9.871576309204102,7.46595573425293,,
2018-09-19,9.614048957824707,6.03029203414917,5.646994590759277,4.468474388122559,7.534817218780518,9.87486457824707,7.47917366027832,,
2018-09-20,9.645123481750488,6.0491790771484375,5.650204658508301,4.4699578285217285,7.541535377502441,9.877799987792969,7.491873264312744,,
2018-09-21,9.6724271774292,6.062777519226074,5.65321159362793,4.471499443054199,7.547937393188477,9.880473136901855,7.5044145584106445,,
2018-09-22,9.696993827819824,6.073653221130371,5.656038284301758,4.473155975341797,7.554050445556641,9.883054733276367,7.516666412353516,,
2018-09-23,9.719755172729492,6.082756042480469,5.658829689025879,4.475193977355957,7.560643672943115,9.886394500732422,7.529836177825928,,
2018-09-24,9.740787506103516,6.0905609130859375,5.661623954772949,4.477449417114258,7.566837310791016,9.889942169189453,7.541966915130615,,
2018-09-25,9.76006031036377,6.0973663330078125,5.664408206939697,4.479748249053955,7.572454929351807,9.89317798614502,7.553612232208252,,
2018-09-26,9.777668952941895,6.103337287902832,5.667129039764404,4.481989860534668,7.577541351318359,9.896078109741211,7.563647270202637,,
2018-09-27,9.793760299682617,6.108616352081299,5.669761657714844,4.484145164489746,7.582178592681885,9.898651123046875,7.573122978210449,,
2018-09-28,9.808562278747559,6.113270282745361,5.672295570373535,4.486222743988037,7.586497783660889,9.900995254516602,7.5814208984375,,
2018-09-29,9.822202682495117,6.117449760437012,5.6747283935546875,4.488239765167236,7.590520858764648,9.90310001373291,7.589168548583984,,
2018-09-30,9.83479118347168,6.123138904571533,5.677070617675781,4.490207195281982,7.594387054443359,9.9049711227417,7.596096038818359,,
2018-10-01,9.84552001953125,6.131163597106934,5.679350852966309,4.4919538497924805,7.598411560058594,9.906696319580078,7.600330829620361,,
2018-10-02,9.855460166931152,6.141071796417236,5.681607246398926,4.493648529052734,7.602699279785156,9.908393859863281,7.603808879852295,,
2018-10-03,9.864789962768555,6.15203332901001,5.6838483810424805,4.495328426361084,7.6071553230285645,9.909893035888672,7.606908798217773,,
2018-10-04,9.873538970947266,6.163384437561035,5.686087608337402,4.496999263763428,7.611775875091553,9.911178588867188,7.609776973724365,,
2018-10-05,9.881694793701172,6.174657821655273,5.688323974609375,4.498650074005127,7.616465091705322,9.91228199005127,7.612417697906494,,
2018-10-06,9.889286994934082,6.175476551055908,5.690536022186279,4.500269889831543,7.621194362640381,9.9132661819458,7.614960193634033,,
2018-10-07,9.896333694458008,6.189714431762695,5.692671775817871,4.5018486976623535,7.625604152679443,9.91408634185791,7.617284297943115,,
2018-10-08,9.902861595153809,6.201441287994385,5.694742202758789,4.503374099731445,7.629820346832275,9.914750099182129,7.6194281578063965,,
2018-10-09,9.908886909484863,6.2114152908325195,5.696763038635254,4.504836559295654,7.6340813636779785,9.915254592895508,7.621382236480713,,
2018-10-10,9.91443920135498,6.220262050628662,5.698719501495361,4.506213188171387,7.638322353363037,9.91561508178711,7.6231489181518555,,
2018-10-11,9.919580459594727,6.218123435974121,5.700645446777344,4.507508277893066,7.642369270324707,9.91589069366455,7.624906063079834,,
2018-10-12,9.924330711364746,6.2291717529296875,5.702493190765381,4.508741855621338,7.646231174468994,9.916054725646973,7.626468658447266,,
2018-10-13,9.928669929504395,6.237755298614502,5.704204559326172,4.50990104675293,7.649896621704102,9.916105270385742,7.627845764160156,,
2018-10-14,9.932658195495605,6.244604587554932,5.705808162689209,4.511007308959961,7.652821063995361,9.916056632995605,7.629011631011963,,
2018-10-15,9.936285018920898,6.250581741333008,5.7073073387146,4.512082099914551,7.655673027038574,9.915928840637207,7.630013465881348,,
2018-10-16,9.939587593078613,6.256008148193359,5.708792686462402,4.5131378173828125,7.65852165222168,9.915740966796875,7.630895614624023,,5.979658126831055
2018-10-17,9.942577362060547,6.261099338531494,5.710247039794922,4.514174938201904,7.661286354064941,9.915495872497559,7.631655693054199,,
2018-10-18,9.945277214050293,6.255776882171631,5.711598873138428,4.515198230743408,7.663785457611084,9.915201187133789,7.632303714752197,,
2018-10-19,9.947715759277344,6.264107704162598,5.712948322296143,4.516216278076172,7.666115760803223,9.914855003356934,7.632840156555176,,
2018-10-20,9.949906349182129,6.270229816436768,5.714240550994873,4.517210483551025,7.6678571701049805,9.914463996887207,7.633272647857666,,
2018-10-21,9.951870918273926,6.27493953704834,5.715494155883789,4.518170356750488,7.6695661544799805,9.914034843444824,7.633608818054199,,
2018-10-22,9.953619956970215,6.278873443603516,5.716679096221924,4.519076824188232,7.671360015869141,9.913568496704102,7.6338582038879395,,
2018-10-23,9.955175399780273,6.282258033752441,5.717806816101074,4.519914627075195,7.673102378845215,9.913079261779785,7.634047508239746,,
2018-10-24,9.956547737121582,6.285221099853516,5.71890926361084,4.520698070526123,7.67473030090332,9.912568092346191,7.634180545806885,,
2018-10-25,9.957749366760254,6.28785514831543,5.719970703125,4.521419048309326,7.676245212554932,9.912046432495117,7.634271621704102,,
2018-10-26,9.958868026733398,6.290192127227783,5.721014499664307,4.522162914276123,7.6780314445495605,9.911870956420898,7.634801864624023,,
2018-10-27,9.959996223449707,6.2922210693359375,5.722078800201416,4.52303409576416,7.679954528808594,9.912346839904785,7.636050224304199,,
2018-10-28,9.96109676361084,6.293980121612549,5.72316312789917,4.523957252502441,7.681560516357422,9.912531852722168,7.637272357940674,,
2018-10-29,9.962109565734863,6.295510768890381,5.724228382110596,4.524872303009033,7.682887077331543,9.912586212158203,7.638393878936768,,6.0135626792907715
2018-10-30,9.964054107666016,6.296866416931152,5.725816249847412,4.527101039886475,7.68616247177124,9.921146392822266,7.644474506378174,,
2018-10-31,9.966532707214355,6.2976298332214355,5.727656841278076,4.5295891761779785,7.688424110412598,9.925482749938965,7.650306224822998,,
2018-11-01,9.969015121459961,6.297560214996338,5.729548454284668,4.532015323638916,7.690139293670654,9.92987060546875,7.658473968505859,,
2018-11-02,9.971112251281738,6.296703815460205,5.731333255767822,4.534234523773193,7.691294193267822,9.932832717895508,7.665431022644043,,
2018-11-03,9.972765922546387,6.295238018035889,5.732951641082764,4.536236763000488,7.69204568862915,9.935758590698242,7.6712822914123535,,
2018-11-04,9.974042892456055,6.293364524841309,5.734380722045898,4.538036823272705,7.69247579574585,9.938074111938477,7.6756720542907715,,
2018-11-05,9.975050926208496,6.291223049163818,5.735618591308594,4.539656639099121,7.692660808563232,9.940306663513184,7.679630279541016,,
2018-11-06,9.975865364074707,6.288926601409912,5.736680507659912,4.541111469268799,7.692633152008057,9.942300796508789,7.682406425476074,,
2018-11-07,9.976583480834961,6.286571979522705,5.73760461807251,4.542457103729248,7.692524433135986,9.94456672668457,7.685482501983643,,
2018-11-08,9.97720718383789,6.284209251403809,5.738401412963867,4.543684005737305,7.692257881164551,9.946308135986328,7.687490463256836,,
2018-11-09,9.977742195129395,6.281872749328613,5.739083290100098,4.544787406921387,7.691860198974609,9.947948455810547,7.689700126647949,,
2018-11-10,9.978307723999023,6.279626369476318,5.739706039428711,4.545856475830078,7.691553115844727,9.95043659210205,7.691876411437988,,
2018-11-11,9.979059219360352,6.27743673324585,5.740360260009766,4.546999454498291,7.6914381980896,9.953532218933105,7.694733619689941,,
2018-11-12,9.980134010314941,6.275306701660156,5.741170406341553,4.548417091369629,7.691629409790039,9.958076477050781,7.698254108428955,,
2018-11-13,9.981346130371094,6.273228645324707,5.742066860198975,4.549953937530518,7.691570281982422,9.961008071899414,7.701436519622803,,
2018-11-14,9.982441902160645,6.27115535736084,5.742949962615967,4.5514349937438965,7.691283226013184,9.963685035705566,7.704188346862793,,6.08262300491333
2018-11-15,9.983346939086914,6.269034385681152,5.743742942810059,4.552779674530029,7.690808296203613,9.966005325317383,7.706223011016846,,
2018-11-16,9.984099388122559,6.266777038574219,5.744415283203125,4.553970813751221,7.690216064453125,9.968220710754395,7.70808744430542,,
2018-11-17,9.98473072052002,6.264426231384277,5.744960308074951,4.555008411407471,7.689509868621826,9.970155715942383,7.7093424797058105,,
2018-11-18,9.985270500183105,6.262011528015137,5.745378017425537,4.555901527404785,7.688709259033203,9.971982955932617,7.71067476272583,,
2018-11-19,9.985745429992676,6.259562015533447,5.745687007904053,4.556670665740967,7.687858581542969,9.973670959472656,7.711522579193115,,
2018-11-20,9.98618221282959,6.257105350494385,5.745906829833984,4.557332992553711,7.686960220336914,9.975279808044434,7.712517261505127,,
2018-11-21,9.986573219299316,6.254644393920898,5.7460551261901855,4.557903289794922,7.686004638671875,9.97671890258789,7.713193893432617,,
2018-11-22,9.986930847167969,6.252236843109131,5.7461419105529785,4.558383464813232,7.68500280380249,9.978036880493164,7.71385383605957,,
2018-11-23,9.9872465133667,6.249820232391357,5.746167182922363,4.558788299560547,7.683943748474121,9.97918701171875,7.714339733123779,,
2018-11-24,9.987520217895508,6.247482776641846,5.746147155761719,4.5591139793396,7.682863235473633,9.98028564453125,7.714756011962891,,
2018-11-25,9.987771034240723,6.2451395988464355,5.746090888977051,4.559390544891357,7.68175745010376,9.98123836517334,7.715065002441406,,
2018-11-26,9.988100051879883,6.242884159088135,5.746060371398926,4.559680461883545,7.680872440338135,9.983259201049805,7.7160868644714355,,
2018-11-27,9.988479614257812,6.240667343139648,5.7460527420043945,4.559980869293213,7.679945945739746,9.984625816345215,7.716975212097168,,
2018-11-28,9.988908767700195,6.238471031188965,5.746090888977051,4.560324192047119,7.6790900230407715,9.986344337463379,7.71809196472168,,
2018-11-29,9.989477157592773,6.236279010772705,5.746253967285156,4.560832977294922,7.678472995758057,9.989137649536133,7.719826698303223,,
2018-11-30,9.990126609802246,6.2347002029418945,5.746503829956055,4.5614471435546875,7.677791118621826,9.991066932678223,7.721274375915527,,
2018-12-01,9.990829467773438,6.233895778656006,5.746811866760254,4.562126636505127,7.677204132080078,9.99339771270752,7.726885795593262,,
2018-12-02,9.992166519165039,6.233699798583984,5.747722148895264,4.563634395599365,7.678102970123291,10.003129005432129,7.735681533813477,,
2018-12-03,9.994035720825195,6.233884334564209,5.749018669128418,4.565633773803711,7.678988456726074,10.00978946685791,7.744055271148682,,6.13573694229126
2018-12-04,9.995973587036133,6.234263896942139,5.750365734100342,4.567628383636475,7.6796064376831055,10.015962600708008,7.750775337219238,,
2018-12-05,9.997820854187012,6.234728813171387,5.751652717590332,4.5695366859436035,7.680159091949463,10.022150993347168,7.756277084350586,,
2018-12-06,9.999516487121582,6.235204219818115,5.752847194671631,4.571330547332764,7.680644512176514,10.028288841247559,7.760957717895508,,
2018-12-07,10.001967430114746,6.235682010650635,5.75474739074707,4.574136257171631,7.682532787322998,10.042179107666016,7.769028186798096,,
2018-12-08,10.005879402160645,6.236170768737793,5.757391929626465,4.577981948852539,7.685616493225098,10.058614730834961,7.780978202819824,,
2018-12-09,10.011220932006836,6.236702919006348,5.760766983032227,4.5826311111450195,7.689553737640381,10.08391284942627,7.793281555175781,,
2018-12-10,10.016179084777832,6.237294673919678,5.764350414276123,4.587563514709473,7.692567825317383,10.103129386901855,7.803538799285889,,
2018-12-11,10.020415306091309,6.237889289855957,5.76766300201416,4.592072010040283,7.694751739501953,10.118978500366211,7.810689449310303,,
2018-12-12,10.024219512939453,6.238490581512451,5.770589828491211,4.596024513244629,7.696439266204834,10.1318998336792,7.815895080566406,,
2018-12-13,10.027811050415039,6.2390947341918945,5.773162841796875,4.5995330810546875,7.697860240936279,10.142300605773926,7.820427894592285,,
2018-12-14,10.031329154968262,6.239685535430908,5.775456428527832,4.602715969085693,7.6991496086120605,10.150699615478516,7.824331760406494,,6.237313747406006
2018-12-15,10.035187721252441,6.240340709686279,5.777754783630371,4.605891227722168,7.7008280754089355,10.161429405212402,7.829379558563232,,
2018-12-16,10.03922176361084,6.240983963012695,5.780054092407227,4.609034538269043,7.702470302581787,10.169170379638672,7.833643913269043,,
2018-12-17,10.04334831237793,6.241640090942383,5.782387733459473,4.61220645904541,7.704142093658447,10.177698135375977,7.837796211242676,,
2018-12-18,10.047433853149414,6.242305755615234,5.784677028656006,4.615291118621826,7.705660343170166,10.183981895446777,7.841183662414551,,
2018-12-19,10.051591873168945,6.242975234985352,5.786965847015381,4.618331432342529,7.707204341888428,10.190256118774414,7.8445820808410645,,
2018-12-20,10.055805206298828,6.243640899658203,5.789252281188965,4.62131404876709,7.7086992263793945,10.196187019348145,7.847591400146484,,
2018-12-21,10.060925483703613,6.244390487670898,5.792314052581787,4.6251301765441895,7.7116241455078125,10.211912155151367,7.854120254516602,,
2018-12-22,10.066973686218262,6.2452168464660645,5.796239376068115,4.630100727081299,7.715121269226074,10.230409622192383,7.861518383026123,,
2018-12-23,10.073792457580566,6.246148586273193,5.801105499267578,4.636527061462402,7.719119071960449,10.253981590270996,7.870341777801514,,
2018-12-24,10.0803804397583,6.247193813323975,5.806095600128174,4.642920970916748,7.722325801849365,10.269671440124512,7.876498222351074,,
2018-12-25,10.086544036865234,6.248304843902588,5.810807704925537,4.648670196533203,7.724943161010742,10.28139877319336,7.881475925445557,,
2018-12-26,10.092421531677246,6.249478816986084,5.81518030166626,4.653794288635254,7.7272748947143555,10.288880348205566,7.88563346862793,,
2018-12-27,10.098127365112305,6.250645637512207,5.81922721862793,4.658431053161621,7.729458808898926,10.29556941986084,7.889195919036865,,
2018-12-28,10.10372543334961,6.2518157958984375,5.823059558868408,4.662714004516602,7.7315802574157715,10.300905227661133,7.8923187255859375,,
2018-12-29,10.10926342010498,6.252994537353516,5.826690673828125,4.666755676269531,7.733668804168701,10.305415153503418,7.895135402679443,,
2018-12-30,10.114819526672363,6.254177093505859,5.830215930938721,4.670713901519775,7.735816955566406,10.310426712036133,7.898220539093018,,
2018-12-31,10.12047290802002,6.256874084472656,5.833641529083252,4.674696922302246,7.737954616546631,10.314074516296387,7.902162075042725,,
