date,GMW000000116943_T5_GLD000000146388,GMW000000117259_T3_GLD000000146652,GMW000000018029_T2_GLD000000018536,GMW000000017943_T3_GLD000000023370,GMW000000017759_T5_GLD000000018228,GMW000000017759_T9_GLD000000023368,GMW000000017759_T12_GLD000000023394,GMW000000017862_T4_GLD000000018246,GMW000000018050_T4_GLD000000018252,GMW000000116943_T9_GLD000000146392,GMW000000116943_T8_GLD000000146391,GMW000000017943_T4_GLD000000023371,GMW000000082160_T4_GLD000000050467,GMW000000082160_T5_GLD000000050468,GMW000000082160_T7_GLD000000050470,GMW000000082160_T8_GLD000000050471
2017-01-01,5.315787315368652,9.202779769897461,9.878034591674805,7.161566257476807,5.699398040771484,5.699398040771484,5.699398040771484,7.1871747970581055,4.840284824371338,5.315787315368652,5.315787315368652,,,,,
2017-01-02,5.327416896820068,9.205272674560547,9.87929916381836,7.162354946136475,5.701367378234863,5.701367378234863,5.701367378234863,7.191690921783447,4.841099262237549,5.327416896820068,5.327416896820068,,,,,
2017-01-03,5.337350368499756,9.207773208618164,9.880467414855957,7.1632843017578125,5.703608989715576,5.703608989715576,5.703608989715576,7.196159839630127,4.842139720916748,5.337350368499756,5.337350368499756,,,,,
2017-01-04,5.345977306365967,9.210280418395996,9.881709098815918,7.16440486907959,5.706016540527344,5.706016540527344,5.706016540527344,7.200519561767578,4.843381404876709,5.345977306365967,5.345977306365967,,,,,
2017-01-05,5.353757858276367,9.212867736816406,9.883028984069824,7.165727615356445,5.708486080169678,5.708486080169678,5.708486080169678,7.204851150512695,4.844743728637695,5.353757858276367,5.353757858276367,,,,,
2017-01-06,5.360928535461426,9.215433120727539,9.884380340576172,7.167192459106445,5.711150646209717,5.711150646209717,5.711150646209717,7.209104537963867,4.846324920654297,5.360928535461426,5.360928535461426,,,,,
2017-01-07,5.367736339569092,9.218095779418945,9.885794639587402,7.168812274932861,5.713863849639893,5.713863849639893,5.713863849639893,7.213375568389893,4.847994327545166,5.367736339569092,5.367736339569092,,,,,
2017-01-08,5.374290466308594,9.22082805633545,9.887228965759277,7.170558452606201,5.716655254364014,5.716655254364014,5.716655254364014,7.2176690101623535,4.849762439727783,5.374290466308594,5.374290466308594,,,,,
2017-01-09,5.380682468414307,9.223645210266113,9.888812065124512,7.172455787658691,5.719557285308838,5.719557285308838,5.719557285308838,7.222010135650635,4.851650714874268,5.380682468414307,5.380682468414307,,,,,
2017-01-10,5.3869948387146,9.22659969329834,9.890589714050293,7.174532890319824,5.722553730010986,5.722553730010986,5.722553730010986,7.226448059082031,4.853633403778076,5.3869948387146,5.3869948387146,,,,,
2017-01-11,5.393213748931885,9.22962760925293,9.892512321472168,7.176743984222412,5.725703716278076,5.725703716278076,5.725703716278076,7.230920314788818,4.855774402618408,5.393213748931885,5.393213748931885,,,,,
2017-01-12,5.399438858032227,9.233028411865234,9.895403861999512,7.179539680480957,5.728960990905762,5.728960990905762,5.728960990905762,7.23565149307251,4.858098983764648,5.399438858032227,5.399438858032227,,,,,
2017-01-13,5.405885696411133,9.237064361572266,9.89979076385498,7.183362007141113,5.732616901397705,5.732616901397705,5.732616901397705,7.240875720977783,4.860950469970703,5.405885696411133,5.405885696411133,,,,,
2017-01-14,5.412668704986572,9.241922378540039,9.90570068359375,7.188353538513184,5.73705530166626,5.73705530166626,5.73705530166626,7.246682167053223,4.864791393280029,5.412668704986572,5.412668704986572,,,,,
2017-01-15,5.419891357421875,9.247714042663574,9.912755012512207,7.194476127624512,5.7423014640808105,5.7423014640808105,5.7423014640808105,7.253194808959961,4.869450092315674,5.419891357421875,5.419891357421875,,,,,
2017-01-16,5.42752742767334,9.254242897033691,9.920415878295898,7.201327323913574,5.74846887588501,5.74846887588501,5.74846887588501,7.260274410247803,4.874969482421875,5.42752742767334,5.42752742767334,,6.28727388381958,6.28727388381958,6.28727388381958,6.28727388381958
2017-01-17,5.4354567527771,9.261394500732422,9.928231239318848,7.208674907684326,5.755145072937012,5.755145072937012,5.755145072937012,7.267894268035889,4.880847930908203,5.4354567527771,5.4354567527771,,,,,
2017-01-18,5.443593978881836,9.268963813781738,9.93589973449707,7.216212272644043,5.762164115905762,5.762164115905762,5.762164115905762,7.275890827178955,,5.443593978881836,5.443593978881836,,,,,
2017-01-19,5.451839923858643,9.27673625946045,9.94322395324707,7.223684787750244,5.769394397735596,5.769394397735596,5.769394397735596,7.284075736999512,4.893100738525391,5.451839923858643,5.451839923858643,,,,,
2017-01-20,5.460177421569824,9.284639358520508,9.950078964233398,7.2310471534729,5.776665210723877,5.776665210723877,5.776665210723877,7.2924418449401855,4.899170875549316,5.460177421569824,5.460177421569824,,,,,
2017-01-21,5.468485355377197,9.292476654052734,9.956428527832031,7.238086700439453,5.783917427062988,5.783917427062988,5.783917427062988,7.300757884979248,4.905145168304443,5.468485355377197,5.468485355377197,,,,,
2017-01-22,5.476743698120117,9.300180435180664,9.962221145629883,7.244777679443359,5.791090965270996,5.791090965270996,5.791090965270996,7.308994770050049,4.910961151123047,5.476743698120117,5.476743698120117,,,,,
2017-01-23,5.4849114418029785,9.307707786560059,9.96747875213623,7.25110387802124,5.798092842102051,5.798092842102051,5.798092842102051,7.317112922668457,4.91653299331665,5.4849114418029785,5.4849114418029785,,,,,
2017-01-24,5.492974281311035,9.314996719360352,9.972222328186035,7.257054328918457,5.804907321929932,5.804907321929932,5.804907321929932,7.325096607208252,4.921849250793457,5.492974281311035,5.492974281311035,,,,,
2017-01-25,5.500848770141602,9.321992874145508,9.976529121398926,7.262568950653076,5.811504364013672,5.811504364013672,5.811504364013672,7.332800388336182,4.926936626434326,5.500848770141602,5.500848770141602,,,,,
2017-01-26,5.5085272789001465,9.328696250915527,9.980403900146484,7.267679214477539,5.817827224731445,5.817827224731445,5.817827224731445,7.340254783630371,4.931726932525635,5.5085272789001465,5.5085272789001465,,,,,
2017-01-27,5.516022682189941,9.335067749023438,9.983829498291016,7.272390365600586,5.823910236358643,5.823910236358643,5.823910236358643,7.347481727600098,4.936254024505615,5.516022682189941,5.516022682189941,,,,,
2017-01-28,5.523372173309326,9.341114044189453,9.98687744140625,7.276730537414551,5.829823970794678,5.829823970794678,5.829823970794678,7.354334831237793,4.941222667694092,5.523372173309326,5.523372173309326,,,,,
2017-01-29,5.530730724334717,9.346856117248535,9.989716529846191,7.280829906463623,5.835903167724609,5.835903167724609,5.835903167724609,7.360976696014404,4.946735858917236,5.530730724334717,5.530730724334717,,,,,
2017-01-30,5.538018703460693,9.352378845214844,9.99251651763916,7.284813404083252,5.841880798339844,5.841880798339844,5.841880798339844,7.367506980895996,4.952118396759033,5.538018703460693,5.538018703460693,,,,,
2017-01-31,5.5571393966674805,9.358399391174316,9.9952974319458,7.28863000869751,5.847919464111328,5.847919464111328,5.847919464111328,7.375855922698975,4.957290172576904,5.5571393966674805,5.5571393966674805,,6.396580696105957,6.396580696105957,6.396580696105957,6.396580696105957
2017-02-01,5.579945087432861,9.365113258361816,9.996801376342773,7.291706085205078,5.854241371154785,5.854241371154785,5.854241371154785,7.3858232498168945,4.962221145629883,5.579945087432861,5.579945087432861,,,,,
2017-02-02,5.601169586181641,9.372091293334961,9.99806022644043,7.294467449188232,5.8606133460998535,5.8606133460998535,5.8606133460998535,7.396172046661377,4.966846942901611,5.601169586181641,5.601169586181641,,,,,
2017-02-03,5.619597434997559,9.378982543945312,9.999456405639648,7.297173023223877,5.866946220397949,5.866946220397949,5.866946220397949,7.40623664855957,4.971203327178955,5.619597434997559,5.619597434997559,,,,,
2017-02-04,5.635391712188721,9.385599136352539,10.001124382019043,7.299908638000488,5.873220443725586,5.873220443725586,5.873220443725586,7.415651798248291,4.975425720214844,5.635391712188721,5.635391712188721,,,,,
2017-02-05,5.649164199829102,9.39191722869873,10.002971649169922,7.302671909332275,5.87925386428833,5.87925386428833,5.87925386428833,7.424468994140625,4.979450702667236,5.649164199829102,5.649164199829102,,,,,
2017-02-06,5.661407947540283,9.397944450378418,10.004871368408203,7.305400371551514,5.884928226470947,5.884928226470947,5.884928226470947,7.432738780975342,4.983197212219238,5.661407947540283,5.661407947540283,,,,,
2017-02-07,5.672471046447754,9.403660774230957,10.006715774536133,7.308048248291016,5.890336990356445,5.890336990356445,5.890336990356445,7.44048547744751,4.986770153045654,5.672471046447754,5.672471046447754,,,,,
2017-02-08,5.682598114013672,9.409111022949219,10.008509635925293,7.310596466064453,5.8954691886901855,5.8954691886901855,5.8954691886901855,7.4477739334106445,4.990164756774902,5.682598114013672,5.682598114013672,,,,,
2017-02-09,5.6919660568237305,9.414348602294922,10.010223388671875,7.313018798828125,5.9002509117126465,5.9002509117126465,5.9002509117126465,7.4546799659729,4.993295669555664,5.6919660568237305,5.6919660568237305,,,,,
2017-02-10,5.7006988525390625,9.419340133666992,10.01183795928955,7.315296173095703,5.904810428619385,5.904810428619385,5.904810428619385,7.461208343505859,4.996276378631592,5.7006988525390625,5.7006988525390625,,,,,
2017-02-11,5.708841800689697,9.424091339111328,10.013397216796875,7.317442893981934,5.909126281738281,5.909126281738281,5.909126281738281,7.4673614501953125,4.999087333679199,5.708841800689697,5.708841800689697,,,,,
2017-02-12,5.716545104980469,9.428728103637695,10.014886856079102,7.319474220275879,5.913144111633301,5.913144111633301,5.913144111633301,7.473292350769043,5.00166130065918,5.716545104980469,5.716545104980469,,,,,
2017-02-13,5.723729610443115,9.433029174804688,10.016230583190918,7.321349620819092,5.917034149169922,5.917034149169922,5.917034149169922,7.4788103103637695,5.004161357879639,5.723729610443115,5.723729610443115,,,,,
2017-02-14,5.731091499328613,9.437084197998047,10.017356872558594,7.323038578033447,5.9209184646606445,5.9209184646606445,5.9209184646606445,7.483994960784912,5.0069899559021,5.731091499328613,5.731091499328613,,6.486696243286133,6.486696243286133,6.486696243286133,6.486696243286133
2017-02-15,5.738884449005127,9.440913200378418,10.01823616027832,7.324538230895996,5.924976825714111,5.924976825714111,5.924976825714111,7.489070415496826,5.0101542472839355,5.738884449005127,5.738884449005127,,,,,
2017-02-16,5.746975421905518,9.444511413574219,10.018856048583984,7.325851917266846,5.929203987121582,5.929203987121582,5.929203987121582,7.494011878967285,5.0134429931640625,5.746975421905518,5.746975421905518,,,,,
2017-02-17,5.754850387573242,9.4478759765625,10.01925277709961,7.326984882354736,5.933298587799072,5.933298587799072,5.933298587799072,7.4987969398498535,5.016493797302246,5.754850387573242,5.754850387573242,,,,,
2017-02-18,5.76226806640625,9.450994491577148,10.019439697265625,7.327932834625244,5.937136650085449,5.937136650085449,5.937136650085449,7.5033745765686035,5.019214153289795,5.76226806640625,5.76226806640625,,,,,
2017-02-19,5.769145965576172,9.453876495361328,10.019425392150879,7.328697204589844,5.940664768218994,5.940664768218994,5.940664768218994,7.507692337036133,5.021596908569336,5.769145965576172,5.769145965576172,,,,,
2017-02-20,5.77548885345459,9.456539154052734,10.019295692443848,7.329301357269287,5.943851470947266,5.943851470947266,5.943851470947266,7.511752128601074,5.023646831512451,5.77548885345459,5.77548885345459,,,,,
2017-02-21,5.781302452087402,9.458996772766113,10.019050598144531,7.329763889312744,5.946707248687744,5.946707248687744,5.946707248687744,7.51551628112793,5.0254034996032715,5.781302452087402,5.781302452087402,,,,,
2017-02-22,5.786764144897461,9.461488723754883,10.019643783569336,7.330531597137451,5.949394226074219,5.949394226074219,5.949394226074219,7.519209384918213,5.027101993560791,5.786764144897461,5.786764144897461,,,,,
2017-02-23,5.79197359085083,9.464221000671387,10.021491050720215,7.331953048706055,5.9521026611328125,5.9521026611328125,5.9521026611328125,7.5229597091674805,5.0289812088012695,5.79197359085083,5.79197359085083,,,,,
2017-02-24,5.797082424163818,9.467411041259766,10.02448844909668,7.334106922149658,5.9549431800842285,5.9549431800842285,5.9549431800842285,7.526909351348877,5.031119346618652,5.797082424163818,5.797082424163818,,,,,
2017-02-25,5.802097797393799,9.470962524414062,10.028124809265137,7.336786270141602,5.9580183029174805,5.9580183029174805,5.9580183029174805,7.531003475189209,5.033584117889404,5.802097797393799,5.802097797393799,,,,,
2017-02-26,5.807056427001953,9.474876403808594,10.03206729888916,7.339840888977051,5.961257457733154,5.961257457733154,5.961257457733154,7.535262107849121,5.0362420082092285,5.807056427001953,5.807056427001953,,,,,
2017-02-27,5.811915874481201,9.479146003723145,10.036506652832031,7.343249797821045,5.964611053466797,5.964611053466797,5.964611053466797,7.539652347564697,5.039062976837158,5.811915874481201,5.811915874481201,,,,,
2017-02-28,5.813619613647461,9.483738899230957,10.041656494140625,7.3472185134887695,5.968276023864746,5.968276023864746,5.968276023864746,7.543916702270508,5.042476654052734,5.813619613647461,5.813619613647461,,,,,
2017-03-01,5.813934803009033,9.488787651062012,10.046842575073242,7.351499080657959,5.972159385681152,5.972159385681152,5.972159385681152,7.548105239868164,5.046572685241699,5.813934803009033,5.813934803009033,,,,,
2017-03-02,5.8145670890808105,9.494400978088379,10.052566528320312,7.356359481811523,5.976149559020996,5.976149559020996,5.976149559020996,7.55247163772583,5.050897598266602,5.8145670890808105,5.8145670890808105,,,,,
2017-03-03,5.816040515899658,9.500470161437988,10.058693885803223,7.3617119789123535,5.980403423309326,5.980403423309326,5.980403423309326,7.557118892669678,5.05552864074707,5.816040515899658,5.816040515899658,,,,,
2017-03-04,5.818411827087402,9.506950378417969,10.065107345581055,7.367420196533203,5.9848504066467285,5.9848504066467285,5.9848504066467285,7.562097072601318,5.060224533081055,5.818411827087402,5.818411827087402,,,,,
2017-03-05,5.821547985076904,9.513797760009766,10.07172966003418,7.373402118682861,5.989500045776367,5.989500045776367,5.989500045776367,7.567417621612549,5.0649566650390625,5.821547985076904,5.821547985076904,,,,,
2017-03-06,5.82529354095459,9.520926475524902,10.078436851501465,7.379620552062988,5.994387149810791,5.994387149810791,5.994387149810791,7.573033809661865,5.069790840148926,5.82529354095459,5.82529354095459,,6.56846809387207,6.56846809387207,6.56846809387207,6.56846809387207
2017-03-07,5.82949686050415,9.528263092041016,10.085001945495605,7.3859968185424805,5.999411582946777,5.999411582946777,5.999411582946777,7.578909873962402,5.0746026039123535,5.82949686050415,5.82949686050415,,,,,
2017-03-08,5.834085464477539,9.535784721374512,10.091699600219727,7.392600059509277,6.004623889923096,6.004623889923096,6.004623889923096,7.5850348472595215,5.07954216003418,5.834085464477539,5.834085464477539,,,,,
2017-03-09,5.839009761810303,9.543499946594238,10.098484992980957,7.399448871612549,6.0100250244140625,6.0100250244140625,6.0100250244140625,7.591409206390381,5.084616184234619,5.839009761810303,5.839009761810303,,,,,
2017-03-10,5.844233512878418,9.551278114318848,10.105053901672363,7.406342506408691,6.0156731605529785,6.0156731605529785,6.0156731605529785,7.597967147827148,5.089867115020752,5.844233512878418,5.844233512878418,,,,,
2017-03-11,5.849596977233887,9.558929443359375,10.111116409301758,7.413004398345947,6.0213446617126465,6.0213446617126465,6.0213446617126465,7.604515075683594,5.095038890838623,5.849596977233887,5.849596977233887,,,,,
2017-03-12,5.855138778686523,9.56645393371582,10.11653995513916,7.419414520263672,6.027057647705078,6.027057647705078,6.027057647705078,7.6111273765563965,5.100114345550537,5.855138778686523,5.855138778686523,,,,,
2017-03-13,5.860701084136963,9.573591232299805,10.12118911743164,7.425304889678955,6.032668590545654,6.032668590545654,6.032668590545654,7.617558479309082,5.104986667633057,5.860701084136963,5.860701084136963,,,,,
2017-03-14,5.866267681121826,9.58023452758789,10.1250638961792,7.430651664733887,6.0381317138671875,6.0381317138671875,6.0381317138671875,7.623656749725342,5.110301494598389,5.866267681121826,5.866267681121826,,6.614148139953613,6.614148139953613,6.614148139953613,6.614148139953613
2017-03-15,5.871896743774414,9.58642292022705,10.128228187561035,7.435555934906006,6.043644428253174,6.043644428253174,6.043644428253174,7.629570960998535,5.116116523742676,5.871896743774414,5.871896743774414,,,,,
2017-03-16,5.877507209777832,9.592117309570312,10.13072395324707,7.439979553222656,6.049032211303711,6.049032211303711,6.049032211303711,7.635221004486084,5.121809482574463,5.877507209777832,5.877507209777832,,,,,
2017-03-17,5.882997035980225,9.597354888916016,10.132843971252441,7.4439697265625,6.05418062210083,6.05418062210083,6.05418062210083,7.64056921005249,5.127044200897217,5.882997035980225,5.882997035980225,,,,,
2017-03-18,5.88840913772583,9.602355003356934,10.135004997253418,7.447776794433594,6.059025287628174,6.059025287628174,6.059025287628174,7.645798683166504,5.131694793701172,5.88840913772583,5.88840913772583,,,,,
2017-03-19,5.89369535446167,9.607128143310547,10.137247085571289,7.451430797576904,6.063657283782959,6.063657283782959,6.063657283782959,7.650850296020508,5.135947227478027,5.89369535446167,5.89369535446167,,,,,
2017-03-20,5.898841857910156,9.611757278442383,10.139659881591797,7.4550089836120605,6.068075656890869,6.068075656890869,6.068075656890869,7.655755043029785,5.139856338500977,5.898841857910156,5.898841857910156,,,,,
2017-03-21,5.903903484344482,9.616375923156738,10.142130851745605,7.458547115325928,6.07227087020874,6.07227087020874,6.07227087020874,7.660614967346191,5.143426895141602,5.903903484344482,5.903903484344482,,,,,
2017-03-22,5.908812046051025,9.620814323425293,10.144214630126953,7.461870193481445,6.076272964477539,6.076272964477539,6.076272964477539,7.665295124053955,5.146739482879639,5.908812046051025,5.908812046051025,,,,,
2017-03-23,5.913576126098633,9.625016212463379,10.14592456817627,7.464890956878662,6.080068588256836,6.080068588256836,6.080068588256836,7.669785499572754,5.149786949157715,5.913576126098633,5.913576126098633,,,,,
2017-03-24,5.918170928955078,9.628888130187988,10.147224426269531,7.467527866363525,6.083643913269043,6.083643913269043,6.083643913269043,7.674033164978027,5.152573108673096,5.918170928955078,5.918170928955078,,,,,
2017-03-25,5.9225945472717285,9.632353782653809,10.148059844970703,7.469734191894531,6.087047100067139,6.087047100067139,6.087047100067139,7.677986145019531,5.1551618576049805,5.9225945472717285,5.9225945472717285,,,,,
2017-03-26,5.926787853240967,9.635445594787598,10.148419380187988,7.471494674682617,6.090062618255615,6.090062618255615,6.090062618255615,7.681647300720215,5.1573486328125,5.926787853240967,5.926787853240967,,,,,
2017-03-27,5.930721282958984,9.638062477111816,10.148316383361816,7.472787857055664,6.0927863121032715,6.0927863121032715,6.0927863121032715,7.684941291809082,5.159245014190674,5.930721282958984,5.930721282958984,,,,,
2017-03-28,5.934500217437744,9.640263557434082,10.147749900817871,7.473650932312012,6.095294952392578,6.095294952392578,6.095294952392578,7.687912464141846,5.161086082458496,5.934500217437744,5.934500217437744,,,,,
2017-03-29,5.9381937980651855,9.64206314086914,10.146780967712402,7.474088191986084,6.097634792327881,6.097634792327881,6.097634792327881,7.690611362457275,5.162881851196289,5.9381937980651855,5.9381937980651855,,6.676909923553467,6.676909923553467,6.676909923553467,6.676909923553467
2017-03-30,5.941705226898193,9.643470764160156,10.145419120788574,7.474147796630859,6.099760055541992,6.099760055541992,6.099760055541992,7.692979335784912,5.164493083953857,5.941705226898193,5.941705226898193,,,,,
2017-03-31,5.933688640594482,9.643778800964355,10.143706321716309,7.473865985870361,6.101524829864502,6.101524829864502,6.101524829864502,7.693089008331299,5.165797233581543,5.933688640594482,5.933688640594482,,,,,
2017-04-01,5.921703338623047,9.642522811889648,10.133955955505371,7.469167709350586,6.10227108001709,6.10227108001709,6.10227108001709,7.690803050994873,5.166603088378906,5.921703338623047,5.921703338623047,,,,,
2017-04-02,5.910682201385498,9.640105247497559,10.123252868652344,7.463118076324463,6.102070331573486,6.102070331573486,6.102070331573486,7.687251567840576,5.166872978210449,5.910682201385498,5.910682201385498,,,,,
2017-04-03,5.901785850524902,9.637014389038086,10.11435604095459,7.457454681396484,6.101179122924805,6.101179122924805,6.101179122924805,7.683260440826416,5.166678428649902,5.901785850524902,5.901785850524902,,,,,
2017-04-04,5.894797325134277,9.633744239807129,10.107154846191406,7.452507972717285,6.099797248840332,6.099797248840332,6.099797248840332,7.679351806640625,5.166080951690674,5.894797325134277,5.894797325134277,,,,,
2017-04-05,5.889260768890381,9.630382537841797,10.101001739501953,7.448023796081543,6.0982513427734375,6.0982513427734375,6.0982513427734375,7.6756720542907715,5.165255069732666,5.889260768890381,5.889260768890381,,,,,
2017-04-06,5.884626865386963,9.62696361541748,10.095528602600098,7.443887233734131,6.096460342407227,6.096460342407227,6.096460342407227,7.672178745269775,5.164133548736572,5.884626865386963,5.884626865386963,,,,,
2017-04-07,5.8806471824646,9.623501777648926,10.090367317199707,7.439910888671875,6.09458065032959,6.09458065032959,6.09458065032959,7.668814659118652,5.16283655166626,5.8806471824646,5.8806471824646,,,,,
2017-04-08,5.8771281242370605,9.619974136352539,10.085356712341309,7.436022758483887,6.092642784118652,6.092642784118652,6.092642784118652,7.665577411651611,5.1613993644714355,5.8771281242370605,5.8771281242370605,,,,,
2017-04-09,5.873944282531738,9.616300582885742,10.080317497253418,7.432058811187744,6.0907182693481445,6.0907182693481445,6.0907182693481445,7.662403106689453,5.159914970397949,5.873944282531738,5.873944282531738,,,,,
2017-04-10,5.8708720207214355,9.612469673156738,10.07520866394043,7.42802095413208,6.088623523712158,6.088623523712158,6.088623523712158,7.65914249420166,5.158230304718018,5.8708720207214355,5.8708720207214355,,,,,
2017-04-11,5.867908477783203,9.608434677124023,10.069986343383789,7.42390251159668,6.086425304412842,6.086425304412842,6.086425304412842,7.655823707580566,5.156418323516846,5.867908477783203,5.867908477783203,,,,,
2017-04-12,5.865027904510498,9.604365348815918,10.064677238464355,7.419747352600098,6.084122657775879,6.084122657775879,6.084122657775879,7.652464389801025,5.154491901397705,5.865027904510498,5.865027904510498,,,,,
2017-04-13,5.862174034118652,9.600245475769043,10.059385299682617,7.415542125701904,6.08165979385376,6.08165979385376,6.08165979385376,7.6490678787231445,5.152400970458984,5.862174034118652,5.862174034118652,,,,,
2017-04-14,5.8587446212768555,9.59589672088623,10.054141998291016,7.411208152770996,6.078747749328613,6.078747749328613,6.078747749328613,7.645460605621338,5.149295330047607,5.8587446212768555,5.8587446212768555,,,,,
2017-04-15,5.854589939117432,9.5914945602417,10.048916816711426,7.406696796417236,6.07526159286499,6.07526159286499,6.07526159286499,7.64160680770874,5.145298004150391,5.854589939117432,5.854589939117432,,,,,
2017-04-16,5.850094795227051,9.587193489074707,10.043782234191895,7.402085304260254,6.071380138397217,6.071380138397217,6.071380138397217,7.637653827667236,5.140960216522217,5.850094795227051,5.850094795227051,,,,,
2017-04-17,5.845590591430664,9.5830078125,10.038813591003418,7.397446632385254,6.0673322677612305,6.0673322677612305,6.0673322677612305,7.633693218231201,5.13666296005249,5.845590591430664,5.845590591430664,,,,,
2017-04-18,5.841297149658203,9.57896614074707,10.033988952636719,7.3929266929626465,6.063232421875,6.063232421875,6.063232421875,7.6298370361328125,5.132491111755371,5.841297149658203,5.841297149658203,,6.633206367492676,6.633206367492676,6.633206367492676,6.633206367492676
2017-04-19,5.837276458740234,9.574978828430176,10.029309272766113,7.388426780700684,6.059260845184326,6.059260845184326,6.059260845184326,7.626012325286865,5.128626346588135,5.837276458740234,5.837276458740234,,,,,
2017-04-20,5.833510875701904,9.571057319641113,10.024710655212402,7.384002685546875,6.055385589599609,6.055385589599609,6.055385589599609,7.622259140014648,5.124949932098389,5.833510875701904,5.833510875701904,,,,,
2017-04-21,5.829895973205566,9.567102432250977,10.02014446258545,7.3796281814575195,6.051606178283691,6.051606178283691,6.051606178283691,7.618443012237549,5.121444225311279,5.829895973205566,5.829895973205566,,,,,
2017-04-22,5.826372146606445,9.563037872314453,10.01540470123291,7.375274658203125,6.047923564910889,6.047923564910889,6.047923564910889,7.614572048187256,5.118100166320801,5.826372146606445,5.826372146606445,,,,,
2017-04-23,5.822895526885986,9.558597564697266,10.010607719421387,7.370875358581543,6.044335842132568,6.044335842132568,6.044335842132568,7.610515117645264,5.11489200592041,5.822895526885986,5.822895526885986,,,,,
2017-04-24,5.8193559646606445,9.554043769836426,10.00587272644043,7.366410732269287,6.040676593780518,6.040676593780518,6.040676593780518,7.60636568069458,5.111637115478516,5.8193559646606445,5.8193559646606445,,,,,
2017-04-25,5.815826416015625,9.54958438873291,10.001209259033203,7.3619489669799805,6.03699254989624,6.03699254989624,6.03699254989624,7.60226583480835,5.108379364013672,5.815826416015625,5.815826416015625,,,,,
2017-04-26,5.8123555183410645,9.545243263244629,9.996562957763672,7.357537746429443,6.03325891494751,6.03325891494751,6.03325891494751,7.598264694213867,5.105073928833008,5.8123555183410645,5.8123555183410645,,,,,
2017-04-27,5.808928489685059,9.54085636138916,9.991827011108398,7.353127479553223,6.029594421386719,6.029594421386719,6.029594421386719,7.5942463874816895,5.10186767578125,5.808928489685059,5.808928489685059,,,,,
2017-04-28,5.805268287658691,9.53632926940918,9.986982345581055,7.348688125610352,6.025646686553955,6.025646686553955,6.025646686553955,7.5901408195495605,5.09782600402832,5.805268287658691,5.805268287658691,,,,,
2017-04-29,5.80135440826416,9.531715393066406,9.98215389251709,7.3441572189331055,6.021294116973877,6.021294116973877,6.021294116973877,7.585943698883057,5.09302282333374,5.80135440826416,5.80135440826416,,,,,
2017-04-30,5.807376384735107,9.527628898620605,9.977278709411621,7.339526653289795,6.016925811767578,6.016925811767578,6.016925811767578,7.58307409286499,5.088125705718994,5.807376384735107,5.807376384735107,,,,,
2017-05-01,5.804655075073242,9.50196647644043,9.939318656921387,7.329256057739258,6.011011600494385,6.011011600494385,6.011011600494385,7.563378810882568,5.082635879516602,5.804655075073242,5.804655075073242,,6.577020168304443,6.577020168304443,6.577020168304443,6.577020168304443
2017-05-02,5.790369987487793,9.448534965515137,9.873066902160645,7.312376499176025,6.0017547607421875,6.0017547607421875,6.0017547607421875,7.527231693267822,5.0756611824035645,5.790369987487793,5.790369987487793,,,,,
2017-05-03,5.769387245178223,9.378414154052734,9.796528816223145,7.29110050201416,5.989039897918701,5.989039897918701,5.989039897918701,7.482823371887207,5.067161560058594,5.769387245178223,5.769387245178223,,,,,
2017-05-04,5.754553318023682,9.319255828857422,9.743648529052734,7.271211624145508,5.9753031730651855,5.9753031730651855,5.9753031730651855,7.448946952819824,5.058224678039551,5.754553318023682,5.754553318023682,,,,,
2017-05-05,5.746063232421875,9.281058311462402,9.715117454528809,7.255057334899902,5.962646484375,5.962646484375,5.962646484375,7.427042484283447,5.049826145172119,5.746063232421875,5.746063232421875,,,,,
2017-05-06,5.742149353027344,9.261581420898438,9.703362464904785,7.242741584777832,5.951962471008301,5.951962471008301,5.951962471008301,7.415117263793945,5.042351722717285,5.742149353027344,5.742149353027344,,,,,
2017-05-07,5.741060256958008,9.254267692565918,9.701436042785645,7.233392238616943,5.943416595458984,5.943416595458984,5.943416595458984,7.409470558166504,5.035930156707764,5.741060256958008,5.741060256958008,,,,,
2017-05-08,5.741433143615723,9.253643989562988,9.704745292663574,7.226263046264648,5.936661720275879,5.936661720275879,5.936661720275879,7.407564640045166,5.03038215637207,5.741433143615723,5.741433143615723,,,,,
2017-05-09,5.742245674133301,9.256455421447754,9.710545539855957,7.22061014175415,5.931164741516113,5.931164741516113,5.931164741516113,7.407453536987305,5.025502681732178,5.742245674133301,5.742245674133301,,,,,
2017-05-10,5.742195129394531,9.260557174682617,9.715746879577637,7.215918064117432,5.926540374755859,5.926540374755859,5.926540374755859,7.408347129821777,5.021107196807861,5.742195129394531,5.742195129394531,,,,,
2017-05-11,5.735675811767578,9.254206657409668,9.704974174499512,7.208756923675537,5.921524524688721,5.921524524688721,5.921524524688721,7.400081157684326,5.0167036056518555,5.735675811767578,5.735675811767578,,,,,
2017-05-12,5.722817420959473,9.233226776123047,9.68183708190918,7.198104381561279,5.914618015289307,5.914618015289307,5.914618015289307,7.381514549255371,5.011421203613281,5.722817420959473,5.722817420959473,,,,,
2017-05-13,5.707141876220703,9.203234672546387,9.655362129211426,7.185244083404541,5.905614376068115,5.905614376068115,5.905614376068115,7.357219219207764,5.0052056312561035,5.707141876220703,5.707141876220703,,,,,
2017-05-14,5.695842266082764,9.17847728729248,9.640104293823242,7.173666954040527,5.895714282989502,5.895714282989502,5.895714282989502,7.338568687438965,4.997493267059326,5.695842266082764,5.695842266082764,,,,,
2017-05-15,5.689630508422852,9.164709091186523,9.635112762451172,7.164699554443359,5.886126518249512,5.886126518249512,5.886126518249512,7.327906608581543,4.989139556884766,5.689630508422852,5.689630508422852,,6.415997505187988,6.415997505187988,6.415997505187988,6.415997505187988
2017-05-16,5.686940670013428,9.158448219299316,9.636125564575195,7.158230781555176,5.87767219543457,5.87767219543457,5.87767219543457,7.323075771331787,4.980988025665283,5.686940670013428,5.686940670013428,,,,,
2017-05-17,5.684554100036621,9.152976036071777,9.638056755065918,7.153553009033203,5.870519638061523,5.870519638061523,5.870519638061523,7.318717002868652,4.973773002624512,5.684554100036621,5.684554100036621,,,,,
2017-05-18,5.680348873138428,9.142550468444824,9.635509490966797,7.149877071380615,5.864107131958008,5.864107131958008,5.864107131958008,7.311277389526367,4.967410087585449,5.680348873138428,5.680348873138428,,,,,
2017-05-19,5.674818992614746,9.129166603088379,9.629332542419434,7.146661281585693,5.858087539672852,5.858087539672852,5.858087539672852,7.302245616912842,4.961745738983154,5.674818992614746,5.674818992614746,,,,,
2017-05-20,5.6695427894592285,9.11806583404541,9.623431205749512,7.143729209899902,5.852471351623535,5.852471351623535,5.852471351623535,7.295293807983398,4.95662784576416,5.6695427894592285,5.6695427894592285,,,,,
2017-05-21,5.665876865386963,9.1126127243042,9.621774673461914,7.141081809997559,5.847275257110596,5.847275257110596,5.847275257110596,7.292171001434326,4.951819896697998,5.665876865386963,5.665876865386963,,,,,
2017-05-22,5.662275314331055,9.109010696411133,9.621662139892578,7.138477325439453,5.84250020980835,5.84250020980835,5.84250020980835,7.290561199188232,4.947372913360596,5.662275314331055,5.662275314331055,,,,,
2017-05-23,5.645970821380615,9.103473663330078,9.61694622039795,7.135466575622559,5.8377203941345215,5.8377203941345215,5.8377203941345215,7.287621021270752,4.943007946014404,5.645970821380615,5.645970821380615,,,,,
2017-05-24,5.617905139923096,9.093338012695312,9.600699424743652,7.130954265594482,5.8318939208984375,5.8318939208984375,5.8318939208984375,7.278750896453857,4.938362121582031,5.617905139923096,5.617905139923096,,,,,
2017-05-25,5.584497928619385,9.073925971984863,9.571453094482422,7.124240875244141,5.823729515075684,5.823729515075684,5.823729515075684,7.25924825668335,4.933099746704102,5.584497928619385,5.584497928619385,,,,,
2017-05-26,5.5558762550354,9.041095733642578,9.523924827575684,7.114782333374023,5.812221527099609,5.812221527099609,5.812221527099609,7.229628562927246,4.926776885986328,5.5558762550354,5.5558762550354,,,,,
2017-05-27,5.527297496795654,8.995736122131348,9.457002639770508,7.1014862060546875,5.79705810546875,5.79705810546875,5.79705810546875,7.193647861480713,4.918937683105469,5.527297496795654,5.527297496795654,,,,,
2017-05-28,5.498834609985352,8.943648338317871,9.384167671203613,7.0835490226745605,5.778937816619873,5.778937816619873,5.778937816619873,7.1559600830078125,4.908552646636963,5.498834609985352,5.498834609985352,,,,,
2017-05-29,5.474612236022949,8.89603042602539,9.3274564743042,7.063114643096924,5.759707927703857,5.759707927703857,5.759707927703857,7.1221442222595215,4.896322250366211,5.474612236022949,5.474612236022949,,6.252179145812988,6.252179145812988,6.252179145812988,6.252179145812988
2017-05-30,5.459225654602051,8.862082481384277,9.286297798156738,7.043338298797607,5.741885185241699,5.741885185241699,5.741885185241699,7.097634792327881,4.884007453918457,5.459225654602051,5.459225654602051,,,,,
2017-05-31,5.443599700927734,8.84427261352539,9.258848190307617,7.026927947998047,5.726348400115967,5.726348400115967,5.726348400115967,7.083184242248535,4.872460842132568,5.443599700927734,5.443599700927734,,,,,
2017-06-01,5.427027225494385,8.833938598632812,9.232946395874023,7.014278411865234,5.712977886199951,5.712977886199951,5.712977886199951,7.074420928955078,4.86198616027832,5.427027225494385,5.427027225494385,,,,,
2017-06-02,5.399418354034424,8.824124336242676,9.209972381591797,7.003320693969727,5.7009077072143555,5.7009077072143555,5.7009077072143555,7.066468715667725,4.852354049682617,5.399418354034424,5.399418354034424,,,,,
2017-06-03,5.361264228820801,8.80955982208252,9.183328628540039,6.9922380447387695,5.688918113708496,5.688918113708496,5.688918113708496,7.053106784820557,4.843174457550049,5.361264228820801,5.361264228820801,,,,,
2017-06-04,5.319521903991699,8.78480339050293,9.151588439941406,6.980180263519287,5.675383567810059,5.675383567810059,5.675383567810059,7.02923059463501,4.834019184112549,5.319521903991699,5.319521903991699,,,,,
2017-06-05,5.284433841705322,8.746113777160645,9.104216575622559,6.966526985168457,5.659217834472656,5.659217834472656,5.659217834472656,6.995386600494385,4.824277877807617,5.284433841705322,5.284433841705322,,,,,
2017-06-06,5.251637935638428,8.696090698242188,9.045478820800781,6.95021915435791,5.639778137207031,5.639778137207031,5.639778137207031,6.955332279205322,4.813325881958008,5.251637935638428,5.251637935638428,,,,,
2017-06-07,5.221296310424805,8.645854949951172,8.990121841430664,6.930614471435547,5.618562698364258,5.618562698364258,5.618562698364258,6.916110038757324,4.801271915435791,5.221296310424805,5.221296310424805,,,,,
2017-06-08,5.1976776123046875,8.60737419128418,8.954642295837402,6.909695148468018,5.597964763641357,5.597964763641357,5.597964763641357,6.884300708770752,4.788847923278809,5.1976776123046875,5.1976776123046875,,,,,
2017-06-09,5.179739475250244,8.586138725280762,8.935258865356445,6.890363693237305,5.580097675323486,5.580097675323486,5.580097675323486,6.863742828369141,4.777137756347656,5.179739475250244,5.179739475250244,,,,,
2017-06-10,5.174724578857422,8.581575393676758,8.931893348693848,6.875471591949463,5.566054344177246,5.566054344177246,5.566054344177246,6.854824542999268,4.766838550567627,5.174724578857422,5.174724578857422,,,,,
2017-06-11,5.178041934967041,8.588627815246582,8.933259010314941,6.865335464477539,5.555878162384033,5.555878162384033,5.555878162384033,6.854399681091309,4.758174896240234,5.178041934967041,5.178041934967041,,,,,
2017-06-12,5.185901641845703,8.602717399597168,8.939943313598633,6.858591556549072,5.549091815948486,5.549091815948486,5.549091815948486,6.858705997467041,4.751166820526123,5.185901641845703,5.185901641845703,,,,,
2017-06-13,5.1948018074035645,8.621017456054688,8.955466270446777,6.854438304901123,5.544859409332275,5.544859409332275,5.544859409332275,6.865788459777832,4.74538516998291,5.1948018074035645,5.1948018074035645,,,,,
2017-06-14,5.197908878326416,8.638319969177246,8.974794387817383,6.852076530456543,5.541329860687256,5.541329860687256,5.541329860687256,6.874101161956787,4.738058090209961,5.197908878326416,5.197908878326416,,6.0061421394348145,6.0061421394348145,6.0061421394348145,6.0061421394348145
2017-06-15,5.182132720947266,8.649399757385254,8.986320495605469,6.84982967376709,5.536654949188232,5.536654949188232,5.536654949188232,6.88051700592041,4.728981018066406,5.182132720947266,5.182132720947266,,,,,
2017-06-16,5.1547441482543945,8.648127555847168,8.98081111907959,6.8456034660339355,5.530045986175537,5.530045986175537,5.530045986175537,6.880911350250244,4.7191853523254395,5.1547441482543945,5.1547441482543945,,,,,
2017-06-17,5.1281938552856445,8.634805679321289,8.961973190307617,6.8390631675720215,5.5211405754089355,5.5211405754089355,5.5211405754089355,6.873359680175781,4.70923376083374,5.1281938552856445,5.1281938552856445,,,,,
2017-06-18,5.106050968170166,8.613272666931152,8.9403657913208,6.830869197845459,5.5098652839660645,5.5098652839660645,5.5098652839660645,6.85873556137085,4.699244499206543,5.106050968170166,5.106050968170166,,,,,
2017-06-19,5.0833587646484375,8.586055755615234,8.907119750976562,6.819641590118408,5.4958624839782715,5.4958624839782715,5.4958624839782715,6.835583686828613,4.688882350921631,5.0833587646484375,5.0833587646484375,,,,,
2017-06-20,5.059309482574463,8.551627159118652,8.866642951965332,6.804996490478516,5.479386329650879,5.479386329650879,5.479386329650879,6.803695201873779,4.678083419799805,5.059309482574463,5.059309482574463,,,,,
2017-06-21,5.034487247467041,8.510353088378906,8.815703392028809,6.788053512573242,5.461047649383545,5.461047649383545,5.461047649383545,6.767307281494141,4.666555404663086,5.034487247467041,5.034487247467041,,,,,
2017-06-22,5.01350212097168,8.469033241271973,8.7701416015625,6.771098613739014,5.4427056312561035,5.4427056312561035,5.4427056312561035,6.733554363250732,4.655088424682617,5.01350212097168,5.01350212097168,,,,,
2017-06-23,4.998908996582031,8.435821533203125,8.746964454650879,6.75626277923584,5.425969123840332,5.425969123840332,5.425969123840332,6.707304000854492,4.644360542297363,4.998908996582031,4.998908996582031,,,,,
2017-06-24,4.986970901489258,8.410133361816406,8.740415573120117,6.743934631347656,5.411460876464844,5.411460876464844,5.411460876464844,6.689331531524658,4.634311199188232,4.986970901489258,4.986970901489258,,,,,
2017-06-25,4.964865684509277,8.389724731445312,8.73617935180664,6.733317852020264,5.398795127868652,5.398795127868652,5.398795127868652,6.676607131958008,4.624972343444824,4.964865684509277,4.964865684509277,,,,,
2017-06-26,4.937955856323242,8.370133399963379,8.723970413208008,6.723031997680664,5.387141704559326,5.387141704559326,5.387141704559326,6.665304660797119,4.616140365600586,4.937955856323242,4.937955856323242,,,,,
2017-06-27,4.916436195373535,8.350000381469727,8.706544876098633,6.712558269500732,5.375580787658691,5.375580787658691,5.375580787658691,6.652278423309326,4.607614517211914,4.916436195373535,4.916436195373535,,,,,
2017-06-28,4.901061058044434,8.330547332763672,8.692790985107422,6.702267646789551,5.362945079803467,5.362945079803467,5.362945079803467,6.637191295623779,4.59754753112793,4.901061058044434,4.901061058044434,,5.799168109893799,5.799168109893799,5.799168109893799,5.799168109893799
2017-06-29,4.88893985748291,8.314902305603027,8.677979469299316,6.691354274749756,5.348968982696533,5.348968982696533,5.348968982696533,6.619590759277344,4.58620023727417,4.88893985748291,4.88893985748291,,,,,
2017-06-30,4.8401198387146,8.295194625854492,8.657508850097656,6.678606033325195,5.332390308380127,5.332390308380127,5.332390308380127,6.588822841644287,4.573737621307373,4.8401198387146,4.8401198387146,,,,,
2017-07-01,4.777796268463135,8.269661903381348,8.631558418273926,6.666033744812012,5.3134541511535645,5.3134541511535645,5.3134541511535645,6.549236297607422,4.560490131378174,4.777796268463135,4.777796268463135,,,,,
2017-07-02,4.727258682250977,8.251341819763184,8.620182991027832,6.654841899871826,5.294798374176025,5.294798374176025,5.294798374176025,6.518062591552734,4.547529220581055,4.727258682250977,4.727258682250977,,,,,
2017-07-03,4.693180084228516,8.247888565063477,8.630154609680176,6.6467671394348145,5.278717517852783,5.278717517852783,5.278717517852783,6.500225067138672,4.535667419433594,4.693180084228516,4.693180084228516,,,,,
2017-07-04,4.6722822189331055,8.258179664611816,8.655487060546875,6.642434597015381,,,,6.494082927703857,,4.6722822189331055,4.6722822189331055,6.642434597015381,,,,
2017-07-05,4.658917427062988,8.277446746826172,8.684494018554688,6.641098499298096,,,,6.4960479736328125,,4.658917427062988,4.658917427062988,6.641098499298096,,,,
2017-07-06,4.649139881134033,8.29971981048584,8.709086418151855,6.641142845153809,,,,6.502531051635742,,4.649139881134033,4.649139881134033,6.641142845153809,,,,
2017-07-07,4.641428470611572,8.317736625671387,8.72909164428711,6.641414642333984,,,,6.505609035491943,,4.641428470611572,4.641428470611572,6.641414642333984,,,,
2017-07-08,4.627955913543701,8.326482772827148,8.74357795715332,6.6410417556762695,,,,6.5019049644470215,,4.627955913543701,4.627955913543701,6.6410417556762695,,,,
2017-07-09,4.612466812133789,8.326382637023926,8.740750312805176,6.639410495758057,,,,6.49412202835083,,4.612466812133789,4.612466812133789,6.639410495758057,,,,
2017-07-10,4.595059871673584,8.312141418457031,8.72219467163086,6.6361823081970215,,,,,,4.595059871673584,4.595059871673584,6.6361823081970215,,,,
2017-07-11,4.5786213874816895,8.288463592529297,8.696499824523926,6.6317877769470215,,,,,,4.5786213874816895,4.5786213874816895,6.6317877769470215,,,,
2017-07-12,4.566317558288574,8.26839542388916,8.68151569366455,6.627364158630371,,,,6.4596333503723145,,4.566317558288574,4.566317558288574,6.627364158630371,,,,
2017-07-13,4.561267852783203,8.26338005065918,8.690183639526367,6.624746322631836,,,,6.457500457763672,,4.561267852783203,4.561267852783203,6.624746322631836,,,,
2017-07-14,4.560582160949707,8.273143768310547,8.716978073120117,6.624724864959717,5.205193519592285,5.205193519592285,5.205193519592285,,4.468465805053711,4.560582160949707,4.560582160949707,6.624724864959717,5.632040500640869,5.632040500640869,5.632040500640869,5.632040500640869
2017-07-15,4.561746120452881,8.292991638183594,8.753033638000488,,5.202172756195068,5.202172756195068,5.202172756195068,,4.46360969543457,4.561746120452881,4.561746120452881,6.627119064331055,,,,
2017-07-16,4.563905239105225,8.317782402038574,8.790702819824219,,5.200252056121826,5.200252056121826,5.200252056121826,,4.459232330322266,4.563905239105225,4.563905239105225,6.631313323974609,,,,
2017-07-17,4.5668535232543945,8.344712257385254,8.828717231750488,,5.19948673248291,5.19948673248291,5.19948673248291,,4.455759525299072,4.5668535232543945,4.5668535232543945,6.636216163635254,,,,
2017-07-18,4.570494651794434,8.372228622436523,8.863551139831543,,5.199729919433594,5.199729919433594,5.199729919433594,,4.4532365798950195,4.570494651794434,4.570494651794434,6.641478061676025,,,,
2017-07-19,4.574483394622803,8.398652076721191,8.889031410217285,6.6466803550720215,5.200698375701904,5.200698375701904,5.200698375701904,,4.45146369934082,4.574483394622803,4.574483394622803,6.6466803550720215,,,,
2017-07-20,4.578647136688232,8.42405891418457,8.906144142150879,6.651678085327148,5.202226161956787,5.202226161956787,5.202226161956787,6.53637170791626,4.450328350067139,4.578647136688232,4.578647136688232,6.651678085327148,,,,
2017-07-21,4.582939147949219,8.448164939880371,8.919116973876953,6.656827926635742,5.204247951507568,5.204247951507568,5.204247951507568,6.549101829528809,4.449726104736328,4.582939147949219,4.582939147949219,6.656827926635742,,,,
2017-07-22,4.587340354919434,8.469983100891113,8.930676460266113,6.661991596221924,5.206796646118164,5.206796646118164,5.206796646118164,,4.449621200561523,4.587340354919434,4.587340354919434,6.661991596221924,,,,
2017-07-23,4.5916266441345215,8.490775108337402,8.949868202209473,6.667539596557617,5.209536552429199,5.209536552429199,5.209536552429199,,4.449898719787598,4.5916266441345215,4.5916266441345215,6.667539596557617,,,,
2017-07-24,4.595834255218506,8.511316299438477,8.979262351989746,6.6738505363464355,5.212636947631836,5.212636947631836,5.212636947631836,6.584826946258545,4.450628757476807,4.595834255218506,4.595834255218506,6.6738505363464355,,,,
2017-07-25,4.600006103515625,8.532003402709961,9.014384269714355,6.6810197830200195,5.216163635253906,5.216163635253906,5.216163635253906,6.596074104309082,4.451837539672852,4.600006103515625,4.600006103515625,6.6810197830200195,,,,
2017-07-26,4.604013919830322,8.552660942077637,9.051328659057617,6.688776969909668,5.219839572906494,5.219839572906494,5.219839572906494,6.607015132904053,4.453320026397705,4.604013919830322,4.604013919830322,6.688776969909668,,,,
2017-07-27,4.607854843139648,8.573039054870605,9.087671279907227,6.696902751922607,5.2236104011535645,5.2236104011535645,5.2236104011535645,6.617687225341797,4.454986095428467,4.607854843139648,4.607854843139648,6.696902751922607,,,,
2017-07-28,4.612142562866211,8.592702865600586,9.122392654418945,6.705098628997803,5.227935791015625,5.227935791015625,5.227935791015625,,4.457833290100098,4.612142562866211,4.612142562866211,6.705098628997803,5.705878257751465,5.705878257751465,5.705878257751465,5.705878257751465
2017-07-29,4.616839408874512,8.611565589904785,9.15494155883789,6.7133283615112305,5.232717037200928,5.232717037200928,5.232717037200928,6.637942314147949,4.461522579193115,4.616839408874512,4.616839408874512,6.7133283615112305,,,,
2017-07-30,4.621718406677246,8.629384994506836,9.184868812561035,6.721526145935059,5.237639904022217,5.237639904022217,5.237639904022217,6.647698879241943,4.465378284454346,4.621718406677246,4.621718406677246,6.721526145935059,,,,
2017-07-31,4.659253120422363,8.647478103637695,9.207368850708008,6.7293806076049805,5.243661403656006,5.243661403656006,5.243661403656006,6.661908149719238,4.469513416290283,4.659253120422363,4.659253120422363,6.7293806076049805,,,,
2017-08-01,4.709438323974609,8.665746688842773,9.225479125976562,6.736945152282715,5.251237392425537,5.251237392425537,5.251237392425537,6.680062770843506,4.473930835723877,4.709438323974609,4.709438323974609,6.736945152282715,,,,
2017-08-02,4.757320404052734,8.683074951171875,9.235535621643066,6.744112968444824,5.260233402252197,5.260233402252197,5.260233402252197,6.6994853019714355,4.478749752044678,4.757320404052734,4.757320404052734,6.744112968444824,,,,
2017-08-03,4.798115253448486,8.699564933776855,9.253360748291016,6.751036643981934,5.2700371742248535,5.2700371742248535,5.2700371742248535,6.7184906005859375,4.483887195587158,4.798115253448486,4.798115253448486,6.751036643981934,,,,
2017-08-04,4.831789970397949,8.715570449829102,9.273852348327637,6.7577691078186035,5.279908180236816,5.279908180236816,5.279908180236816,6.736307621002197,4.489052772521973,4.831789970397949,4.831789970397949,6.7577691078186035,,,,
2017-08-05,4.857308387756348,8.729324340820312,9.28420639038086,6.763938903808594,5.289340019226074,5.289340019226074,5.289340019226074,6.75157356262207,4.494098663330078,4.857308387756348,4.857308387756348,6.763938903808594,,,,
2017-08-06,4.879270553588867,8.741573333740234,9.299790382385254,6.769837379455566,5.2980427742004395,5.2980427742004395,5.2980427742004395,6.7651262283325195,4.498838424682617,4.879270553588867,4.879270553588867,6.769837379455566,,,,
2017-08-07,4.8972978591918945,8.75265121459961,9.313851356506348,6.7755537033081055,5.305927753448486,5.305927753448486,5.305927753448486,6.776828289031982,4.503242015838623,4.8972978591918945,4.8972978591918945,6.7755537033081055,,,,
2017-08-08,4.901036739349365,8.75987434387207,9.310629844665527,6.780508518218994,5.312454700469971,5.312454700469971,5.312454700469971,6.78395938873291,4.5071892738342285,4.901036739349365,4.901036739349365,6.780508518218994,,,,
2017-08-09,4.907083034515381,8.764284133911133,9.308228492736816,6.784765720367432,5.317612171173096,5.317612171173096,5.317612171173096,6.78790283203125,4.510563850402832,,4.907083034515381,6.784765720367432,,,,
2017-08-10,4.917598247528076,8.76804256439209,9.305805206298828,6.788569450378418,5.3221001625061035,5.3221001625061035,5.3221001625061035,,4.51358699798584,,4.917598247528076,6.788569450378418,,,,
2017-08-11,4.930046558380127,8.7720947265625,9.306425094604492,6.792133808135986,5.326452732086182,5.326452732086182,5.326452732086182,6.798281669616699,4.5164313316345215,,4.930046558380127,6.792133808135986,,,,
2017-08-12,4.942368030548096,8.774857521057129,9.295344352722168,6.795009613037109,5.3304643630981445,5.3304643630981445,5.3304643630981445,6.803998947143555,4.518932342529297,,4.942368030548096,6.795009613037109,,,,
2017-08-13,4.953433513641357,8.77711009979248,9.297094345092773,6.797358512878418,5.3342695236206055,5.3342695236206055,5.3342695236206055,6.808739185333252,4.521263122558594,,4.953433513641357,6.797358512878418,,,,
2017-08-14,4.963791370391846,8.777806282043457,9.29787540435791,6.7989654541015625,5.338591575622559,5.338591575622559,5.338591575622559,6.812043190002441,4.5253753662109375,,4.963791370391846,6.7989654541015625,,,,
2017-08-15,4.971695423126221,8.774065017700195,9.271827697753906,6.799360752105713,5.343320369720459,5.343320369720459,5.343320369720459,6.813199996948242,4.530850887298584,,4.971695423126221,6.799360752105713,5.8537163734436035,5.8537163734436035,5.8537163734436035,5.8537163734436035
2017-08-16,4.9821648597717285,8.769752502441406,9.257702827453613,6.7992730140686035,5.348431587219238,5.348431587219238,5.348431587219238,,4.536651134490967,,4.9821648597717285,6.7992730140686035,,,,
2017-08-17,4.993241786956787,8.767203330993652,9.250947952270508,6.79901647567749,5.353403091430664,5.353403091430664,5.353403091430664,,4.541916847229004,,4.993241786956787,6.79901647567749,,,,
2017-08-18,4.997277736663818,8.76577377319336,9.240645408630371,6.798794269561768,5.358174800872803,5.358174800872803,5.358174800872803,,4.54659366607666,,4.997277736663818,6.798794269561768,,,,
2017-08-19,5.006740570068359,8.766636848449707,9.242437362670898,6.799068450927734,5.3628339767456055,5.3628339767456055,5.3628339767456055,6.825639247894287,4.550722122192383,,5.006740570068359,6.799068450927734,,,,
2017-08-20,5.018726348876953,8.769641876220703,9.243963241577148,6.79994535446167,5.367419719696045,5.367419719696045,5.367419719696045,6.831367492675781,4.554349899291992,,5.018726348876953,6.79994535446167,,,,
2017-08-21,5.031035423278809,8.773577690124512,9.245121955871582,6.80100679397583,5.372104167938232,5.372104167938232,5.372104167938232,6.837819576263428,4.557732105255127,,5.031035423278809,,,,,
2017-08-22,5.042786121368408,8.775585174560547,9.230708122253418,6.801459312438965,5.376710891723633,5.376710891723633,5.376710891723633,6.8445143699646,4.56082820892334,,5.042786121368408,,,,,
2017-08-23,5.052425861358643,8.775964736938477,9.224861145019531,6.801421165466309,5.381019115447998,5.381019115447998,5.381019115447998,6.8505473136901855,4.563633441925049,,5.052425861358643,6.801421165466309,,,,
2017-08-24,5.059754371643066,8.775779724121094,9.222722053527832,6.800691604614258,5.384639263153076,5.384639263153076,5.384639263153076,6.855069637298584,4.56616735458374,,5.059754371643066,6.800691604614258,,,,
2017-08-25,5.0634050369262695,8.7737398147583,9.201937675476074,6.799261569976807,5.387439250946045,5.387439250946045,5.387439250946045,6.857621192932129,4.568297863006592,,5.0634050369262695,6.799261569976807,,,,
2017-08-26,5.067809104919434,8.772232055664062,9.19725513458252,6.797909259796143,5.38966178894043,5.38966178894043,5.38966178894043,6.85946798324585,4.570074081420898,,5.067809104919434,6.797909259796143,,,,
2017-08-27,5.070797920227051,8.77209186553955,9.198863983154297,6.796525955200195,5.391366481781006,5.391366481781006,5.391366481781006,6.860871315002441,4.571518421173096,,5.070797920227051,6.796525955200195,,,,
2017-08-28,5.067094802856445,8.771356582641602,9.195446014404297,6.795015335083008,5.392721652984619,5.392721652984619,5.392721652984619,6.861983776092529,4.572963714599609,,5.067094802856445,6.795015335083008,5.9044718742370605,5.9044718742370605,5.9044718742370605,5.9044718742370605
2017-08-29,5.069173812866211,8.770283699035645,9.200671195983887,6.793684482574463,5.394158840179443,5.394158840179443,5.394158840179443,,4.574533462524414,,5.069173812866211,6.793684482574463,,,,
2017-08-30,5.074163913726807,8.769756317138672,9.203269004821777,6.792742729187012,5.395712375640869,5.395712375640869,5.395712375640869,6.86381721496582,4.5760393142700195,,5.074163913726807,6.792742729187012,,,,
2017-08-31,5.073831081390381,8.769649505615234,9.20492172241211,6.792000770568848,5.397423267364502,5.397423267364502,5.397423267364502,6.863827705383301,4.577407360076904,,5.073831081390381,6.792000770568848,,,,
2017-09-01,5.072469234466553,8.767836570739746,9.194345474243164,6.792075157165527,5.399270534515381,5.399270534515381,5.399270534515381,6.863527774810791,4.578723430633545,,5.072469234466553,6.792075157165527,,,,
2017-09-02,5.071267127990723,8.764975547790527,9.193856239318848,6.792352676391602,5.4009857177734375,5.4009857177734375,5.4009857177734375,6.8630876541137695,4.579852104187012,,5.071267127990723,6.792352676391602,,,,
2017-09-03,5.069812297821045,8.762651443481445,9.197141647338867,6.792156219482422,5.402278900146484,5.402278900146484,5.402278900146484,6.862086296081543,4.580880165100098,,5.069812297821045,6.792156219482422,,,,
2017-09-04,5.066422939300537,8.75940227508545,9.180293083190918,6.79132080078125,5.403034210205078,5.403034210205078,5.403034210205078,,4.581668853759766,,5.066422939300537,6.79132080078125,,,,
2017-09-05,5.0652689933776855,8.757606506347656,,6.790493965148926,5.403472900390625,5.403472900390625,5.403472900390625,6.858458518981934,4.582322597503662,,5.0652689933776855,6.790493965148926,,,,
2017-09-06,5.064770698547363,8.75772762298584,9.18819522857666,6.78980016708374,5.403703212738037,5.403703212738037,5.403703212738037,,4.582803249359131,,5.064770698547363,6.78980016708374,,,,
2017-09-07,5.058493614196777,8.758371353149414,9.189620971679688,6.789279937744141,5.403914928436279,5.403914928436279,5.403914928436279,,4.583179950714111,,5.058493614196777,6.789279937744141,,,,
2017-09-08,5.058239936828613,8.760122299194336,9.199917793273926,6.789228439331055,5.40423583984375,5.40423583984375,5.40423583984375,6.855798244476318,4.583559989929199,,5.058239936828613,6.789228439331055,,,,
2017-09-09,5.0610785484313965,8.762861251831055,9.209185600280762,6.789768695831299,5.404789924621582,5.404789924621582,5.404789924621582,6.856388092041016,4.583941459655762,,5.0610785484313965,6.789768695831299,,,,
2017-09-10,5.064980983734131,8.765859603881836,9.21877384185791,6.790842056274414,5.405728340148926,5.405728340148926,5.405728340148926,6.857850551605225,4.584420204162598,,5.064980983734131,6.790842056274414,,,,
2017-09-11,5.068982124328613,8.7669095993042,9.215509414672852,6.791854381561279,5.406890869140625,5.406890869140625,5.406890869140625,6.859703540802002,4.584967613220215,,5.068982124328613,6.791854381561279,,,,
2017-09-12,5.07284688949585,8.768242835998535,9.22512435913086,6.792911052703857,5.408349990844727,5.408349990844727,5.408349990844727,6.861752033233643,4.585679531097412,,5.07284688949585,6.792911052703857,,,,
2017-09-13,5.076449871063232,8.770951271057129,9.240242004394531,6.794137001037598,5.409919738769531,5.409919738769531,5.409919738769531,6.863980293273926,4.586494445800781,,5.076449871063232,6.794137001037598,5.920975685119629,5.920975685119629,5.920975685119629,5.920975685119629
2017-09-14,5.079984664916992,8.775317192077637,9.258277893066406,6.7962446212768555,5.411773204803467,5.411773204803467,5.411773204803467,6.866551399230957,4.58778715133667,,5.079984664916992,6.7962446212768555,,,,
2017-09-15,5.083634376525879,8.781107902526855,9.27784538269043,6.799554824829102,5.4140214920043945,5.4140214920043945,5.4140214920043945,6.869616508483887,4.589638710021973,,5.083634376525879,6.799554824829102,,,,
2017-09-16,5.08735990524292,8.7877836227417,9.297728538513184,6.803796291351318,5.416735649108887,5.416735649108887,5.416735649108887,6.873108386993408,4.592044830322266,,5.08735990524292,6.803796291351318,,,,
2017-09-17,5.09114933013916,8.79497241973877,9.317057609558105,6.808694839477539,5.419914722442627,5.419914722442627,5.419914722442627,6.876985549926758,4.59492301940918,,5.09114933013916,6.808694839477539,,,,
2017-09-18,5.094906806945801,8.80236530303955,9.335491180419922,6.813897609710693,5.42339563369751,5.42339563369751,5.42339563369751,6.881064414978027,4.598095893859863,,5.094906806945801,6.813897609710693,,,,
2017-09-19,5.098566055297852,8.809805870056152,9.35280990600586,6.819227695465088,5.426997184753418,5.426997184753418,5.426997184753418,6.885252475738525,4.601365089416504,,5.098566055297852,6.819227695465088,,,,
2017-09-20,5.10216760635376,8.817159652709961,9.36890697479248,6.824578762054443,5.430727958679199,5.430727958679199,5.430727958679199,6.889535903930664,4.6047258377075195,,5.10216760635376,6.824578762054443,,,,
2017-09-21,5.105655193328857,8.824281692504883,9.383886337280273,6.829708099365234,5.434493541717529,5.434493541717529,5.434493541717529,6.893729209899902,4.608109474182129,,5.105655193328857,6.829708099365234,,,,
2017-09-22,5.109029769897461,8.831162452697754,9.397674560546875,6.834656715393066,5.438234329223633,5.438234329223633,5.438234329223633,6.8978753089904785,4.611434459686279,,5.109029769897461,6.834656715393066,,,,
2017-09-23,5.112253665924072,8.837727546691895,9.410409927368164,6.839295864105225,5.441890239715576,5.441890239715576,5.441890239715576,6.901856422424316,4.614663600921631,,5.112253665924072,6.839295864105225,,,,
2017-09-24,5.115327835083008,8.843945503234863,9.42211627960205,6.843634605407715,5.445437908172607,5.445437908172607,5.445437908172607,6.9056806564331055,4.617768287658691,,5.115327835083008,6.843634605407715,,,,
2017-09-25,5.118208408355713,8.849853515625,9.43282699584961,6.8476762771606445,5.4487786293029785,5.4487786293029785,5.4487786293029785,6.909322738647461,4.6206536293029785,,5.118208408355713,6.8476762771606445,,,,
2017-09-26,5.120912075042725,8.85546875,9.442658424377441,6.851440906524658,5.451935291290283,5.451935291290283,5.451935291290283,6.912800312042236,4.623345375061035,,5.120912075042725,6.851440906524658,,,,
2017-09-27,5.12347936630249,8.86064338684082,9.45160961151123,6.854881763458252,5.455007553100586,5.455007553100586,5.455007553100586,6.916082859039307,4.625951766967773,,5.12347936630249,6.854881763458252,,,,
2017-09-28,5.1261467933654785,8.865400314331055,9.459779739379883,6.858025550842285,5.458183765411377,5.458183765411377,5.458183765411377,6.919128894805908,4.6292829513549805,,5.1261467933654785,6.858025550842285,,,,
2017-09-29,5.128952980041504,8.869853019714355,9.467254638671875,6.861021995544434,5.461536884307861,5.461536884307861,5.461536884307861,6.922091007232666,4.6331257820129395,,5.128952980041504,6.861021995544434,,,,
2017-09-30,5.135201454162598,8.874345779418945,9.47412395477295,6.863824367523193,5.464903831481934,5.464903831481934,5.464903831481934,6.925755023956299,4.636919021606445,,5.135201454162598,6.863824367523193,,,,
2017-10-01,5.141552925109863,8.878873825073242,9.47998332977295,6.866262435913086,5.468234539031982,5.468234539031982,5.468234539031982,6.929845333099365,4.640535831451416,,5.141552925109863,6.866262435913086,,,,
2017-10-02,5.146773815155029,8.883285522460938,9.485259056091309,6.868495464324951,5.471383094787598,5.471383094787598,5.471383094787598,6.933913230895996,4.643784523010254,,5.146773815155029,6.868495464324951,,,,
2017-10-03,5.15097713470459,8.887467384338379,9.490163803100586,6.870593070983887,5.474295616149902,5.474295616149902,5.474295616149902,6.937673568725586,4.646632194519043,,5.15097713470459,6.870593070983887,,,,
2017-10-04,5.1544389724731445,8.891406059265137,9.494754791259766,6.872578144073486,5.476872444152832,5.476872444152832,5.476872444152832,6.941092491149902,4.649018287658691,,5.1544389724731445,6.872578144073486,,,,
2017-10-05,5.1574015617370605,8.895033836364746,9.499083518981934,6.874476432800293,5.479267120361328,5.479267120361328,5.479267120361328,6.944180488586426,4.651157379150391,,5.1574015617370605,6.874476432800293,,,,
2017-10-06,5.160017967224121,8.8984375,9.50328540802002,6.876344203948975,5.4814934730529785,5.4814934730529785,5.4814934730529785,6.947013854980469,4.653097152709961,,5.160017967224121,6.876344203948975,,,,
2017-10-07,5.162370681762695,8.901663780212402,9.507542610168457,6.87832498550415,5.483582496643066,5.483582496643066,5.483582496643066,6.949664115905762,4.654905319213867,,5.162370681762695,6.87832498550415,,,,
2017-10-08,5.164554119110107,8.904857635498047,9.512123107910156,6.880533695220947,5.4856038093566895,5.4856038093566895,5.4856038093566895,6.9522318840026855,4.656673908233643,,5.164554119110107,6.880533695220947,,,,
2017-10-09,5.1666083335876465,8.907981872558594,9.51686954498291,6.882922649383545,5.4876275062561035,5.4876275062561035,5.4876275062561035,6.954727649688721,4.658477306365967,,5.1666083335876465,6.882922649383545,,,,
2017-10-10,5.168553829193115,8.911027908325195,9.521666526794434,6.885403156280518,5.489675045013428,5.489675045013428,5.489675045013428,6.957150936126709,4.660330772399902,,5.168553829193115,6.885403156280518,,,,
2017-10-11,5.170413970947266,8.914010047912598,9.526409149169922,6.887914657592773,5.491755962371826,5.491755962371826,5.491755962371826,6.959517955780029,4.662234306335449,,5.170413970947266,6.887914657592773,,,,
2017-10-12,5.1721882820129395,8.917019844055176,9.531082153320312,6.890453338623047,5.4937944412231445,5.4937944412231445,5.4937944412231445,6.9618611335754395,4.664087295532227,,5.1721882820129395,6.890453338623047,,,,
2017-10-13,5.173856258392334,8.919880867004395,9.535560607910156,6.89284610748291,5.495828628540039,5.495828628540039,5.495828628540039,6.964080810546875,4.665946960449219,,5.173856258392334,6.89284610748291,,,,
2017-10-14,5.175379276275635,8.922713279724121,9.539850234985352,6.8951263427734375,5.497715950012207,5.497715950012207,5.497715950012207,6.96620512008667,4.66766357421875,,5.175379276275635,6.8951263427734375,,,,
2017-10-15,5.176593780517578,8.925383567810059,9.54388427734375,6.897197246551514,5.499476432800293,5.499476432800293,5.499476432800293,6.968139171600342,4.669239044189453,,5.176593780517578,6.897197246551514,,,,
2017-10-16,5.177673816680908,8.927934646606445,9.547650337219238,6.899164199829102,5.501265525817871,5.501265525817871,5.501265525817871,6.970008373260498,4.670816421508789,,5.177673816680908,6.899164199829102,,,,
2017-10-17,5.178645133972168,8.930315971374512,9.55107307434082,6.900983810424805,5.502999782562256,5.502999782562256,5.502999782562256,6.971771717071533,4.672325611114502,,5.178645133972168,6.900983810424805,6.020186901092529,6.020186901092529,6.020186901092529,6.020186901092529
2017-10-18,5.179497718811035,8.93255615234375,9.554325103759766,6.902606964111328,5.504553318023682,5.504553318023682,5.504553318023682,6.973357200622559,4.673659324645996,,5.179497718811035,6.902606964111328,,,,
2017-10-19,5.1802568435668945,8.934648513793945,9.557323455810547,6.904051780700684,5.5059661865234375,5.5059661865234375,5.5059661865234375,6.974803447723389,4.674858093261719,,5.1802568435668945,6.904051780700684,,,,
2017-10-20,5.180976867675781,8.936535835266113,9.559972763061523,6.905383586883545,5.507391929626465,5.507391929626465,5.507391929626465,6.976189136505127,4.6760735511779785,,5.180976867675781,6.905383586883545,,,,
2017-10-21,5.181594371795654,8.938287734985352,9.562499046325684,6.906569480895996,5.508652687072754,5.508652687072754,5.508652687072754,6.977424621582031,4.677131175994873,,5.181594371795654,6.906569480895996,,,,
2017-10-22,5.182104110717773,8.939933776855469,9.565078735351562,6.907677173614502,5.509744167327881,5.509744167327881,5.509744167327881,6.978527545928955,4.678033351898193,,5.182104110717773,6.907677173614502,,,,
2017-10-23,5.18259334564209,8.941540718078613,9.56770133972168,6.908857822418213,5.510884761810303,5.510884761810303,5.510884761810303,6.979647636413574,4.678991317749023,,5.18259334564209,6.908857822418213,,,,
2017-10-24,5.183035373687744,8.94311809539795,9.570365905761719,6.910062789916992,5.511992454528809,5.511992454528809,5.511992454528809,6.980732440948486,4.679922580718994,,5.183035373687744,6.910062789916992,,,,
2017-10-25,5.183422088623047,8.944656372070312,9.573034286499023,6.9112396240234375,5.513040542602539,5.513040542602539,5.513040542602539,6.981755256652832,4.680805206298828,,5.183422088623047,6.9112396240234375,,,,
2017-10-26,5.183701038360596,8.946106910705566,9.575631141662598,6.912271022796631,5.51387357711792,5.51387357711792,5.51387357711792,6.982619285583496,4.681487560272217,,5.183701038360596,6.912271022796631,,,,
2017-10-27,5.183954238891602,8.947559356689453,9.578161239624023,6.913301944732666,5.514740943908691,5.514740943908691,5.514740943908691,6.983490943908691,4.6822052001953125,,5.183954238891602,6.913301944732666,,,,
2017-10-28,5.184170722961426,8.948965072631836,9.580571174621582,6.914278030395508,5.515601634979248,5.515601634979248,5.515601634979248,6.9843316078186035,4.682917594909668,,5.184170722961426,6.914278030395508,,,,
2017-10-29,5.184329032897949,8.950282096862793,9.582895278930664,6.9151434898376465,5.516359329223633,5.516359329223633,5.516359329223633,6.985070705413818,4.683558464050293,,5.184329032897949,6.9151434898376465,,,,
2017-10-30,5.184492588043213,8.951573371887207,9.585092544555664,6.916032791137695,5.517239570617676,5.517239570617676,5.517239570617676,6.9858503341674805,4.684328556060791,,5.184492588043213,6.916032791137695,,,,
2017-10-31,5.204949378967285,8.954092979431152,9.587204933166504,6.916833400726318,5.51832914352417,5.51832914352417,5.51832914352417,6.990168571472168,4.685044765472412,,5.204949378967285,6.916833400726318,,,,
2017-11-01,5.231666564941406,8.958209991455078,9.591069221496582,6.918560028076172,5.52020263671875,5.52020263671875,5.52020263671875,6.997622966766357,4.685901641845703,,5.231666564941406,6.918560028076172,,,,
2017-11-02,5.255914211273193,8.96324348449707,9.59505844116211,6.920543193817139,5.522746562957764,5.522746562957764,5.522746562957764,7.006198883056641,4.686954975128174,,5.255914211273193,6.920543193817139,,,,
2017-11-03,5.275739669799805,8.968469619750977,9.598539352416992,6.922392845153809,5.525704860687256,5.525704860687256,5.525704860687256,7.014588832855225,4.688155174255371,,5.275739669799805,6.922392845153809,,,,
2017-11-04,5.291650772094727,8.973498344421387,9.60154914855957,6.924053192138672,5.528804779052734,5.528804779052734,5.528804779052734,7.022278308868408,4.68943977355957,,5.291650772094727,6.924053192138672,,,,
2017-11-05,5.304522514343262,8.978154182434082,9.604416847229004,6.925630569458008,5.531954765319824,5.531954765319824,5.531954765319824,7.029118061065674,4.6908278465271,,5.304522514343262,6.925630569458008,,,,
2017-11-06,5.315244197845459,8.98252010345459,9.60727596282959,6.927200794219971,5.534889221191406,5.534889221191406,5.534889221191406,7.035292625427246,4.692167282104492,,5.315244197845459,6.927200794219971,6.06298303604126,6.06298303604126,6.06298303604126,6.06298303604126
2017-11-07,5.324362754821777,8.986645698547363,9.610142707824707,6.928776264190674,5.5375776290893555,5.5375776290893555,5.5375776290893555,7.040886402130127,4.6934332847595215,,5.324362754821777,6.928776264190674,,,,
2017-11-08,5.332229137420654,8.990461349487305,9.612975120544434,6.930320739746094,5.540144443511963,5.540144443511963,5.540144443511963,7.0459208488464355,4.694695472717285,,5.332229137420654,6.930320739746094,,,,
2017-11-09,5.339173316955566,8.994049072265625,9.615738868713379,6.931825637817383,5.542566299438477,5.542566299438477,5.542566299438477,7.050537109375,4.695923328399658,,5.339173316955566,6.931825637817383,,,,
2017-11-10,5.345331192016602,8.997490882873535,9.61844539642334,6.9332685470581055,5.544748783111572,5.544748783111572,5.544748783111572,7.0547919273376465,4.697037220001221,,5.345331192016602,6.9332685470581055,,,,
2017-11-11,5.350830078125,9.000699996948242,9.621071815490723,6.934632778167725,5.546823501586914,5.546823501586914,5.546823501586914,7.058690547943115,4.698112487792969,,5.350830078125,6.934632778167725,,,,
2017-11-12,5.355807304382324,9.003746032714844,9.623775482177734,6.935977458953857,5.548827171325684,5.548827171325684,5.548827171325684,7.062321186065674,4.69917631149292,,5.355807304382324,6.935977458953857,,,,
2017-11-13,5.36029577255249,9.006771087646484,9.626690864562988,6.937344551086426,5.550644397735596,5.550644397735596,5.550644397735596,7.065738201141357,4.7001423835754395,,5.36029577255249,6.937344551086426,,,,
2017-11-14,5.3649797439575195,9.009714126586914,9.62971305847168,6.938741683959961,5.552666664123535,5.552666664123535,5.552666664123535,7.0689873695373535,4.701457977294922,,5.3649797439575195,6.938741683959961,,,,
2017-11-15,5.370067596435547,9.01262092590332,9.63277816772461,6.940164566040039,5.555052280426025,5.555052280426025,5.555052280426025,7.072211742401123,4.703169822692871,,5.370067596435547,6.940164566040039,,,,
2017-11-16,5.375280380249023,9.015508651733398,9.63582992553711,6.941615104675293,5.55764102935791,5.55764102935791,5.55764102935791,7.0754218101501465,4.705019474029541,,5.375280380249023,6.941615104675293,6.093803882598877,6.093803882598877,6.093803882598877,6.093803882598877
2017-11-17,5.3803839683532715,9.018362045288086,9.638813018798828,6.943078517913818,5.56030797958374,5.56030797958374,5.56030797958374,7.078610897064209,4.706888675689697,,5.3803839683532715,6.943078517913818,,,,
2017-11-18,5.385100841522217,9.021209716796875,9.641822814941406,6.944540500640869,5.562872886657715,5.562872886657715,5.562872886657715,7.081716537475586,4.708645343780518,,5.385100841522217,6.944540500640869,,,,
2017-11-19,5.389352798461914,9.024032592773438,9.644808769226074,6.945988655090332,5.565252780914307,5.565252780914307,5.565252780914307,7.08470344543457,4.710241317749023,,5.389352798461914,6.945988655090332,,,,
2017-11-20,5.393200397491455,9.02681827545166,9.64788818359375,6.947469711303711,5.567502021789551,5.567502021789551,5.567502021789551,7.087577819824219,4.711740970611572,,5.393200397491455,6.947469711303711,,,,
2017-11-21,5.396724700927734,9.02953052520752,9.651047706604004,6.949002742767334,5.5696916580200195,5.5696916580200195,5.5696916580200195,7.09034538269043,4.713222026824951,,5.396724700927734,6.949002742767334,,,,
2017-11-22,5.399927616119385,9.032252311706543,9.654313087463379,6.950577735900879,5.57174825668335,5.57174825668335,5.57174825668335,7.093007564544678,4.714625835418701,,5.399927616119385,6.950577735900879,,,,
2017-11-23,5.402833461761475,9.034975051879883,9.657622337341309,6.952175617218018,5.573664665222168,5.573664665222168,5.573664665222168,7.095555305480957,4.715948104858398,,5.402833461761475,6.952175617218018,,,,
2017-11-24,5.405548572540283,9.037697792053223,9.661091804504395,6.953868865966797,5.575556755065918,5.575556755065918,5.575556755065918,7.098042964935303,4.717294216156006,,5.405548572540283,6.953868865966797,,,,
2017-11-25,5.408079624176025,9.04052448272705,9.6648588180542,6.955711841583252,5.5773725509643555,5.5773725509643555,5.5773725509643555,7.100499153137207,4.71861457824707,,5.408079624176025,6.955711841583252,,,,
2017-11-26,5.410507678985596,9.043377876281738,9.66887092590332,6.957707405090332,5.579249382019043,5.579249382019043,5.579249382019043,7.102944374084473,4.720043182373047,,5.410507678985596,6.957707405090332,,,,
2017-11-27,5.412806034088135,9.046478271484375,9.67374038696289,6.960086345672607,5.581103324890137,5.581103324890137,5.581103324890137,7.105445861816406,4.7215166091918945,,5.412806034088135,6.960086345672607,,,,
2017-11-28,5.4152092933654785,9.049897193908691,9.679441452026367,6.96299934387207,5.583184719085693,5.583184719085693,5.583184719085693,7.108127593994141,4.723428249359131,,5.4152092933654785,6.96299934387207,,,,
2017-11-29,5.417902946472168,9.053635597229004,9.685738563537598,6.966305732727051,5.585638046264648,5.585638046264648,5.585638046264648,7.110966205596924,4.725947856903076,,5.417902946472168,6.966305732727051,,,,
2017-11-30,5.409647464752197,9.05687427520752,9.692547798156738,6.9699177742004395,5.5881428718566895,5.5881428718566895,5.5881428718566895,7.111741065979004,4.728498935699463,,5.409647464752197,6.9699177742004395,,,,
2017-12-01,5.399063587188721,9.059587478637695,9.701950073242188,6.9749555587768555,5.590692520141602,5.590692520141602,5.590692520141602,7.110995769500732,4.731278419494629,,5.399063587188721,6.9749555587768555,,,,
2017-12-02,5.390468120574951,9.062175750732422,9.711688041687012,6.980439186096191,5.593222141265869,5.593222141265869,5.593222141265869,7.110010147094727,4.734101295471191,,5.390468120574951,6.980439186096191,,,,
2017-12-03,5.384456634521484,9.064976692199707,9.720869064331055,6.985756874084473,5.595761775970459,5.595761775970459,5.595761775970459,7.109503269195557,4.736978054046631,,5.384456634521484,6.985756874084473,,,,
2017-12-04,5.380324363708496,9.068098068237305,9.729368209838867,6.990837574005127,5.598232269287109,5.598232269287109,5.598232269287109,7.109585762023926,4.739694595336914,,5.380324363708496,6.990837574005127,,,,
2017-12-05,5.377577304840088,9.071478843688965,9.7372407913208,6.9955878257751465,5.600734233856201,5.600734233856201,5.600734233856201,7.110220432281494,4.742416858673096,,5.377577304840088,6.9955878257751465,,,,
2017-12-06,5.3756513595581055,9.075183868408203,9.744636535644531,7.000139236450195,5.6031575202941895,5.6031575202941895,5.6031575202941895,7.111252307891846,4.744950771331787,,5.3756513595581055,7.000139236450195,,,,
2017-12-07,5.374424457550049,9.078991889953613,9.751728057861328,7.004504203796387,5.605673789978027,5.605673789978027,5.605673789978027,7.112631320953369,4.747560501098633,,5.374424457550049,7.004504203796387,,,,
2017-12-08,5.373639106750488,9.083020210266113,9.75879192352295,7.008859157562256,5.608147621154785,5.608147621154785,5.608147621154785,7.1142754554748535,4.750058650970459,,5.373639106750488,7.008859157562256,,,,
2017-12-09,5.373253345489502,9.087209701538086,9.765789031982422,7.013278007507324,5.6107892990112305,5.6107892990112305,5.6107892990112305,7.116201400756836,4.752708435058594,,5.373253345489502,7.013278007507324,,,,
2017-12-10,5.37319278717041,9.091635704040527,9.773102760314941,7.017821311950684,5.613419055938721,5.613419055938721,5.613419055938721,7.118358135223389,4.755317211151123,,5.37319278717041,7.017821311950684,,,,
2017-12-11,5.373509407043457,9.096479415893555,9.781347274780273,7.022946834564209,5.616274833679199,5.616274833679199,5.616274833679199,7.120921611785889,4.758214950561523,,5.373509407043457,7.022946834564209,,,,
2017-12-12,5.3742265701293945,9.101855278015137,9.790461540222168,7.028749942779541,5.619439601898193,5.619439601898193,5.619439601898193,7.123926639556885,4.7614946365356445,,5.3742265701293945,7.028749942779541,,,,
2017-12-13,5.375372886657715,9.107938766479492,9.800609588623047,7.035309791564941,5.622935771942139,5.622935771942139,5.622935771942139,7.127450466156006,4.765178680419922,,5.375372886657715,7.035309791564941,,,,
2017-12-14,5.377065658569336,9.114799499511719,9.811615943908691,7.042736053466797,5.6270527839660645,5.6270527839660645,5.6270527839660645,7.131605625152588,4.770158290863037,,5.377065658569336,7.042736053466797,,,,
2017-12-15,5.379364013671875,9.122458457946777,9.82310676574707,7.050938606262207,5.6320343017578125,5.6320343017578125,5.6320343017578125,7.13638973236084,4.7766828536987305,,5.379364013671875,7.050938606262207,6.1660637855529785,6.1660637855529785,6.1660637855529785,6.1660637855529785
2017-12-16,5.382234573364258,9.130791664123535,9.834891319274902,7.059682369232178,5.63776969909668,5.63776969909668,5.63776969909668,7.141770362854004,4.784012794494629,,5.382234573364258,7.059682369232178,,,,
2017-12-17,5.3856096267700195,9.139840126037598,9.846868515014648,7.068973064422607,5.643995761871338,5.643995761871338,5.643995761871338,7.1477885246276855,4.791491985321045,,5.3856096267700195,7.068973064422607,,,,
2017-12-18,5.389436721801758,9.14939022064209,9.858778953552246,7.0785346031188965,5.650633811950684,5.650633811950684,5.650633811950684,7.1543169021606445,4.799027442932129,,5.389436721801758,7.0785346031188965,,,,
2017-12-19,5.393636226654053,9.159246444702148,9.870331764221191,7.088119029998779,5.6575751304626465,5.6575751304626465,5.6575751304626465,7.161219120025635,4.806527614593506,,5.393636226654053,7.088119029998779,,,,
2017-12-20,5.398124694824219,9.169240951538086,9.881317138671875,7.0975446701049805,5.664699077606201,5.664699077606201,5.664699077606201,7.168372631072998,4.81390905380249,,5.398124694824219,7.0975446701049805,,,,
2017-12-21,5.402841567993164,9.179327011108398,9.891794204711914,7.106851577758789,5.67183256149292,5.67183256149292,5.67183256149292,7.175790309906006,4.82098913192749,,5.402841567993164,7.106851577758789,,,,
2017-12-22,5.407739639282227,9.189444541931152,9.901723861694336,7.115970611572266,5.678953647613525,5.678953647613525,5.678953647613525,7.183394432067871,4.82780647277832,,5.407739639282227,7.115970611572266,,,,
2017-12-23,5.412750720977783,9.199362754821777,9.911035537719727,7.124671936035156,5.686061859130859,5.686061859130859,5.686061859130859,7.190971851348877,4.834451198577881,5.412750720977783,5.412750720977783,7.124671936035156,,,,
2017-12-24,5.4178314208984375,9.20904541015625,9.919683456420898,7.1329665184021,5.693070411682129,5.693070411682129,5.693070411682129,7.198509216308594,4.840836524963379,5.4178314208984375,5.4178314208984375,7.1329665184021,,,,
2017-12-25,5.422937870025635,9.218443870544434,9.927643775939941,7.140839099884033,5.699929237365723,5.699929237365723,5.699929237365723,7.205962657928467,4.846936225891113,5.422937870025635,5.422937870025635,7.140839099884033,,,,
2017-12-26,5.428047180175781,9.227517127990723,9.9349946975708,7.1483073234558105,5.706607818603516,5.706607818603516,5.706607818603516,7.213315486907959,4.852736949920654,5.428047180175781,5.428047180175781,7.1483073234558105,,,,
2017-12-27,5.433117389678955,9.236303329467773,9.942005157470703,7.155457019805908,5.713073253631592,5.713073253631592,5.713073253631592,7.220538139343262,4.858246803283691,5.433117389678955,5.433117389678955,7.155457019805908,,,,
2017-12-28,5.43838357925415,9.244775772094727,9.948762893676758,7.162377834320068,5.71966552734375,5.71966552734375,5.71966552734375,7.2275776863098145,4.864859104156494,5.43838357925415,5.43838357925415,7.162377834320068,,,,
2017-12-29,5.4439311027526855,9.253082275390625,9.955483436584473,7.169328689575195,5.726617336273193,5.726617336273193,5.726617336273193,7.23466157913208,4.872323036193848,5.4439311027526855,5.4439311027526855,7.169328689575195,,,,
2017-12-30,5.449695587158203,9.26127815246582,9.962236404418945,7.176342010498047,5.733792304992676,5.733792304992676,5.733792304992676,7.2417826652526855,4.880053997039795,5.449695587158203,5.449695587158203,7.176342010498047,,,,
2017-12-31,5.444170951843262,9.269000053405762,9.970744132995605,7.183681964874268,5.740878105163574,5.740878105163574,5.740878105163574,7.246842384338379,4.8875041007995605,5.444170951843262,5.444170951843262,7.183681964874268,,,,
2018-01-01,5.435632705688477,9.27639102935791,9.980547904968262,7.192086219787598,5.747806072235107,5.747806072235107,5.747806072235107,7.2505669593811035,4.894911289215088,5.435632705688477,5.435632705688477,7.192086219787598,,,,
2018-01-02,5.42889928817749,9.283939361572266,9.991239547729492,7.201337814331055,5.754602909088135,5.754602909088135,5.754602909088135,7.254195213317871,4.902220249176025,5.42889928817749,5.42889928817749,7.201337814331055,6.284561634063721,6.284561634063721,6.284561634063721,6.284561634063721
2018-01-03,5.424966335296631,9.292075157165527,10.002497673034668,7.211207866668701,5.761490821838379,5.761490821838379,5.761490821838379,7.258492946624756,4.909644603729248,5.424966335296631,5.424966335296631,7.211207866668701,,,,
2018-01-04,5.423430919647217,9.30093002319336,10.01387882232666,7.221484661102295,5.768589019775391,5.768589019775391,5.768589019775391,7.263668060302734,4.917152404785156,5.423430919647217,5.423430919647217,7.221484661102295,,,,
2018-01-05,5.4237871170043945,9.310441017150879,10.02534294128418,7.232027530670166,5.776011943817139,5.776011943817139,5.776011943817139,7.2697014808654785,4.924845218658447,5.4237871170043945,5.4237871170043945,7.232027530670166,,,,
2018-01-06,5.42554235458374,9.320509910583496,10.036611557006836,7.242735385894775,5.783742904663086,5.783742904663086,5.783742904663086,7.276468276977539,4.932621955871582,5.42554235458374,5.42554235458374,7.242735385894775,,,,
2018-01-07,5.428330898284912,9.330902099609375,10.047333717346191,7.253391265869141,5.791696071624756,5.791696071624756,5.791696071624756,7.283812046051025,4.9403395652771,5.428330898284912,5.428330898284912,7.253391265869141,,,,
2018-01-08,5.431896686553955,9.341267585754395,10.057233810424805,7.263604640960693,5.799839019775391,5.799839019775391,5.799839019775391,7.29141092300415,4.948051929473877,5.431896686553955,5.431896686553955,7.263604640960693,,,,
2018-01-09,5.436011791229248,9.351521492004395,10.066245079040527,7.27343225479126,5.807969093322754,5.807969093322754,5.807969093322754,7.299263954162598,4.955460071563721,5.436011791229248,5.436011791229248,7.27343225479126,,,,
2018-01-10,5.440527439117432,9.36151123046875,10.074564933776855,7.282753944396973,5.816033363342285,5.816033363342285,5.816033363342285,7.307157516479492,4.96262788772583,5.440527439117432,5.440527439117432,7.282753944396973,,,,
2018-01-11,5.445326328277588,9.371282577514648,10.082258224487305,7.29166841506958,5.8238935470581055,5.8238935470581055,5.8238935470581055,7.3151140213012695,4.969388484954834,5.445326328277588,5.445326328277588,7.29166841506958,,,,
2018-01-12,5.450364589691162,9.380687713623047,10.089261054992676,7.300082206726074,5.831652641296387,5.831652641296387,5.831652641296387,7.323030948638916,4.975919246673584,5.450364589691162,5.450364589691162,7.300082206726074,,,,
2018-01-13,5.455534934997559,9.389670372009277,10.095516204833984,7.307930946350098,5.839203357696533,5.839203357696533,5.839203357696533,7.330793857574463,4.982141494750977,5.455534934997559,5.455534934997559,7.307930946350098,,,,
2018-01-14,5.460745811462402,9.398177146911621,10.101011276245117,7.3152642250061035,5.846574306488037,5.846574306488037,5.846574306488037,7.338309288024902,4.9890971183776855,5.460745811462402,5.460745811462402,7.3152642250061035,,,,
2018-01-15,5.4660868644714355,9.406326293945312,10.106232643127441,7.3223557472229,5.854318141937256,5.854318141937256,5.854318141937256,7.3457159996032715,4.99723482131958,5.4660868644714355,5.4660868644714355,7.3223557472229,,,,
2018-01-16,5.471563339233398,9.414342880249023,10.11161994934082,7.3294997215271,5.862150192260742,5.862150192260742,5.862150192260742,7.353158950805664,5.005483627319336,5.471563339233398,,7.3294997215271,6.3885931968688965,6.3885931968688965,6.3885931968688965,6.3885931968688965
2018-01-17,5.477166175842285,9.42238712310791,10.117318153381348,7.3367767333984375,5.869920253753662,5.869920253753662,5.869920253753662,7.360683917999268,5.013350486755371,5.477166175842285,,7.3367767333984375,,,,
2018-01-18,5.482865810394287,9.430516242980957,10.123510360717773,7.344183921813965,5.877639293670654,5.877639293670654,5.877639293670654,7.368226528167725,5.0208821296691895,5.482865810394287,,7.344183921813965,,,,
2018-01-19,5.488741397857666,9.438937187194824,10.13012981414795,7.351904392242432,5.885271072387695,5.885271072387695,5.885271072387695,7.376002788543701,5.028021812438965,5.488741397857666,,7.351904392242432,,,,
2018-01-20,5.494745254516602,9.447554588317871,10.137042999267578,7.359768390655518,5.892867088317871,5.892867088317871,5.892867088317871,7.383866786956787,5.0349626541137695,5.494745254516602,,7.359768390655518,,,,
2018-01-21,5.5009636878967285,9.456475257873535,10.144124984741211,7.367884159088135,5.900468349456787,5.900468349456787,5.900468349456787,7.392006874084473,5.041719436645508,5.5009636878967285,,7.367884159088135,,,,
2018-01-22,5.507307529449463,9.465452194213867,10.151062965393066,7.375933647155762,5.908083915710449,5.908083915710449,5.908083915710449,7.400191307067871,5.048381328582764,5.507307529449463,,7.375933647155762,,,,
2018-01-23,5.5137457847595215,9.474370956420898,10.15757942199707,7.383781433105469,5.915623664855957,5.915623664855957,5.915623664855957,7.408385753631592,5.0548295974731445,5.5137457847595215,,7.383781433105469,,,,
2018-01-24,5.5202507972717285,9.483092308044434,10.163569450378418,7.391316890716553,5.923067569732666,5.923067569732666,5.923067569732666,7.416531562805176,5.061057090759277,5.5202507972717285,,7.391316890716553,,,,
2018-01-25,5.526773452758789,9.491562843322754,10.168964385986328,7.398487567901611,5.930341720581055,5.930341720581055,5.930341720581055,7.424587726593018,5.0669965744018555,5.526773452758789,,7.398487567901611,,,,
2018-01-26,5.533265590667725,9.499658584594727,10.17370891571045,7.4051899909973145,5.937396049499512,5.937396049499512,5.937396049499512,7.432460784912109,5.072622299194336,5.533265590667725,,7.4051899909973145,6.4662580490112305,6.4662580490112305,6.4662580490112305,6.4662580490112305
2018-01-27,5.539644241333008,9.507308959960938,10.177818298339844,7.411367416381836,5.944187641143799,5.944187641143799,5.944187641143799,7.440019130706787,5.0779523849487305,5.539644241333008,,7.411367416381836,,,,
2018-01-28,5.546004772186279,9.514534950256348,10.18130874633789,7.417122840881348,5.950721740722656,5.950721740722656,5.950721740722656,7.44740629196167,5.083334922790527,5.546004772186279,,7.417122840881348,,,,
2018-01-29,5.552516460418701,9.52131175994873,10.184378623962402,7.422504901885986,5.9574174880981445,5.9574174880981445,5.9574174880981445,7.454510688781738,5.089493274688721,5.552516460418701,,7.422504901885986,,,,
2018-01-30,5.559010028839111,9.527697563171387,10.187079429626465,7.427549839019775,5.964025020599365,5.964025020599365,5.964025020599365,7.461446285247803,5.095453262329102,5.559010028839111,,7.427549839019775,,,,
2018-01-31,5.579163551330566,9.534720420837402,10.189974784851074,7.432440280914307,5.970666885375977,5.970666885375977,5.970666885375977,7.470562934875488,5.101150989532471,5.579163551330566,,7.432440280914307,,,,
2018-02-01,5.603653430938721,9.542742729187012,10.192081451416016,7.436829566955566,5.977748870849609,5.977748870849609,5.977748870849609,7.481712818145752,5.106730937957764,5.603653430938721,,7.436829566955566,,,,
2018-02-02,5.62653923034668,9.551519393920898,10.194833755493164,7.4414238929748535,5.985107898712158,5.985107898712158,5.985107898712158,7.493607044219971,5.112257480621338,5.62653923034668,,7.4414238929748535,,,,
2018-02-03,5.64650297164917,9.560758590698242,10.198468208312988,7.446544170379639,5.992676258087158,5.992676258087158,5.992676258087158,7.505562782287598,5.117759704589844,5.64650297164917,,7.446544170379639,,,,
2018-02-04,5.663791179656982,9.570107460021973,10.20257568359375,7.4520263671875,6.0004143714904785,6.0004143714904785,6.0004143714904785,7.517162322998047,5.123313903808594,5.663791179656982,,7.4520263671875,,,,
2018-02-05,5.678944110870361,9.579285621643066,10.206665992736816,7.457571506500244,6.008188724517822,6.008188724517822,6.008188724517822,7.528188705444336,5.128891944885254,5.678944110870361,,,,,,
2018-02-06,5.692598819732666,9.588168144226074,10.210379600524902,7.46298360824585,6.0156354904174805,6.0156354904174805,6.0156354904174805,7.538787364959717,5.134121894836426,5.692598819732666,,,,,,
2018-02-07,5.705050945281982,9.596532821655273,10.213495254516602,7.468045711517334,6.0228271484375,6.0228271484375,6.0228271484375,7.548814296722412,5.139111518859863,5.705050945281982,,,,,,
2018-02-08,5.7164435386657715,9.604277610778809,10.215920448303223,7.47263240814209,6.029673099517822,6.029673099517822,6.029673099517822,7.558146953582764,5.1438117027282715,5.7164435386657715,,,,,,
2018-02-09,5.727072715759277,9.611448287963867,10.217735290527344,7.47675895690918,6.036091327667236,6.036091327667236,6.036091327667236,7.566985130310059,5.148105621337891,5.727072715759277,,,,,,
2018-02-10,5.736993789672852,9.618067741394043,10.219025611877441,7.480425834655762,6.042050361633301,6.042050361633301,6.042050361633301,7.5752997398376465,5.151989936828613,5.736993789672852,,,,,,
2018-02-11,5.7462615966796875,9.624090194702148,10.219992637634277,7.483693599700928,6.04771089553833,6.04771089553833,6.04771089553833,7.583043575286865,5.155635356903076,5.7462615966796875,,,,,,
2018-02-12,5.754982948303223,9.629668235778809,10.220677375793457,7.486606597900391,6.05295991897583,6.05295991897583,6.05295991897583,7.59035587310791,5.158925533294678,5.754982948303223,,,,,,
2018-02-13,5.763198375701904,9.634764671325684,10.221016883850098,7.4891486167907715,6.0578932762146,6.0578932762146,6.0578932762146,7.5972137451171875,5.161947727203369,5.763198375701904,,,,,,
2018-02-14,5.771597385406494,9.639358520507812,10.220939636230469,7.491308212280273,6.062810897827148,6.062810897827148,6.062810897827148,7.603580474853516,5.165522575378418,5.771597385406494,,,,,,
2018-02-15,5.7804436683654785,9.643560409545898,10.220636367797852,7.493178367614746,6.067965984344482,6.067965984344482,6.067965984344482,7.609741687774658,5.169582366943359,5.7804436683654785,,,,,,
2018-02-16,5.789440155029297,9.647417068481445,10.220126152038574,7.494792461395264,6.073116779327393,6.073116779327393,6.073116779327393,7.615694046020508,5.173620223999023,5.789440155029297,,,,,,
2018-02-17,5.798227787017822,9.650922775268555,10.219378471374512,7.496142387390137,6.078114986419678,6.078114986419678,6.078114986419678,7.621403694152832,5.177350997924805,5.798227787017822,,,,,,
2018-02-18,5.806493282318115,9.654088020324707,10.218290328979492,7.4972052574157715,6.082740783691406,6.082740783691406,6.082740783691406,7.626805305480957,5.180576324462891,5.806493282318115,,,,,,
2018-02-19,5.814116477966309,9.656858444213867,10.216887474060059,7.497956275939941,6.086939334869385,6.086939334869385,6.086939334869385,7.6318182945251465,5.183305740356445,5.814116477966309,,,,,,
2018-02-20,5.821129322052002,9.659226417541504,10.215188980102539,7.498392581939697,6.090716361999512,6.090716361999512,6.090716361999512,7.636432647705078,5.185590744018555,5.821129322052002,,,,,,
2018-02-21,5.827547550201416,9.661195755004883,10.213189125061035,7.498498439788818,6.09402322769165,6.09402322769165,6.09402322769165,7.640640735626221,5.187427520751953,5.827547550201416,,,,,,
2018-02-22,5.833394527435303,9.662761688232422,10.21088981628418,7.498283386230469,6.096879959106445,6.096879959106445,6.096879959106445,7.644414901733398,5.188868045806885,5.833394527435303,,,,,,
2018-02-23,5.838845252990723,9.663942337036133,10.208331108093262,7.4977521896362305,6.099423885345459,6.099423885345459,6.099423885345459,7.647836685180664,5.190014839172363,5.838845252990723,,,,,,
2018-02-24,5.843802452087402,9.664746284484863,10.205519676208496,7.496946811676025,6.101592063903809,6.101592063903809,6.101592063903809,7.650832653045654,5.190853118896484,5.843802452087402,,,,,,
2018-02-25,5.8482985496521,9.665167808532715,10.202433586120605,7.495837688446045,6.103357791900635,6.103357791900635,6.103357791900635,7.65344762802124,5.19138240814209,5.8482985496521,,,,,,
2018-02-26,5.852447986602783,9.66526985168457,10.199188232421875,7.4944844245910645,6.104861259460449,6.104861259460449,6.104861259460449,7.655711650848389,5.191675186157227,5.852447986602783,,,,,,
2018-02-27,5.856166362762451,9.665022850036621,10.195708274841309,7.492877960205078,6.106012344360352,6.106012344360352,6.106012344360352,7.657620906829834,5.1917266845703125,5.856166362762451,,,,,,
2018-02-28,5.8531413078308105,9.664199829101562,10.192117691040039,7.491032123565674,6.106897830963135,6.106897830963135,6.106897830963135,7.658348560333252,5.191460132598877,5.8531413078308105,,,,,,
2018-03-01,5.846890926361084,9.662665367126465,10.187557220458984,7.488490581512451,6.107027053833008,6.107027053833008,6.107027053833008,7.65778923034668,5.190771579742432,5.846890926361084,,,6.666585922241211,6.666585922241211,6.666585922241211,6.666585922241211
2018-03-02,5.840470790863037,9.66064167022705,10.182791709899902,7.485612869262695,6.106392860412598,6.106392860412598,6.106392860412598,7.656487941741943,5.189617156982422,5.840470790863037,,,,,,
2018-03-03,5.83507776260376,9.658266067504883,10.178215026855469,7.482557773590088,6.1053571701049805,6.1053571701049805,6.1053571701049805,7.654825687408447,5.188235282897949,5.83507776260376,,,,,,
2018-03-04,5.830785274505615,9.655771255493164,10.173824310302734,7.479513645172119,6.103944301605225,6.103944301605225,6.103944301605225,7.653046131134033,5.186608791351318,5.830785274505615,,,,,,
2018-03-05,5.827396392822266,9.653204917907715,10.169600486755371,7.476465225219727,6.102352619171143,6.102352619171143,6.102352619171143,7.651237487792969,5.184861183166504,5.827396392822266,,,,,,
2018-03-06,5.824697017669678,9.650595664978027,10.16546630859375,7.473413944244385,6.100711345672607,6.100711345672607,6.100711345672607,7.649448871612549,5.18308162689209,5.824697017669678,,,,,,
2018-03-07,5.82245397567749,9.647992134094238,10.161478042602539,7.470407485961914,6.09902286529541,6.09902286529541,6.09902286529541,7.647688388824463,5.181256294250488,5.82245397567749,,,,,,
2018-03-08,5.8205180168151855,9.64536190032959,10.157689094543457,7.46743106842041,6.097357749938965,6.097357749938965,6.097357749938965,7.6459455490112305,5.179465293884277,5.8205180168151855,,,,,,
2018-03-09,5.818811416625977,9.642902374267578,10.154314041137695,7.46467399597168,6.09568977355957,6.09568977355957,6.09568977355957,7.644284725189209,5.177677631378174,5.818811416625977,,,,,,
2018-03-10,5.817238807678223,9.640545845031738,10.151285171508789,7.462048530578613,6.0940351486206055,6.0940351486206055,6.0940351486206055,7.642662048339844,5.175919532775879,5.817238807678223,,,,,,
2018-03-11,5.815852165222168,9.638350486755371,10.148673057556152,7.459675312042236,6.092538833618164,6.092538833618164,6.092538833618164,7.641173839569092,5.174351692199707,5.815852165222168,,,,,,
2018-03-12,5.814548015594482,9.636561393737793,10.146793365478516,7.457705974578857,6.09104061126709,6.09104061126709,6.09104061126709,7.6398162841796875,5.172811508178711,5.814548015594482,,,,,,
2018-03-13,5.813387870788574,9.635207176208496,10.145712852478027,7.456216335296631,6.089693069458008,6.089693069458008,6.089693069458008,7.638700008392334,5.171473979949951,5.813387870788574,,,,,,
2018-03-14,5.81199836730957,9.634329795837402,10.145298957824707,7.455159664154053,6.088377952575684,6.088377952575684,6.088377952575684,7.637834548950195,5.169781684875488,5.81199836730957,,,,,,
2018-03-15,5.810057640075684,9.633940696716309,10.14556884765625,7.454505920410156,6.086749076843262,6.086749076843262,6.086749076843262,7.637123107910156,5.167497634887695,5.810057640075684,,,,,,
2018-03-16,5.807972431182861,9.634005546569824,10.146339416503906,7.454208850860596,6.085126876831055,6.085126876831055,6.085126876831055,7.636569023132324,5.165297031402588,5.807972431182861,,,,,,
2018-03-17,5.8058929443359375,9.634405136108398,10.147433280944824,7.454163074493408,6.083543300628662,6.083543300628662,6.083543300628662,7.636139869689941,5.163294315338135,5.8058929443359375,,,,,,
2018-03-18,5.804047584533691,9.635051727294922,10.148605346679688,7.45427131652832,6.082158088684082,6.082158088684082,6.082158088684082,7.635826587677002,5.161651611328125,5.804047584533691,,,,,,
2018-03-19,5.802513122558594,9.635856628417969,10.149680137634277,7.45443058013916,6.081048488616943,6.081048488616943,6.081048488616943,7.635616302490234,5.160391807556152,5.802513122558594,,,,,,
2018-03-20,5.8012213706970215,9.636616706848145,10.15042495727539,7.454508304595947,6.080112457275391,6.080112457275391,6.080112457275391,7.635443210601807,5.159353733062744,5.8012213706970215,,,6.6423234939575195,6.6423234939575195,6.6423234939575195,6.6423234939575195
2018-03-21,5.800145149230957,9.637229919433594,10.150774002075195,7.454432010650635,6.079312324523926,6.079312324523926,6.079312324523926,7.635262489318848,5.158473014831543,5.800145149230957,,,,,,
2018-03-22,5.7992048263549805,9.637693405151367,10.150946617126465,7.4542341232299805,6.078564167022705,6.078564167022705,6.078564167022705,7.635064601898193,5.157646179199219,5.7992048263549805,,,,,,
2018-03-23,5.798391342163086,9.638022422790527,10.150972366333008,7.453943252563477,6.077861309051514,6.077861309051514,6.077861309051514,7.634843349456787,5.156867027282715,5.798391342163086,,,,,,
2018-03-24,5.797665596008301,9.638227462768555,10.150787353515625,7.453531742095947,6.077181339263916,6.077181339263916,6.077181339263916,7.634588241577148,5.156108379364014,5.797665596008301,,,,,,
2018-03-25,5.797015190124512,9.63825511932373,10.150325775146484,7.452978610992432,6.076510429382324,6.076510429382324,6.076510429382324,7.634280204772949,5.155354022979736,5.797015190124512,,,,,,
2018-03-26,5.7963361740112305,9.638056755065918,10.149531364440918,7.452183246612549,6.075723171234131,6.075723171234131,6.075723171234131,7.633852005004883,5.154466152191162,5.7963361740112305,,,,,,
2018-03-27,5.795654296875,9.637643814086914,10.148493766784668,7.451196193695068,6.074856281280518,6.074856281280518,6.074856281280518,7.6333112716674805,5.153494834899902,5.795654296875,,,,,,
2018-03-28,5.794948101043701,9.637146949768066,10.147554397583008,7.45018196105957,6.073910713195801,6.073910713195801,6.073910713195801,7.632716178894043,5.152393817901611,5.794948101043701,,,6.6368489265441895,6.6368489265441895,6.6368489265441895,6.6368489265441895
2018-03-29,5.794128894805908,9.636619567871094,10.146750450134277,7.449193000793457,6.072856426239014,6.072856426239014,6.072856426239014,7.632086753845215,5.1511549949646,5.794128894805908,,,,,,
2018-03-30,5.793277740478516,9.636098861694336,10.146100997924805,7.448244571685791,6.071765899658203,6.071765899658203,6.071765899658203,7.63144588470459,5.149918079376221,5.793277740478516,,,,,,
2018-03-31,5.787301063537598,9.635332107543945,10.14596176147461,7.447539329528809,6.07064962387085,6.07064962387085,6.07064962387085,7.62981653213501,5.148722171783447,5.787301063537598,,,,,,
2018-04-01,5.7803826332092285,9.633990287780762,10.138619422912598,7.443063735961914,6.069476127624512,6.069476127624512,6.069476127624512,7.627151012420654,5.147739410400391,5.7803826332092285,,,,,,
2018-04-02,5.774521827697754,9.63230037689209,10.131030082702637,7.437930583953857,6.068089485168457,6.068089485168457,6.068089485168457,7.6239728927612305,5.146884918212891,5.774521827697754,,,,,,
2018-04-03,5.770020961761475,9.63065242767334,10.125692367553711,7.433788776397705,6.0666985511779785,6.0666985511779785,6.0666985511779785,7.620927810668945,5.146178245544434,5.770020961761475,,,,,,
2018-04-04,5.76647424697876,9.629286766052246,10.122514724731445,7.430840492248535,6.06532621383667,6.06532621383667,6.06532621383667,7.618198871612549,5.145567893981934,5.76647424697876,,,,,,
2018-04-05,5.763735771179199,9.628362655639648,10.120796203613281,7.428812503814697,6.064222812652588,6.064222812652588,6.064222812652588,7.616012096405029,5.145132064819336,5.763735771179199,,,,,,
2018-04-06,5.761582374572754,9.62779426574707,10.119851112365723,7.427474021911621,6.063289165496826,6.063289165496826,6.063289165496826,7.614275932312012,5.144795894622803,5.761582374572754,,,,,,
2018-04-07,5.759706020355225,9.627387046813965,10.119073867797852,7.426409721374512,6.062439918518066,6.062439918518066,6.062439918518066,7.612762928009033,5.1444926261901855,5.759706020355225,,,,,,
2018-04-08,5.7580766677856445,9.62699031829834,10.118120193481445,7.4253950119018555,6.06168794631958,6.06168794631958,6.06168794631958,7.61141300201416,5.144203186035156,5.7580766677856445,,,,,,
2018-04-09,5.756653785705566,9.62647819519043,10.116900444030762,7.424341678619385,6.060976028442383,6.060976028442383,6.060976028442383,7.610162258148193,5.143881797790527,5.756653785705566,,,,,,
2018-04-10,5.75540828704834,9.625971794128418,10.1160249710083,7.423383712768555,6.060272693634033,6.060272693634033,6.060272693634033,7.609036445617676,5.143523693084717,5.75540828704834,,,,,,
2018-04-11,5.7543253898620605,9.625568389892578,10.11555004119873,7.422576427459717,6.059617042541504,6.059617042541504,6.059617042541504,7.608034610748291,5.143173694610596,5.7543253898620605,,,,,,
2018-04-12,5.75337028503418,9.625287055969238,10.11535930633545,7.421915531158447,6.05899715423584,6.05899715423584,6.05899715423584,7.607141494750977,5.142831325531006,5.75337028503418,,,,,,
2018-04-13,5.7525763511657715,9.625086784362793,10.115209579467773,7.421355724334717,6.0584540367126465,6.0584540367126465,6.0584540367126465,7.60637903213501,5.142518997192383,5.7525763511657715,,,6.617056846618652,6.617056846618652,6.617056846618652,6.617056846618652
2018-04-14,5.751616954803467,9.624897956848145,10.11506462097168,7.420782566070557,6.057744979858398,6.057744979858398,6.057744979858398,7.605539321899414,5.142085075378418,5.751616954803467,,,,,,
2018-04-15,5.750718116760254,9.624724388122559,10.114856719970703,7.420242786407471,6.057120323181152,6.057120323181152,6.057120323181152,7.604783058166504,5.141716480255127,5.750718116760254,,,,,,
2018-04-16,5.749853610992432,9.624491691589355,10.11443042755127,7.419661045074463,6.056548118591309,6.056548118591309,6.056548118591309,7.604065418243408,5.141371726989746,5.749853610992432,,,,,,
2018-04-17,5.748978614807129,9.62409496307373,10.113630294799805,7.418932914733887,6.05594539642334,6.05594539642334,6.05594539642334,7.603295803070068,5.140974044799805,5.748978614807129,,,,,,
2018-04-18,5.7481303215026855,9.623462677001953,10.112393379211426,7.418010234832764,6.055302143096924,6.055302143096924,6.055302143096924,7.60245418548584,5.140501976013184,5.7481303215026855,,,,,,
2018-04-19,5.747208595275879,9.622489929199219,10.110665321350098,7.416758060455322,6.0544867515563965,6.0544867515563965,6.0544867515563965,7.60141658782959,5.139846324920654,5.747208595275879,,,,,,
2018-04-20,5.746255874633789,9.621197700500488,10.108502388000488,7.41522216796875,6.0535101890563965,6.0535101890563965,6.0535101890563965,7.600209712982178,5.1390061378479,5.746255874633789,,,,,,
2018-04-21,5.745266437530518,9.619351387023926,10.105852127075195,7.413344383239746,6.052409648895264,6.052409648895264,6.052409648895264,7.598773002624512,5.138031005859375,5.745266437530518,,,,,,
2018-04-22,5.744138240814209,9.616898536682129,10.102829933166504,7.411168575286865,6.051128387451172,6.051128387451172,6.051128387451172,7.597107410430908,5.136865615844727,5.744138240814209,,,,,,
2018-04-23,5.742902755737305,9.614142417907715,10.09943962097168,7.4087958335876465,6.049770832061768,6.049770832061768,6.049770832061768,7.595299243927002,5.135629177093506,5.742902755737305,,,,,,
2018-04-24,5.741448402404785,9.611207962036133,10.095682144165039,7.406160831451416,6.04813289642334,6.04813289642334,6.04813289642334,7.593243598937988,5.134124755859375,5.741448402404785,,,,,,
2018-04-25,5.7399444580078125,9.608179092407227,10.091548919677734,7.4033708572387695,6.046389102935791,6.046389102935791,6.046389102935791,7.591075420379639,5.132529258728027,5.7399444580078125,,,6.603182315826416,6.603182315826416,6.603182315826416,6.603182315826416
2018-04-26,5.738383769989014,9.605077743530273,10.087267875671387,7.400389671325684,6.044463157653809,6.044463157653809,6.044463157653809,7.588730335235596,5.130771636962891,5.738383769989014,,,,,,
2018-04-27,5.736749649047852,9.601899147033691,10.082901954650879,7.397200107574463,6.042356491088867,6.042356491088867,6.042356491088867,7.586284637451172,5.128846645355225,5.736749649047852,,,,,,
2018-04-28,5.734960079193115,9.598556518554688,10.078418731689453,7.39381742477417,6.04005765914917,6.04005765914917,6.04005765914917,7.583731651306152,5.126495838165283,5.734960079193115,,,,,,
2018-04-29,5.733072280883789,9.595137596130371,10.074742317199707,7.3907060623168945,6.037652492523193,6.037652492523193,6.037652492523193,7.581104278564453,5.123985290527344,5.733072280883789,,,,,,
2018-04-30,5.732839107513428,9.592649459838867,10.073339462280273,7.388883590698242,6.035526275634766,6.035526275634766,6.035526275634766,7.579330921173096,5.121899127960205,5.732839107513428,,,,,,
2018-05-01,5.733047008514404,9.591554641723633,10.072952270507812,7.38804817199707,6.033916473388672,6.033916473388672,6.033916473388672,7.578515529632568,5.120566368103027,5.733047008514404,,,,,,
2018-05-02,5.7332539558410645,9.59172248840332,10.074151039123535,7.38848876953125,6.032933712005615,6.032933712005615,6.032933712005615,7.578436374664307,5.12001895904541,5.7332539558410645,,,,,,
2018-05-03,5.7334771156311035,9.592634201049805,10.076414108276367,7.389873027801514,6.032543659210205,6.032543659210205,6.032543659210205,7.578834056854248,5.120086193084717,5.7334771156311035,,,,,,
2018-05-04,5.733768463134766,9.593915939331055,10.078764915466309,7.391807556152344,6.032597541809082,6.032597541809082,6.032597541809082,7.57954216003418,5.120553016662598,5.733768463134766,,,,,,
2018-05-05,5.734137058258057,9.595272064208984,10.080900192260742,7.39384126663208,6.032959938049316,6.032959938049316,6.032959938049316,7.580390453338623,5.12123966217041,5.734137058258057,,,,,,
2018-05-06,5.734592914581299,9.596624374389648,10.082371711730957,7.395770072937012,6.033541679382324,6.033541679382324,6.033541679382324,7.581301689147949,5.122057914733887,5.734592914581299,,,,,,
2018-05-07,5.735128879547119,9.597803115844727,10.083270072937012,7.397432804107666,6.034297943115234,6.034297943115234,6.034297943115234,7.582202434539795,5.122973442077637,5.735128879547119,,,,,,
2018-05-08,5.735561370849609,9.598602294921875,10.083552360534668,7.3986310958862305,6.0349273681640625,6.0349273681640625,6.0349273681640625,7.582874774932861,5.123675346374512,5.735561370849609,,,,,,
2018-05-09,5.735770225524902,9.598443984985352,10.081402778625488,7.399334907531738,6.035414218902588,6.035414218902588,6.035414218902588,7.58298921585083,5.1242194175720215,5.735770225524902,,,,,,
2018-05-10,5.732539653778076,9.590520858764648,10.067252159118652,7.398307800292969,6.0354204177856445,6.0354204177856445,6.0354204177856445,7.578399658203125,5.124423027038574,5.732539653778076,,,,,,
2018-05-11,5.724353313446045,9.570239067077637,10.035600662231445,7.394550800323486,6.0343828201293945,6.0343828201293945,6.0343828201293945,7.567156791687012,5.1239800453186035,5.724353313446045,,,,,,
2018-05-12,5.710273742675781,9.538146018981934,9.990812301635742,7.3871378898620605,6.031414985656738,6.031414985656738,6.031414985656738,7.548232555389404,5.122402191162109,5.710273742675781,,,,,,
2018-05-13,5.693376541137695,9.500709533691406,9.942544937133789,7.3765716552734375,6.026177406311035,6.026177406311035,6.026177406311035,7.524957180023193,5.119476318359375,5.693376541137695,,,,,,
2018-05-14,5.677104473114014,9.46529483795166,9.903066635131836,7.364447593688965,6.018884181976318,6.018884181976318,6.018884181976318,7.501841068267822,5.114892482757568,5.677104473114014,,,,,,
2018-05-15,5.664267539978027,9.436042785644531,9.875519752502441,7.352351188659668,6.010449409484863,6.010449409484863,6.010449409484863,7.481905937194824,5.10915470123291,5.664267539978027,,,6.546256065368652,6.546256065368652,6.546256065368652,6.546256065368652
2018-05-16,5.654770851135254,9.412256240844727,9.859112739562988,7.341275691986084,6.001678943634033,6.001678943634033,6.001678943634033,7.465960502624512,5.102989673614502,5.654770851135254,,,,,,
2018-05-17,5.646892070770264,9.392319679260254,9.849088668823242,7.331406116485596,5.993040561676025,5.993040561676025,5.993040561676025,7.452033996582031,5.0968852043151855,5.646892070770264,,,,,,
2018-05-18,5.639897346496582,9.375633239746094,9.842494010925293,7.32291841506958,5.984813213348389,5.984813213348389,5.984813213348389,7.440223693847656,5.091028690338135,5.639897346496582,,,,,,
2018-05-19,5.63331413269043,9.363194465637207,9.838500022888184,7.315770626068115,5.97716760635376,5.97716760635376,5.97716760635376,7.4301557540893555,5.085546970367432,5.63331413269043,,,,,,
2018-05-20,5.6263813972473145,9.353841781616211,9.83548355102539,7.309654712677002,5.9702582359313965,5.9702582359313965,5.9702582359313965,7.421217918395996,5.080609321594238,5.6263813972473145,,,,,,
2018-05-21,5.617062568664551,9.343255043029785,9.828315734863281,7.303948879241943,5.963560581207275,5.963560581207275,5.963560581207275,7.4107561111450195,5.075798034667969,5.617062568664551,,,,,,
2018-05-22,5.602734565734863,9.323928833007812,9.805657386779785,7.297507286071777,5.956640243530273,5.956640243530273,5.956640243530273,7.393248558044434,5.071069240570068,5.602734565734863,,,,,,
2018-05-23,5.5848469734191895,9.295845985412598,9.770816802978516,7.290014743804932,5.948919296264648,5.948919296264648,5.948919296264648,7.370551109313965,5.065974235534668,5.5848469734191895,,,,,,
2018-05-24,5.568115234375,9.266504287719727,9.73696517944336,7.282109260559082,5.940611839294434,5.940611839294434,5.940611839294434,7.348287582397461,5.060488224029541,5.568115234375,,,,,,
2018-05-25,5.556824684143066,9.245280265808105,9.71733283996582,7.274711608886719,5.932702541351318,5.932702541351318,5.932702541351318,7.333160400390625,5.055153846740723,5.556824684143066,,,,,,
2018-05-26,5.551050186157227,9.234987258911133,9.712044715881348,7.268221378326416,5.925495147705078,5.925495147705078,5.925495147705078,7.32519006729126,5.049950122833252,5.551050186157227,,,,,,
2018-05-27,5.547458171844482,9.230303764343262,9.712366104125977,7.260771751403809,5.9187445640563965,5.9187445640563965,5.9187445640563965,7.32018518447876,5.044636249542236,5.547458171844482,,,,,,
2018-05-28,5.544294834136963,9.227618217468262,9.714156150817871,7.251938343048096,5.911789417266846,5.911789417266846,5.911789417266846,7.316518306732178,5.037705898284912,5.544294834136963,,,,,,
2018-05-29,5.5399041175842285,9.225646018981934,9.717037200927734,7.24224328994751,5.904103755950928,5.904103755950928,5.904103755950928,7.3119425773620605,5.029401779174805,5.5399041175842285,,,6.413563251495361,6.413563251495361,6.413563251495361,6.413563251495361
2018-05-30,5.535706043243408,9.226707458496094,9.722951889038086,7.233689785003662,5.896359920501709,5.896359920501709,5.896359920501709,7.308852195739746,5.020932197570801,5.535706043243408,,,,,,
2018-05-31,5.520296573638916,9.230531692504883,9.731782913208008,7.227165222167969,5.888813495635986,5.888813495635986,5.888813495635986,7.305909633636475,5.012964725494385,5.520296573638916,,,,,,
2018-06-01,5.502317428588867,9.236573219299316,9.743103981018066,7.222980499267578,5.881824970245361,5.881824970245361,5.881824970245361,7.30436897277832,5.005925178527832,5.502317428588867,,,,,,
2018-06-02,5.486814975738525,9.244085311889648,9.755331039428711,7.220556735992432,5.875580787658691,5.875580787658691,5.875580787658691,7.30427885055542,4.999791622161865,5.486814975738525,,,,,,
2018-06-03,5.474882125854492,9.252557754516602,9.767559051513672,7.219228744506836,5.870004653930664,5.870004653930664,5.870004653930664,7.305380344390869,4.994340896606445,5.474882125854492,,,,,,
2018-06-04,5.465713024139404,9.261396408081055,9.779196739196777,7.218502521514893,5.865156650543213,5.865156650543213,5.865156650543213,7.307169437408447,4.989500045776367,5.465713024139404,,,,,,
2018-06-05,5.456965446472168,9.269996643066406,9.78995132446289,7.217956066131592,5.860690116882324,5.860690116882324,5.860690116882324,7.308700084686279,4.984969139099121,5.456965446472168,,,,,,
2018-06-06,5.449244499206543,9.2778959274292,9.799650192260742,7.21734094619751,5.85624885559082,5.85624885559082,5.85624885559082,7.309305191040039,4.9804582595825195,5.449244499206543,,,,,,
2018-06-07,5.439699649810791,9.282876014709473,9.808239936828613,7.21633243560791,5.8511481285095215,5.8511481285095215,5.8511481285095215,7.306250095367432,4.9756317138671875,5.439699649810791,,,,,,
2018-06-08,5.424912929534912,9.28260612487793,9.815205574035645,7.214407920837402,5.8448686599731445,5.8448686599731445,5.8448686599731445,7.298066139221191,4.97027587890625,5.424912929534912,,,,,,
2018-06-09,5.406791687011719,9.278170585632324,9.820379257202148,7.211377143859863,5.8372721672058105,5.8372721672058105,5.8372721672058105,7.286094665527344,4.964423656463623,5.406791687011719,,,,,,
2018-06-10,5.384903430938721,9.268195152282715,9.821100234985352,7.206804275512695,5.828417778015137,5.828417778015137,5.828417778015137,7.2706427574157715,4.958157062530518,5.384903430938721,,,,,,
2018-06-11,5.363406181335449,9.246387481689453,9.807355880737305,7.199628829956055,5.818204402923584,5.818204402923584,5.818204402923584,7.248767852783203,4.951314926147461,5.363406181335449,,,,,,
2018-06-12,5.326099395751953,9.208307266235352,9.766005516052246,7.188686370849609,5.806003093719482,5.806003093719482,5.806003093719482,7.220206260681152,4.943776607513428,5.326099395751953,,,,,,
2018-06-13,5.282226085662842,9.160304069519043,9.704389572143555,7.174797534942627,5.791589260101318,5.791589260101318,5.791589260101318,7.188692569732666,4.935479164123535,5.282226085662842,,,,,,
2018-06-14,5.238267421722412,9.113386154174805,9.640628814697266,7.159616947174072,5.7748847007751465,5.7748847007751465,5.7748847007751465,7.158848285675049,4.9248151779174805,5.238267421722412,,,,,,
2018-06-15,5.205878734588623,9.075512886047363,9.582938194274902,7.144658088684082,5.756995677947998,5.756995677947998,5.756995677947998,7.13220739364624,4.912448406219482,5.205878734588623,,,6.239667892456055,6.239667892456055,6.239667892456055,6.239667892456055
2018-06-16,5.183662414550781,9.046619415283203,9.53154468536377,7.129433631896973,5.739078521728516,5.739078521728516,5.739078521728516,7.107992172241211,4.8995361328125,5.183662414550781,,,,,,
2018-06-17,5.168498516082764,9.022250175476074,9.489014625549316,7.114081859588623,5.721630096435547,5.721630096435547,5.721630096435547,7.083984851837158,4.886533260345459,5.168498516082764,,,,,,
2018-06-18,5.155390739440918,8.999091148376465,9.462942123413086,7.099347114562988,5.705198287963867,5.705198287963867,5.705198287963867,7.06048059463501,4.874069690704346,5.155390739440918,,,,,,
2018-06-19,5.142073154449463,8.978996276855469,9.453038215637207,7.086192607879639,5.690115451812744,5.690115451812744,5.690115451812744,7.039571762084961,4.862642765045166,5.142073154449463,,,,,,
2018-06-20,5.126461029052734,8.962804794311523,9.450216293334961,7.0744853019714355,5.67639684677124,5.67639684677124,5.67639684677124,7.023092269897461,4.8521294593811035,5.126461029052734,,,,,,
2018-06-21,5.110850811004639,8.946846961975098,9.43339729309082,7.0630574226379395,5.663476467132568,5.663476467132568,5.663476467132568,7.00507926940918,4.842244625091553,5.110850811004639,,,,,,
2018-06-22,5.088005065917969,8.924521446228027,9.409296989440918,7.050930976867676,5.650428771972656,5.650428771972656,5.650428771972656,6.983083248138428,4.832625865936279,5.088005065917969,,,,,,
2018-06-23,5.0535736083984375,8.89601993560791,9.386092185974121,7.038063049316406,5.636478424072266,5.636478424072266,5.636478424072266,6.958398342132568,4.822927474975586,5.0535736083984375,,,,,,
2018-06-24,5.01513147354126,8.861174583435059,9.358465194702148,7.024502277374268,5.6212568283081055,5.6212568283081055,5.6212568283081055,6.934096336364746,4.813108921051025,5.01513147354126,,,,,,
2018-06-25,4.981541633605957,8.823417663574219,9.316912651062012,7.010476112365723,5.604966640472412,5.604966640472412,5.604966640472412,6.910074234008789,4.803187370300293,4.981541633605957,,,,,,
2018-06-26,4.956620693206787,8.785749435424805,9.255670547485352,6.995242595672607,5.588426113128662,5.588426113128662,5.588426113128662,6.8864850997924805,4.793253421783447,4.956620693206787,,,,,,
2018-06-27,4.942821025848389,8.75008773803711,9.184025764465332,6.97830867767334,5.572206020355225,5.572206020355225,5.572206020355225,6.861462593078613,4.783272743225098,4.942821025848389,,,,,,
2018-06-28,4.931708335876465,8.717119216918945,9.127360343933105,6.9608073234558105,5.555819988250732,5.555819988250732,5.555819988250732,6.836210250854492,4.770881652832031,4.931708335876465,,,5.989396572113037,5.989396572113037,5.989396572113037,5.989396572113037
2018-06-29,4.917314052581787,8.688582420349121,9.092896461486816,6.943957328796387,5.539191246032715,5.539191246032715,5.539191246032715,6.812384128570557,4.7568464279174805,4.917314052581787,,,,,,
2018-06-30,4.883648872375488,8.657743453979492,9.060623168945312,6.927074909210205,5.520736217498779,5.520736217498779,5.520736217498779,6.783351898193359,4.741909027099609,4.883648872375488,,,,,,
2018-07-01,4.840235710144043,8.617249488830566,9.01496696472168,6.9109907150268555,5.499415397644043,5.499415397644043,5.499415397644043,6.743429183959961,4.726307392120361,4.840235710144043,,,,,,
2018-07-02,4.794139385223389,8.567183494567871,8.97301197052002,6.8943305015563965,5.476459503173828,5.476459503173828,5.476459503173828,6.700859069824219,4.710482120513916,4.794139385223389,,,,,,
2018-07-03,4.743116855621338,8.513941764831543,8.941964149475098,6.8768792152404785,5.452734470367432,5.452734470367432,5.452734470367432,6.660061836242676,4.69472599029541,4.743116855621338,,,,,,
2018-07-04,4.693960666656494,8.460392951965332,8.914203643798828,6.8588056564331055,5.428718090057373,5.428718090057373,5.428718090057373,6.624528408050537,4.679264068603516,4.693960666656494,,,,,,
2018-07-05,4.653034210205078,8.410627365112305,8.874730110168457,6.840732574462891,5.405126571655273,5.405126571655273,5.405126571655273,6.594057083129883,4.664433479309082,4.653034210205078,,,,,,
2018-07-06,4.622971057891846,8.366599082946777,8.819782257080078,6.822264671325684,5.382662296295166,5.382662296295166,5.382662296295166,6.5670390129089355,4.650023937225342,4.622971057891846,,,,,,
2018-07-07,4.598179817199707,8.322396278381348,8.743870735168457,6.802173614501953,5.360342502593994,5.360342502593994,5.360342502593994,6.532292366027832,4.635614395141602,4.598179817199707,,,,,,
2018-07-08,4.572378158569336,8.274142265319824,8.670174598693848,6.780550003051758,5.3375163078308105,5.3375163078308105,5.3375163078308105,6.4896392822265625,4.621073246002197,4.572378158569336,,,,,,
2018-07-09,4.549574375152588,8.229514122009277,8.621950149536133,6.759974002838135,5.315146446228027,5.315146446228027,5.315146446228027,6.4519524574279785,4.60664701461792,4.549574375152588,,,,,,
2018-07-10,4.527873516082764,8.194528579711914,8.600192070007324,6.741591930389404,5.294615268707275,5.294615268707275,5.294615268707275,6.424417495727539,4.592930793762207,4.527873516082764,,,,,,
2018-07-11,4.512180805206299,8.16805362701416,8.582947731018066,6.7249932289123535,5.276266098022461,5.276266098022461,5.276266098022461,6.401479721069336,4.580036163330078,4.512180805206299,,,,,,
2018-07-12,4.493669033050537,8.142178535461426,8.570928573608398,6.709390640258789,5.259873390197754,5.259873390197754,5.259873390197754,6.379339218139648,4.568020820617676,4.493669033050537,,,,,,
2018-07-13,4.465588092803955,8.115824699401855,8.566890716552734,6.694626808166504,5.244403839111328,5.244403839111328,5.244403839111328,6.357265949249268,4.556739330291748,4.465588092803955,,,5.607241153717041,5.607241153717041,5.607241153717041,5.607241153717041
2018-07-14,4.4239115715026855,8.081340789794922,8.548483848571777,6.679136753082275,5.225615978240967,5.225615978240967,5.225615978240967,6.3291778564453125,4.541600704193115,4.4239115715026855,,,,,,
2018-07-15,4.376957893371582,8.037753105163574,8.499089241027832,6.662146091461182,5.202038288116455,5.202038288116455,5.202038288116455,6.2938008308410645,4.522866249084473,4.376957893371582,,,,,,
2018-07-16,4.340517044067383,7.993383407592773,8.43081283569336,6.643806457519531,5.1761956214904785,5.1761956214904785,5.1761956214904785,6.261343955993652,4.502647876739502,4.340517044067383,,,,,,
2018-07-17,4.318892478942871,7.9557929039001465,8.361529350280762,6.624634265899658,5.150855541229248,5.150855541229248,5.150855541229248,6.232717037200928,4.482736110687256,4.318892478942871,,,,,,
2018-07-18,4.3047075271606445,7.927718639373779,8.317606925964355,6.605705261230469,5.127743721008301,5.127743721008301,5.127743721008301,6.208920478820801,4.46415376663208,4.3047075271606445,,,,,,
2018-07-19,4.291478157043457,7.909524440765381,8.302343368530273,6.5887956619262695,5.10725212097168,5.10725212097168,5.10725212097168,6.190672397613525,4.4473185539245605,4.291478157043457,,,,,,
2018-07-20,4.2763285636901855,7.8997955322265625,8.305529594421387,6.574610710144043,5.089405536651611,5.089405536651611,5.089405536651611,6.178986549377441,4.43217658996582,4.2763285636901855,,,,,,
2018-07-21,4.257320880889893,7.886863708496094,8.292083740234375,6.561107635498047,5.072560787200928,5.072560787200928,5.072560787200928,6.159404277801514,4.418210029602051,4.257320880889893,,,,,,
2018-07-22,4.227105140686035,7.858491897583008,8.266805648803711,6.546299457550049,5.054944038391113,5.054944038391113,5.054944038391113,6.1279778480529785,4.404630184173584,4.227105140686035,,,,,,
2018-07-23,4.191109657287598,7.8220038414001465,8.24887752532959,6.531081199645996,5.036777973175049,5.036777973175049,5.036777973175049,6.096151828765869,4.391333103179932,4.191109657287598,,,,,,
2018-07-24,4.156435966491699,7.7840447425842285,8.235894203186035,6.516141414642334,5.018718719482422,5.018718719482422,5.018718719482422,6.0705156326293945,4.378696918487549,4.156435966491699,,,,,,
2018-07-25,4.129999160766602,7.751574993133545,8.214977264404297,6.50199031829834,5.001030921936035,5.001030921936035,5.001030921936035,6.05171537399292,4.36629056930542,4.129999160766602,,,,,,
2018-07-26,4.113598346710205,7.7267632484436035,8.179068565368652,6.487751483917236,4.984799385070801,4.984799385070801,4.984799385070801,6.037553310394287,,4.113598346710205,,,,,,
2018-07-27,4.109537124633789,7.710454940795898,8.136701583862305,6.473264217376709,4.97045373916626,4.97045373916626,4.97045373916626,6.024744033813477,4.343515396118164,4.109537124633789,,,5.303928852081299,5.303928852081299,5.303928852081299,5.303928852081299
2018-07-28,4.10125732421875,7.694111347198486,8.096047401428223,6.45812463760376,4.955549240112305,4.955549240112305,4.955549240112305,6.005495548248291,4.330203056335449,4.10125732421875,,,,,,
2018-07-29,4.083818435668945,7.673365592956543,8.063131332397461,6.442915439605713,4.938777446746826,4.938777446746826,4.938777446746826,5.98081636428833,4.314969539642334,4.083818435668945,,,,,,
2018-07-30,4.065423011779785,7.655135631561279,8.051250457763672,6.429175853729248,4.921457767486572,4.921457767486572,4.921457767486572,5.962560176849365,4.299240589141846,4.065423011779785,,,,,,
2018-07-31,4.0484161376953125,7.641904830932617,8.04447078704834,6.416717529296875,4.905169486999512,4.905169486999512,4.905169486999512,5.94740104675293,4.28434419631958,4.0484161376953125,,,,,,
2018-08-01,4.025701522827148,7.62811803817749,8.046689987182617,6.404626369476318,4.889760494232178,4.889760494232178,4.889760494232178,5.932107925415039,,4.025701522827148,,,,,,
2018-08-02,3.993457555770874,7.613441467285156,8.058890342712402,6.393055438995361,4.874938011169434,4.874938011169434,4.874938011169434,5.916446685791016,,3.993457555770874,,,,,,
2018-08-03,3.9588305950164795,7.597625732421875,8.069684982299805,6.382061004638672,4.860182285308838,4.860182285308838,4.860182285308838,5.903191089630127,,3.9588305950164795,,,,,,
2018-08-04,3.9229681491851807,7.577116966247559,8.0508394241333,6.370624542236328,4.844050407409668,4.844050407409668,4.844050407409668,5.884102821350098,,3.9229681491851807,,,,,,
2018-08-05,3.8903582096099854,7.549021244049072,7.9957966804504395,6.357193946838379,4.826178550720215,4.826178550720215,4.826178550720215,5.8584303855896,,3.8903582096099854,,,,,,
2018-08-06,3.8740179538726807,7.521246910095215,7.933756351470947,6.342390060424805,4.808427333831787,4.808427333831787,4.808427333831787,5.833744525909424,,3.8740179538726807,,,,,,
2018-08-07,3.8664956092834473,7.499258995056152,7.89654541015625,6.3274102210998535,4.792355060577393,4.792355060577393,4.792355060577393,5.813567161560059,,3.8664956092834473,,,,,,
2018-08-08,3.8611440658569336,7.487148284912109,7.890709400177002,6.314111232757568,4.778463840484619,4.778463840484619,4.778463840484619,5.800299644470215,,3.8611440658569336,,,,,,
2018-08-09,3.8539950847625732,7.4858717918396,7.907986164093018,6.30350399017334,4.767014026641846,4.767014026641846,4.767014026641846,5.795532703399658,4.175935745239258,3.8539950847625732,,,,,,
2018-08-10,3.8503072261810303,7.4916839599609375,7.926376819610596,6.295393466949463,4.75777530670166,4.75777530670166,4.75777530670166,5.792977333068848,4.166962623596191,3.8503072261810303,,,,,,
2018-08-11,3.8339056968688965,7.489514350891113,7.935868263244629,6.287496089935303,4.748611927032471,4.748611927032471,4.748611927032471,5.780972957611084,4.1584367752075195,3.8339056968688965,,,,,,
2018-08-12,3.8009586334228516,7.474791526794434,7.939024925231934,6.278676986694336,4.737504482269287,4.737504482269287,4.737504482269287,5.759253978729248,4.149783134460449,3.8009586334228516,,,,,,
2018-08-13,3.7685534954071045,7.454514980316162,7.9435133934021,6.2698974609375,4.725004196166992,4.725004196166992,4.725004196166992,5.740621089935303,4.1411662101745605,3.7685534954071045,,,,,,
2018-08-14,3.744114637374878,7.437840938568115,7.9419474601745605,6.262038230895996,4.711517810821533,4.711517810821533,4.711517810821533,5.728060722351074,4.13049840927124,3.744114637374878,,,5.021397590637207,5.021397590637207,5.021397590637207,5.021397590637207
2018-08-15,3.729403257369995,7.429285526275635,7.933657169342041,6.255115985870361,4.698094844818115,4.698094844818115,4.698094844818115,5.721139907836914,4.118435859680176,3.729403257369995,,,,,,
2018-08-16,3.727067708969116,7.430138111114502,7.9257988929748535,6.249375343322754,4.685999393463135,4.685999393463135,4.685999393463135,5.716989517211914,4.106352806091309,3.727067708969116,,,,,,
2018-08-17,3.7298381328582764,7.4404730796813965,7.939474582672119,6.245580673217773,4.676143646240234,4.676143646240234,4.676143646240234,5.71641731262207,4.09537410736084,3.7298381328582764,,,,,,
2018-08-18,3.724907159805298,7.454075336456299,7.9625020027160645,6.24342679977417,4.6674299240112305,4.6674299240112305,4.6674299240112305,5.712609767913818,4.085630416870117,3.724907159805298,,,,,,
2018-08-19,3.7251384258270264,7.478094577789307,7.998752117156982,6.243224143981934,4.660892963409424,4.660892963409424,4.660892963409424,5.717923641204834,4.077564239501953,3.7251384258270264,,,,,,
2018-08-20,3.736027956008911,7.512996673583984,8.033244132995605,6.244735240936279,4.657275676727295,4.657275676727295,4.657275676727295,5.733036518096924,4.07111930847168,3.736027956008911,,,,,,
2018-08-21,3.75333571434021,7.554856777191162,8.069223403930664,6.247634410858154,4.656839370727539,4.656839370727539,4.656839370727539,5.755682945251465,4.066286563873291,3.75333571434021,,,,,,
2018-08-22,3.7746286392211914,7.60150671005249,8.116119384765625,6.251996040344238,4.659521102905273,4.659521102905273,4.659521102905273,5.783515930175781,4.062995433807373,3.7746286392211914,,,,,,
2018-08-23,3.796644926071167,7.650304317474365,8.169461250305176,6.257740497589111,4.664416790008545,4.664416790008545,4.664416790008545,5.813957214355469,4.060990333557129,3.796644926071167,,,,,,
2018-08-24,3.817593812942505,7.700004577636719,8.219964027404785,6.264628887176514,4.670892715454102,4.670892715454102,4.670892715454102,5.845095157623291,4.060055255889893,3.817593812942505,,,,,,
2018-08-25,3.8328351974487305,7.748427391052246,8.26511001586914,6.27213716506958,4.677958965301514,4.677958965301514,4.677958965301514,5.87527322769165,4.059762477874756,3.8328351974487305,,,,,,
2018-08-26,3.8505425453186035,7.794572830200195,8.304128646850586,6.27982759475708,4.6852569580078125,4.6852569580078125,4.6852569580078125,5.9036078453063965,4.059898376464844,3.8505425453186035,,,,,,
2018-08-27,3.8692352771759033,7.839466571807861,8.350475311279297,6.287867069244385,4.692956447601318,4.692956447601318,4.692956447601318,5.930684566497803,4.060512065887451,3.8692352771759033,,,,,,
2018-08-28,3.887277126312256,7.882830619812012,8.400406837463379,6.296595573425293,4.701375484466553,4.701375484466553,4.701375484466553,5.956996440887451,4.062024116516113,3.887277126312256,,,5.091264724731445,5.091264724731445,5.091264724731445,5.091264724731445
2018-08-29,3.9045979976654053,7.92435884475708,8.446259498596191,6.305675506591797,4.710391521453857,4.710391521453857,4.710391521453857,5.983086109161377,4.064302921295166,3.9045979976654053,,,,,,
2018-08-30,3.9254302978515625,7.963113307952881,8.476195335388184,6.314459323883057,4.719945907592773,4.719945907592773,4.719945907592773,6.008795738220215,4.067175388336182,3.9254302978515625,,,,,,
2018-08-31,3.952401876449585,7.998080253601074,8.498879432678223,6.322805404663086,4.73014497756958,4.73014497756958,4.73014497756958,6.034238338470459,4.070468425750732,3.952401876449585,,,,,,
2018-09-01,3.9833950996398926,8.030707359313965,8.528748512268066,6.332189083099365,4.740996837615967,4.740996837615967,4.740996837615967,6.0593743324279785,4.074084281921387,3.9833950996398926,,,,,,
2018-09-02,4.014094352722168,8.061076164245605,8.56247329711914,6.34189510345459,4.752151966094971,4.752151966094971,4.752151966094971,6.083803176879883,4.077902793884277,4.014094352722168,,,,,,
2018-09-03,4.042396068572998,8.089868545532227,8.59084415435791,6.351229190826416,4.763472080230713,4.763472080230713,4.763472080230713,6.107223033905029,4.082008361816406,4.042396068572998,,,,,,
2018-09-04,4.062598705291748,8.116943359375,8.616768836975098,6.359909534454346,4.7742438316345215,4.7742438316345215,4.7742438316345215,6.128901958465576,4.086043357849121,4.062598705291748,,,,,,
2018-09-05,4.082710266113281,8.142007827758789,8.63668155670166,6.3677449226379395,4.784154415130615,4.784154415130615,4.784154415130615,6.14827299118042,4.089815616607666,4.082710266113281,,,,,,
2018-09-06,4.1014204025268555,8.166280746459961,8.663264274597168,6.375085830688477,4.793353080749512,4.793353080749512,4.793353080749512,6.1658711433410645,4.093371868133545,4.1014204025268555,,,,,,
2018-09-07,4.116617679595947,8.190037727355957,8.694480895996094,6.382554531097412,4.801945209503174,4.801945209503174,4.801945209503174,6.182399272918701,4.096712589263916,4.116617679595947,,,,,,
2018-09-08,4.129201412200928,8.212712287902832,8.723581314086914,6.389937400817871,4.810032844543457,4.810032844543457,4.810032844543457,6.198339462280273,4.099953651428223,4.129201412200928,,,,,,
2018-09-09,4.143277168273926,8.233183860778809,8.736567497253418,6.396678924560547,4.817726135253906,4.817726135253906,4.817726135253906,6.213634014129639,4.103102684020996,4.143277168273926,,,,,,
2018-09-10,4.157309055328369,8.250221252441406,8.741869926452637,6.402714729309082,4.824985980987549,4.824985980987549,4.824985980987549,6.228266716003418,4.106015205383301,4.157309055328369,,,,,,
2018-09-11,4.171534061431885,8.265110969543457,8.752310752868652,6.408378601074219,4.832063674926758,4.832063674926758,4.832063674926758,6.242066860198975,4.108895301818848,4.171534061431885,,,,,,
2018-09-12,4.185015678405762,8.278240203857422,8.766944885253906,6.413893222808838,4.838752269744873,4.838752269744873,4.838752269744873,6.254987716674805,4.111598968505859,4.185015678405762,,,,,,
2018-09-13,4.197387218475342,8.290997505187988,8.781139373779297,6.419243812561035,4.84511137008667,4.84511137008667,4.84511137008667,6.267039775848389,4.114204406738281,4.197387218475342,,,,,,
2018-09-14,4.20994234085083,8.303119659423828,8.794130325317383,6.424293041229248,4.852158069610596,4.852158069610596,4.852158069610596,6.278067111968994,4.118786811828613,4.20994234085083,,,5.3216118812561035,5.3216118812561035,5.3216118812561035,5.3216118812561035
2018-09-15,4.220386028289795,8.314146041870117,8.800491333007812,6.428845405578613,4.860185146331787,4.860185146331787,4.860185146331787,6.2878241539001465,4.125103950500488,4.220386028289795,,,,,,
2018-09-16,4.232653617858887,8.325037956237793,8.812664985656738,6.433006286621094,4.868419170379639,4.868419170379639,4.868419170379639,6.296444892883301,4.131709575653076,4.232653617858887,,,,,,
2018-09-17,4.244019031524658,8.336095809936523,8.830221176147461,6.437260627746582,4.87664794921875,4.87664794921875,4.87664794921875,6.304385662078857,4.138162612915039,4.244019031524658,,,,,,
2018-09-18,4.256862640380859,8.348395347595215,8.856273651123047,6.442010402679443,4.884315490722656,4.884315490722656,4.884315490722656,6.3129048347473145,4.143763065338135,4.256862640380859,,,,,,
2018-09-19,4.270777702331543,8.361909866333008,8.886385917663574,6.4471893310546875,4.891856670379639,4.891856670379639,4.891856670379639,6.322237491607666,4.148919105529785,4.270777702331543,,,,,,
2018-09-20,4.284376621246338,8.376235008239746,8.916942596435547,6.452727794647217,4.899052619934082,4.899052619934082,4.899052619934082,6.3322553634643555,4.153433799743652,4.284376621246338,,,,,,
2018-09-21,4.297109127044678,8.390819549560547,8.946320533752441,6.458375930786133,4.90598726272583,4.90598726272583,4.90598726272583,6.34248161315918,4.157493591308594,4.297109127044678,,,,,,
2018-09-22,4.308859348297119,8.405326843261719,8.973843574523926,6.464022159576416,4.9126667976379395,4.9126667976379395,4.9126667976379395,6.352650165557861,4.161229133605957,4.308859348297119,,,,,,
2018-09-23,4.319660663604736,8.419538497924805,8.999360084533691,6.469649314880371,4.919025421142578,4.919025421142578,4.919025421142578,6.362635612487793,4.164679527282715,4.319660663604736,,,,,,
2018-09-24,4.329693794250488,8.433237075805664,9.022854804992676,6.475271701812744,4.925128936767578,4.925128936767578,4.925128936767578,6.372419834136963,4.167925834655762,4.329693794250488,4.329693794250488,,,,,
2018-09-25,4.338962554931641,8.446331024169922,9.044532775878906,6.480794429779053,4.930981159210205,4.930981159210205,4.930981159210205,6.381788730621338,4.171047687530518,4.338962554931641,4.338962554931641,,,,,
2018-09-26,4.347527027130127,8.45873737335205,9.064419746398926,6.486232280731201,4.9365129470825195,4.9365129470825195,4.9365129470825195,6.390785217285156,4.1739702224731445,4.347527027130127,4.347527027130127,,,,,
2018-09-27,4.355423927307129,8.470443725585938,9.08265495300293,6.491525650024414,4.941741466522217,4.941741466522217,4.941741466522217,6.399336338043213,4.176727771759033,4.355423927307129,4.355423927307129,,,,,
2018-09-28,4.363168716430664,8.481367111206055,9.099474906921387,6.496561050415039,4.9470133781433105,4.9470133781433105,4.9470133781433105,6.40730619430542,4.1800456047058105,4.363168716430664,4.363168716430664,,,,,
2018-09-29,4.370888710021973,8.491601943969727,9.114889144897461,6.501432418823242,4.952446937561035,4.952446937561035,4.952446937561035,6.4149627685546875,4.183789253234863,4.370888710021973,4.370888710021973,,,,,
2018-09-30,4.409022331237793,8.503091812133789,9.129015922546387,6.50612735748291,4.95850133895874,4.95850133895874,4.95850133895874,6.427720069885254,4.187689781188965,4.409022331237793,4.409022331237793,,,,,
2018-10-01,4.456404209136963,8.516210556030273,9.14155101776123,6.510484218597412,4.965526103973389,4.965526103973389,4.965526103973389,6.444615840911865,4.1917724609375,4.456404209136963,4.456404209136963,,,,,
2018-10-02,4.499789237976074,8.529997825622559,9.152959823608398,6.514656066894531,4.973334789276123,4.973334789276123,4.973334789276123,6.4627366065979,4.1959428787231445,4.499789237976074,4.499789237976074,,,,,
2018-10-03,4.536089897155762,8.543506622314453,9.163480758666992,6.518729209899902,4.981491565704346,4.981491565704346,4.981491565704346,6.4802350997924805,4.20012092590332,4.536089897155762,4.536089897155762,,,,,
2018-10-04,4.56599760055542,8.556207656860352,9.173195838928223,6.522701740264893,4.989560604095459,4.989560604095459,4.989560604095459,6.4963860511779785,4.204181671142578,4.56599760055542,4.56599760055542,,,,,
2018-10-05,4.590843200683594,8.56800651550293,9.182220458984375,6.526546955108643,4.997419834136963,4.997419834136963,4.997419834136963,6.510987758636475,4.208220481872559,4.590843200683594,4.590843200683594,,,,,
2018-10-06,4.611204147338867,8.57883071899414,9.19051456451416,6.530228614807129,5.004613399505615,5.004613399505615,5.004613399505615,6.524199962615967,4.211907386779785,4.611204147338867,4.611204147338867,,,,,
2018-10-07,4.629001617431641,8.58879566192627,9.198200225830078,6.533714771270752,5.011237621307373,5.011237621307373,5.011237621307373,6.53599739074707,4.215366840362549,4.629001617431641,4.629001617431641,,,,,
2018-10-08,4.644805908203125,8.5977783203125,9.20521068572998,6.536999702453613,5.017297744750977,5.017297744750977,5.017297744750977,6.546626091003418,4.218563556671143,4.644805908203125,4.644805908203125,,,,,
2018-10-09,4.658904075622559,8.60604190826416,9.211610794067383,6.540078639984131,5.022739887237549,5.022739887237549,5.022739887237549,6.556377410888672,4.22143030166626,4.658904075622559,4.658904075622559,,,,,
2018-10-10,4.671518802642822,8.61359977722168,9.217527389526367,6.542937755584717,5.027751445770264,5.027751445770264,5.027751445770264,6.565256118774414,4.224062442779541,4.671518802642822,4.671518802642822,,,,,
2018-10-11,4.682028293609619,8.620473861694336,9.22301197052002,6.545563220977783,5.03248929977417,5.03248929977417,5.03248929977417,6.573216915130615,4.226609230041504,4.682028293609619,4.682028293609619,,,,,
2018-10-12,4.691928863525391,8.626872062683105,9.228008270263672,6.54799222946167,5.0368218421936035,5.0368218421936035,5.0368218421936035,6.580617904663086,4.228920936584473,4.691928863525391,4.691928863525391,,,,,
2018-10-13,4.701204299926758,8.632865905761719,9.232529640197754,6.550233364105225,5.040738105773926,5.040738105773926,5.040738105773926,6.58759069442749,4.230953216552734,4.701204299926758,4.701204299926758,,,,,
2018-10-14,4.711170196533203,8.638152122497559,9.236607551574707,6.552245140075684,5.045080661773682,5.045080661773682,5.045080661773682,6.593829154968262,4.23392915725708,4.711170196533203,4.711170196533203,,,,,
2018-10-15,4.721926689147949,8.642874717712402,9.240310668945312,6.554101943969727,5.04976749420166,5.04976749420166,5.04976749420166,6.599822521209717,4.237549781799316,4.721926689147949,4.721926689147949,,,,,
2018-10-16,4.733198642730713,8.64724063873291,9.243663787841797,6.5557942390441895,5.054845333099365,5.054845333099365,5.054845333099365,6.6057610511779785,4.241448402404785,4.733198642730713,4.733198642730713,,5.58351469039917,5.58351469039917,5.58351469039917,5.58351469039917
2018-10-17,4.744220733642578,8.651305198669434,9.246719360351562,6.557378768920898,5.059986591339111,5.059986591339111,5.059986591339111,6.611536502838135,4.245243072509766,4.744220733642578,4.744220733642578,,,,,
2018-10-18,4.753640174865723,8.655157089233398,9.249505996704102,6.558887004852295,5.064817428588867,5.064817428588867,5.064817428588867,6.6170268058776855,4.24864387512207,4.753640174865723,4.753640174865723,,,,,
2018-10-19,4.762573719024658,8.658773422241211,9.252016067504883,6.56031608581543,5.069291114807129,5.069291114807129,5.069291114807129,6.622256755828857,4.251653671264648,4.762573719024658,4.762573719024658,,,,,
2018-10-20,4.770718574523926,8.662070274353027,9.254246711730957,6.561651706695557,5.073292255401611,5.073292255401611,5.073292255401611,6.627017498016357,4.25424337387085,4.770718574523926,4.770718574523926,,,,,
2018-10-21,4.7780327796936035,8.665020942687988,9.256281852722168,6.562875270843506,5.076959133148193,5.076959133148193,5.076959133148193,6.631351470947266,4.256605625152588,4.7780327796936035,4.7780327796936035,,,,,
2018-10-22,4.78462028503418,8.667669296264648,9.258106231689453,6.5639753341674805,5.080245494842529,5.080245494842529,5.080245494842529,6.63542366027832,4.258665084838867,4.78462028503418,4.78462028503418,,,,,
2018-10-23,4.790523052215576,8.670259475708008,9.259775161743164,6.5649542808532715,5.083076477050781,5.083076477050781,5.083076477050781,6.639309883117676,4.2603440284729,4.790523052215576,4.790523052215576,,,,,
2018-10-24,4.795953273773193,8.672571182250977,9.26124382019043,6.565805435180664,5.085753917694092,5.085753917694092,5.085753917694092,6.642906665802002,4.261887550354004,4.795953273773193,4.795953273773193,,,,,
2018-10-25,4.800917625427246,8.674592018127441,9.262530326843262,6.566525936126709,5.088352680206299,5.088352680206299,5.088352680206299,6.646132469177246,4.2633771896362305,4.800917625427246,4.800917625427246,,,,,
2018-10-26,4.805363655090332,8.67656135559082,9.263703346252441,6.567151069641113,5.090611934661865,5.090611934661865,5.090611934661865,6.649173259735107,4.264636039733887,4.805363655090332,4.805363655090332,,,,,
2018-10-27,4.809401512145996,8.678447723388672,9.26478385925293,6.5677361488342285,5.092661380767822,5.092661380767822,5.092661380767822,6.652012825012207,4.265761852264404,4.809401512145996,4.809401512145996,,,,,
2018-10-28,4.813348770141602,8.68020248413086,9.265779495239258,6.568299293518066,5.094688892364502,5.094688892364502,5.094688892364502,6.654657363891602,4.267034530639648,4.813348770141602,4.813348770141602,,,,,
2018-10-29,4.81727933883667,8.68185043334961,9.266701698303223,6.568855285644531,5.096745491027832,5.096745491027832,5.096745491027832,6.657188415527344,4.268399238586426,4.81727933883667,4.81727933883667,,5.6336846351623535,5.6336846351623535,5.6336846351623535,5.6336846351623535
2018-10-30,4.821199417114258,8.68340015411377,9.267775535583496,6.569530963897705,5.098859786987305,5.098859786987305,5.098859786987305,6.65961217880249,4.269857406616211,4.821199417114258,4.821199417114258,,,,,
2018-10-31,4.817580699920654,8.684596061706543,9.269064903259277,6.57041597366333,5.100759983062744,5.100759983062744,5.100759983062744,6.661064624786377,4.271311283111572,4.817580699920654,4.817580699920654,,,,,
2018-11-01,4.809900283813477,8.685483932495117,9.27241325378418,6.572470664978027,5.102055072784424,5.102055072784424,5.102055072784424,6.661593914031982,4.272486209869385,4.809900283813477,4.809900283813477,,,,,
2018-11-02,4.801718235015869,8.686212539672852,9.276103973388672,6.574952125549316,5.102771759033203,5.102771759033203,5.102771759033203,6.661592483520508,4.27338171005249,4.801718235015869,4.801718235015869,,,,,
2018-11-03,4.794551849365234,8.686856269836426,9.279428482055664,6.577375411987305,5.103048324584961,5.103048324584961,5.103048324584961,6.661330699920654,4.2740373611450195,4.794551849365234,4.794551849365234,,,,,
2018-11-04,4.788767337799072,8.68743896484375,9.282336235046387,6.579629421234131,5.103127956390381,5.103127956390381,5.103127956390381,6.6609978675842285,4.274534702301025,4.788767337799072,4.788767337799072,,,,,
2018-11-05,4.784214973449707,8.687973022460938,9.284947395324707,6.581722259521484,5.1031670570373535,5.1031670570373535,5.1031670570373535,6.660680770874023,4.274950981140137,4.784214973449707,4.784214973449707,,,,,
2018-11-06,4.780623912811279,8.688445091247559,9.287306785583496,6.583612442016602,5.103204250335693,5.103204250335693,5.103204250335693,6.660391330718994,4.275324821472168,4.780623912811279,4.780623912811279,,,,,
2018-11-07,4.777716636657715,8.688838958740234,9.289436340332031,6.58531379699707,5.103265285491943,5.103265285491943,5.103265285491943,6.660127639770508,4.275681972503662,4.777716636657715,4.777716636657715,,,,,
2018-11-08,4.775291919708252,8.689179420471191,9.291441917419434,6.586889266967773,5.1033711433410645,5.1033711433410645,5.1033711433410645,6.6598944664001465,4.276031970977783,4.775291919708252,4.775291919708252,,,,,
2018-11-09,4.773213863372803,8.689457893371582,9.293317794799805,6.588335037231445,5.103512287139893,5.103512287139893,5.103512287139893,6.659679412841797,4.276376724243164,4.773213863372803,4.773213863372803,,,,,
2018-11-10,4.771330833435059,8.689679145812988,9.295114517211914,6.5897016525268555,5.1036787033081055,5.1036787033081055,5.1036787033081055,6.659461498260498,4.276728630065918,4.771330833435059,4.771330833435059,,,,,
2018-11-11,4.769619941711426,8.689846992492676,9.29685115814209,6.5909905433654785,5.103856563568115,5.103856563568115,5.103856563568115,6.659241676330566,4.277080535888672,4.769619941711426,4.769619941711426,,,,,
2018-11-12,4.767975330352783,8.689983367919922,9.298615455627441,6.59229850769043,5.1040496826171875,5.1040496826171875,5.1040496826171875,6.65900993347168,4.277456760406494,4.767975330352783,4.767975330352783,,,,,
2018-11-13,4.766461372375488,8.69011116027832,9.300436019897461,6.59360408782959,5.104248523712158,5.104248523712158,5.104248523712158,6.658788681030273,4.27783203125,4.766461372375488,4.766461372375488,,,,,
2018-11-14,4.764267444610596,8.690224647521973,9.302239418029785,6.594975471496582,5.1042890548706055,5.1042890548706055,5.1042890548706055,6.6585307121276855,4.278005599975586,4.764267444610596,4.764267444610596,,5.6382317543029785,5.6382317543029785,5.6382317543029785,5.6382317543029785
2018-11-15,4.7611846923828125,8.690316200256348,9.304030418395996,6.596325874328613,5.103878021240234,5.103878021240234,5.103878021240234,6.658128261566162,4.2777533531188965,4.7611846923828125,4.7611846923828125,,,,,
2018-11-16,4.757558345794678,8.690370559692383,9.305789947509766,6.597618579864502,5.103134632110596,5.103134632110596,5.103134632110596,6.657550811767578,4.277276992797852,4.757558345794678,4.757558345794678,,,,,
2018-11-17,4.753903865814209,8.69038200378418,9.307486534118652,6.598851203918457,5.102321624755859,5.102321624755859,5.102321624755859,6.656846523284912,4.27680778503418,4.753903865814209,4.753903865814209,,,,,
2018-11-18,4.750411033630371,8.69034481048584,9.309135437011719,6.599974155426025,5.101499080657959,5.101499080657959,5.101499080657959,6.6560564041137695,4.276384353637695,4.750411033630371,4.750411033630371,,,,,
2018-11-19,4.7471723556518555,8.690258026123047,9.310683250427246,6.600985527038574,5.100720405578613,5.100720405578613,5.100720405578613,6.65521240234375,4.276028156280518,4.7471723556518555,4.7471723556518555,,,,,
2018-11-20,4.7442450523376465,8.690131187438965,9.312190055847168,6.601911544799805,5.1000518798828125,5.1000518798828125,5.1000518798828125,6.654361724853516,4.2757649421691895,4.7442450523376465,4.7442450523376465,,,,,
2018-11-21,4.741537570953369,8.689959526062012,9.313567161560059,6.602731704711914,5.0994367599487305,5.0994367599487305,5.0994367599487305,6.653502941131592,4.275553226470947,4.741537570953369,4.741537570953369,,,,,
2018-11-22,4.739109992980957,8.689760208129883,9.315010070800781,6.603488922119141,5.098958492279053,5.098958492279053,5.098958492279053,6.652679920196533,4.2754225730896,4.739109992980957,4.739109992980957,,,,,
2018-11-23,4.7367682456970215,8.689512252807617,9.316197395324707,6.60413122177124,5.098456382751465,5.098456382751465,5.098456382751465,6.6518378257751465,4.275293350219727,4.7367682456970215,4.7367682456970215,,,,,
2018-11-24,4.734642028808594,8.689238548278809,9.317427635192871,6.604702949523926,5.098057270050049,5.098057270050049,5.098057270050049,6.651037216186523,4.275209426879883,4.734642028808594,4.734642028808594,,,,,
2018-11-25,4.732641696929932,8.688928604125977,9.31859016418457,6.605201721191406,5.097691059112549,5.097691059112549,5.097691059112549,6.6502485275268555,4.27514123916626,4.732641696929932,4.732641696929932,,,,,
2018-11-26,4.730599403381348,8.688581466674805,9.319584846496582,6.605630874633789,5.0972676277160645,5.0972676277160645,5.0972676277160645,6.64940881729126,4.275050640106201,4.730599403381348,4.730599403381348,,,,,
2018-11-27,4.728644371032715,8.688211441040039,9.320589065551758,6.606019973754883,5.096860408782959,5.096860408782959,5.096860408782959,6.648577690124512,4.274958610534668,4.728644371032715,4.728644371032715,,,,,
2018-11-28,4.726617813110352,8.687826156616211,9.321547508239746,6.606375694274902,5.09637975692749,5.09637975692749,5.09637975692749,6.647724151611328,4.2747344970703125,4.726617813110352,4.726617813110352,,,,,
2018-11-29,4.7244791984558105,8.687427520751953,9.32254409790039,6.606741428375244,5.095803737640381,5.095803737640381,5.095803737640381,6.64686393737793,4.274375915527344,4.7244791984558105,4.7244791984558105,,,,,
2018-11-30,4.73171329498291,8.687787055969238,9.323572158813477,6.607120990753174,5.095179080963135,5.095179080963135,5.095179080963135,6.647916793823242,4.273949146270752,4.73171329498291,4.73171329498291,,,,,
2018-12-01,4.740931987762451,8.689092636108398,9.326951026916504,6.608734130859375,5.094764232635498,5.094764232635498,5.094764232635498,6.650569438934326,4.273575305938721,4.740931987762451,4.740931987762451,,,,,
2018-12-02,4.748484134674072,8.691057205200195,9.330815315246582,6.610825061798096,5.094664573669434,5.094664573669434,5.094664573669434,6.653911113739014,4.273310661315918,4.748484134674072,4.748484134674072,,,,,
2018-12-03,4.753993988037109,8.693246841430664,9.334458351135254,6.613024711608887,5.094834327697754,5.094834327697754,5.094834327697754,6.657140254974365,4.273226261138916,4.753993988037109,4.753993988037109,,5.628122806549072,5.628122806549072,5.628122806549072,5.628122806549072
2018-12-04,4.757867336273193,8.695419311523438,9.337875366210938,6.61521053314209,5.095122337341309,5.095122337341309,5.095122337341309,6.659904479980469,4.273299217224121,4.757867336273193,4.757867336273193,,,,,
2018-12-05,4.760836601257324,8.697530746459961,9.341038703918457,6.617417335510254,5.095597743988037,5.095597743988037,5.095597743988037,6.662446022033691,4.273538589477539,4.760836601257324,4.760836601257324,,,,,
2018-12-06,4.76317834854126,8.699539184570312,9.344097137451172,6.619633674621582,5.0961995124816895,5.0961995124816895,5.0961995124816895,6.664724349975586,4.273929119110107,4.76317834854126,4.76317834854126,,,,,
2018-12-07,4.765050888061523,8.701493263244629,9.3473482131958,6.621953010559082,5.096856594085693,5.096856594085693,5.096856594085693,6.666767597198486,4.274429798126221,4.765050888061523,4.765050888061523,,,,,
2018-12-08,4.766654968261719,8.703503608703613,9.351021766662598,6.624635219573975,5.097665309906006,5.097665309906006,5.097665309906006,6.668764114379883,4.275128364562988,4.766654968261719,4.766654968261719,,,,,
2018-12-09,4.768058776855469,8.705713272094727,9.355422019958496,6.627862453460693,5.098588943481445,5.098588943481445,5.098588943481445,6.670779705047607,4.275991916656494,4.768058776855469,4.768058776855469,,,,,
2018-12-10,4.769351482391357,8.708175659179688,9.360471725463867,6.631641387939453,5.099696636199951,5.099696636199951,5.099696636199951,6.67288875579834,4.277080535888672,4.769351482391357,4.769351482391357,,,,,
2018-12-11,4.770613193511963,8.710872650146484,9.365955352783203,6.635830879211426,5.101090431213379,5.101090431213379,5.101090431213379,6.675135612487793,4.2784929275512695,4.770613193511963,4.770613193511963,,,,,
2018-12-12,4.771759033203125,8.71381664276123,9.371827125549316,6.6401262283325195,5.102455139160156,5.102455139160156,5.102455139160156,6.677352428436279,4.279872417449951,4.771759033203125,4.771759033203125,,,,,
2018-12-13,4.772944927215576,8.716917037963867,9.37769603729248,6.644570827484131,5.104135990142822,5.104135990142822,5.104135990142822,6.679723262786865,4.281583309173584,4.772944927215576,4.772944927215576,,,,,
2018-12-14,4.774173736572266,8.72015380859375,9.383646965026855,6.648972511291504,5.105932712554932,5.105932712554932,5.105932712554932,6.6821184158325195,4.283445358276367,4.774173736572266,4.774173736572266,,5.643636226654053,5.643636226654053,5.643636226654053,5.643636226654053
2018-12-15,4.775840759277344,8.723504066467285,9.389650344848633,6.6533894538879395,5.1079230308532715,5.1079230308532715,5.1079230308532715,6.684607028961182,4.285630702972412,4.775840759277344,4.775840759277344,,,,,
2018-12-16,4.777596473693848,8.726987838745117,9.395681381225586,6.657780647277832,5.109951972961426,5.109951972961426,5.109951972961426,6.687151908874512,4.287821292877197,4.777596473693848,4.777596473693848,,,,,
2018-12-17,4.779384613037109,8.730575561523438,9.401745796203613,6.662102699279785,5.112019062042236,5.112019062042236,5.112019062042236,6.689728260040283,4.290011405944824,4.779384613037109,4.779384613037109,,,,,
2018-12-18,4.781179904937744,8.734221458435059,9.407754898071289,6.666346549987793,5.114173412322998,5.114173412322998,5.114173412322998,6.692348480224609,4.292251110076904,4.781179904937744,4.781179904937744,,,,,
2018-12-19,4.782923698425293,8.737861633300781,9.413712501525879,6.670422554016113,5.116381645202637,5.116381645202637,5.116381645202637,6.694950580596924,4.29451322555542,4.782923698425293,4.782923698425293,,,,,
2018-12-20,4.784584045410156,8.741535186767578,9.419586181640625,6.674375534057617,5.118570804595947,5.118570804595947,5.118570804595947,6.697531223297119,4.296712875366211,4.784584045410156,4.784584045410156,,,,,
2018-12-21,4.786201000213623,8.745240211486816,9.42559814453125,6.678330898284912,5.120807647705078,5.120807647705078,5.120807647705078,6.700128555297852,4.298945903778076,4.786201000213623,4.786201000213623,,,,,
2018-12-22,4.7877888679504395,8.749062538146973,9.431992530822754,6.6824631690979,5.1230902671813965,5.1230902671813965,5.1230902671813965,6.702786922454834,4.301223278045654,4.7877888679504395,4.7877888679504395,,,,,
2018-12-23,4.789363861083984,8.753127098083496,9.438955307006836,6.686948776245117,5.125410079956055,5.125410079956055,5.125410079956055,6.705554008483887,4.303544521331787,4.789363861083984,4.789363861083984,,,,,
2018-12-24,4.790975093841553,8.75735855102539,9.446316719055176,6.691684722900391,5.127872467041016,5.127872467041016,5.127872467041016,6.708422660827637,4.3060479164123535,4.790975093841553,4.790975093841553,,,,,
2018-12-25,4.792670726776123,8.761751174926758,9.453890800476074,6.696579933166504,5.130568504333496,5.130568504333496,5.130568504333496,6.711418151855469,4.308826446533203,4.792670726776123,4.792670726776123,,,,,
2018-12-26,4.794412136077881,8.766321182250977,9.461555480957031,6.701534748077393,5.13337516784668,5.13337516784668,5.13337516784668,6.714505672454834,4.311715126037598,4.794412136077881,4.794412136077881,,,,,
2018-12-27,4.796183109283447,8.771018028259277,9.469162940979004,6.706465244293213,5.136240005493164,5.136240005493164,5.136240005493164,6.717663288116455,4.314644813537598,4.796183109283447,4.796183109283447,,,,,
2018-12-28,4.798027992248535,8.775873184204102,9.476649284362793,6.711411952972412,5.1391706466674805,5.1391706466674805,5.1391706466674805,6.720906734466553,4.317864894866943,4.798027992248535,4.798027992248535,,,,,
2018-12-29,4.800149440765381,8.780755996704102,9.483935356140137,6.716328144073486,5.1424384117126465,5.1424384117126465,5.1424384117126465,6.724215030670166,4.321876049041748,4.800149440765381,4.800149440765381,,,,,
2018-12-30,4.80240535736084,8.785623550415039,9.49105167388916,6.721137523651123,5.145922660827637,5.145922660827637,5.145922660827637,6.727553367614746,4.326099872589111,4.80240535736084,4.80240535736084,,,,,
2018-12-31,4.811894416809082,8.790849685668945,9.499113082885742,6.725889205932617,5.149735927581787,5.149735927581787,5.149735927581787,6.731503009796143,4.330268383026123,4.811894416809082,4.811894416809082,,,,,
