date,GMW000000117259_T2_GLD000000146651,GMW000000018111_T3_GLD000000023512,GMW000000017943_T2_GLD000000018322,GMW000000116943_T4_GLD000000146387,GMW000000017759_T4_GLD000000023475,GMW000000017740_T2_GLD000000023503,GMW000000018029_T1_GLD000000018527,GMW000000017862_T3_GLD000000018244,GMW000000017817_T2_GLD000000015176,GMW000000069616_T3_GLD000000071127,GMW000000082160_T3_GLD000000050466
2017-01-01,9.473299980163574,8.401132583618164,7.108874320983887,6.551145076751709,6.1129469871521,10.762855529785156,9.727713584899902,7.73126745223999,,12.112161636352539,
2017-01-02,9.474453926086426,8.40324878692627,7.109342575073242,6.556004524230957,6.113966941833496,10.764470100402832,9.727825164794922,7.732897758483887,,12.112168312072754,
2017-01-03,9.475778579711914,8.405206680297852,7.110037326812744,6.561868190765381,6.115223407745361,10.766092300415039,9.728245735168457,7.735080242156982,,12.112178802490234,
2017-01-04,9.477303504943848,8.407343864440918,7.110968589782715,6.568437576293945,6.116740703582764,10.768255233764648,9.728986740112305,7.7377848625183105,,12.11279296875,
2017-01-05,9.479031562805176,8.409252166748047,7.112095355987549,6.575485706329346,6.118523597717285,10.770133018493652,9.729938507080078,7.740933418273926,,12.113412857055664,
2017-01-06,9.480942726135254,8.41086483001709,7.113375663757324,6.582858085632324,6.120558738708496,10.771665573120117,9.731003761291504,7.7444376945495605,,12.114002227783203,
2017-01-07,9.4830322265625,8.41247272491455,7.114822864532471,6.590427398681641,6.122817516326904,10.773442268371582,9.732175827026367,7.7482476234436035,,12.115059852600098,
2017-01-08,9.48528003692627,8.413866996765137,7.116407871246338,6.598101615905762,6.125293254852295,10.774910926818848,9.733402252197266,7.752302169799805,,12.116033554077148,
2017-01-09,9.487703323364258,8.415728569030762,7.118168354034424,6.605854511260986,6.127957344055176,10.777735710144043,9.734822273254395,7.756601810455322,,12.118145942687988,
2017-01-10,9.490293502807617,8.417694091796875,7.1201019287109375,6.613640308380127,6.130818843841553,10.780632972717285,9.736430168151855,7.761109828948975,,12.120361328125,
2017-01-11,9.493038177490234,8.41966724395752,7.122185707092285,6.621430397033691,6.13384485244751,10.78337574005127,9.738167762756348,7.765779972076416,,12.122692108154297,
2017-01-12,9.496145248413086,8.424403190612793,7.124940395355225,6.629429817199707,6.137224197387695,10.796968460083008,9.740957260131836,7.771144866943359,,12.132462501525879,
2017-01-13,9.499878883361816,8.431547164916992,7.128620147705078,6.6379523277282715,6.141178131103516,10.814142227172852,9.745201110839844,7.777430057525635,,12.14633846282959,
2017-01-14,9.504405975341797,8.439958572387695,7.133193016052246,6.647156715393066,6.145818710327148,10.830035209655762,9.750755310058594,7.784519672393799,,12.16131591796875,
2017-01-15,9.509757041931152,8.448322296142578,7.138481616973877,6.657015800476074,6.151118278503418,10.842240333557129,9.757142066955566,7.792206287384033,,12.175524711608887,
2017-01-16,9.51584529876709,8.455965995788574,7.144312858581543,6.667401313781738,6.156980037689209,10.851954460144043,9.763903617858887,7.800329685211182,,12.188368797302246,6.73197603225708
2017-01-17,9.522530555725098,8.462567329406738,7.15054178237915,6.67816162109375,6.163285732269287,10.859590530395508,9.77071475982666,7.808784484863281,,12.199637413024902,
2017-01-18,9.52967643737793,8.468417167663574,7.157044887542725,6.689155578613281,6.169929504394531,10.865968704223633,9.777371406555176,7.817482948303223,,12.209338188171387,
2017-01-19,9.53714656829834,8.473556518554688,7.163696765899658,6.700251579284668,6.176816940307617,10.870874404907227,9.783756256103516,7.826331615447998,,12.217453002929688,
2017-01-20,9.544816970825195,8.478200912475586,7.17039680480957,6.711343765258789,6.183865070343018,10.874876022338867,9.789780616760254,7.835237979888916,,12.224067687988281,
2017-01-21,9.552572250366211,8.482268333435059,7.177042484283447,6.722337245941162,6.191003322601318,10.877898216247559,9.795403480529785,7.844116687774658,,12.229308128356934,
2017-01-22,9.560319900512695,8.485831260681152,7.183557510375977,6.733160972595215,6.198158264160156,10.880204200744629,9.800593376159668,7.852899074554443,,12.233312606811523,
2017-01-23,9.567980766296387,8.488984107971191,7.189881324768066,6.743767261505127,6.205291271209717,10.88200569152832,9.805352210998535,7.861532211303711,,12.236371994018555,
2017-01-24,9.5754976272583,8.491783142089844,7.1959710121154785,6.754115581512451,6.212350368499756,10.883390426635742,9.809700965881348,7.8699750900268555,,12.238595008850098,
2017-01-25,9.582828521728516,8.494251251220703,7.201789379119873,6.764158248901367,6.2192912101745605,10.88432788848877,9.813664436340332,7.878188610076904,,12.240121841430664,
2017-01-26,9.589926719665527,8.49637508392334,7.207300662994385,6.773878574371338,6.226090908050537,10.884847640991211,9.81725025177002,7.886136531829834,,12.240965843200684,
2017-01-27,9.59676742553711,8.49817943572998,7.212479591369629,6.783266544342041,6.232711315155029,10.88493537902832,9.820472717285156,7.893798351287842,,12.241228103637695,
2017-01-28,9.603325843811035,8.499655723571777,7.217315673828125,6.7923150062561035,6.239132404327393,10.884660720825195,9.823346138000488,7.901149272918701,,12.240984916687012,
2017-01-29,9.609627723693848,8.501543998718262,7.221889495849609,6.801069736480713,6.2453765869140625,10.886140823364258,9.826077461242676,7.908247947692871,,12.241655349731445,
2017-01-30,9.615715026855469,8.50369644165039,7.226264953613281,6.80955696105957,6.251465797424316,10.888678550720215,9.828808784484863,7.9151291847229,,12.243169784545898,
2017-01-31,9.621626853942871,8.505802154541016,7.230437278747559,6.818850517272949,6.257422924041748,10.89044189453125,9.831496238708496,7.921886444091797,,12.244641304016113,6.837712287902832
2017-02-01,9.627423286437988,8.504471778869629,7.234352111816406,6.829216480255127,6.263262748718262,10.89209270477295,9.833983421325684,7.928631782531738,,12.246464729309082,
2017-02-02,9.633116722106934,8.503240585327148,7.237977981567383,6.840340614318848,6.26899528503418,10.893020629882812,9.836201667785645,7.935388565063477,,12.248226165771484,
2017-02-03,9.63870906829834,8.502360343933105,7.241325855255127,6.851809978485107,6.274608612060547,10.893757820129395,9.838167190551758,7.942139625549316,,12.249858856201172,
2017-02-04,9.644227027893066,8.502364158630371,7.244500637054443,6.8633131980896,6.280115604400635,10.895865440368652,9.840078353881836,7.948904514312744,,12.252129554748535,
2017-02-05,9.649665832519531,8.502636909484863,7.247530460357666,6.874651908874512,6.285526752471924,10.897047996520996,9.841943740844727,7.955648422241211,,12.254169464111328,
2017-02-06,9.65499496459961,8.502894401550293,7.250402450561523,6.885665416717529,6.290831089019775,10.897871017456055,9.843704223632812,7.962307929992676,,12.255825996398926,
2017-02-07,9.660218238830566,8.503127098083496,7.2531328201293945,6.8962931632995605,6.296002388000488,10.898463249206543,9.845345497131348,7.9688496589660645,,12.257420539855957,
2017-02-08,9.665324211120605,8.503514289855957,7.255727291107178,6.906468391418457,6.30105447769165,10.89932632446289,9.84691333770752,7.975247859954834,,12.259675025939941,
2017-02-09,9.67030143737793,8.50383472442627,7.25818395614624,6.916190147399902,6.305959701538086,10.899667739868164,9.848387718200684,7.981473922729492,,12.261609077453613,
2017-02-10,9.675138473510742,8.504095077514648,7.2604827880859375,6.925445079803467,6.310709476470947,10.899869918823242,9.849747657775879,7.9875006675720215,,12.263298988342285,
2017-02-11,9.679840087890625,8.504566192626953,7.262670040130615,6.934246063232422,6.315300941467285,10.900636672973633,9.85107421875,7.993338108062744,,12.265217781066895,
2017-02-12,9.684394836425781,8.504962921142578,7.264735221862793,6.942616939544678,6.319730758666992,10.900782585144043,9.852330207824707,7.998971462249756,,12.266666412353516,
2017-02-13,9.688766479492188,8.505148887634277,7.266647815704346,6.950555801391602,6.323996543884277,10.900511741638184,9.853447914123535,8.004363059997559,,12.267494201660156,
2017-02-14,9.692941665649414,8.505011558532715,7.2683820724487305,6.958102703094482,6.32807731628418,10.899553298950195,9.854360580444336,8.009488105773926,,12.267611503601074,6.916106224060059
2017-02-15,9.696890830993652,8.504661560058594,7.269923210144043,6.965342998504639,6.331976890563965,10.898200035095215,9.855053901672363,8.014338493347168,,12.267107009887695,
2017-02-16,9.700606346130371,8.504075050354004,7.271265506744385,6.972323417663574,6.335701942443848,10.896551132202148,9.855513572692871,8.0189208984375,,12.266077995300293,
2017-02-17,9.70409107208252,8.5034761428833,7.272430896759033,6.9790520668029785,6.339252471923828,10.894976615905762,9.855785369873047,8.0232515335083,,12.26513385772705,
2017-02-18,9.70733642578125,8.502683639526367,7.2734150886535645,6.985535144805908,6.342637538909912,10.893126487731934,9.855870246887207,8.027347564697266,,12.263809204101562,
2017-02-19,9.710347175598145,8.501801490783691,7.274216651916504,6.991724491119385,6.34584903717041,10.891157150268555,9.85577392578125,8.031205177307129,,12.262206077575684,
2017-02-20,9.71314525604248,8.501076698303223,7.274877548217773,6.99762487411499,6.3488922119140625,10.889850616455078,9.8555908203125,8.03486156463623,,12.26117992401123,
2017-02-21,9.715738296508789,8.500288963317871,7.275402069091797,7.003232479095459,6.351768970489502,10.888248443603516,9.85531234741211,8.038312911987305,,12.259857177734375,
2017-02-22,9.718400955200195,8.502596855163574,7.276307582855225,7.0086493492126465,6.354671001434326,10.898541450500488,9.85598373413086,8.042064666748047,,12.266091346740723,
2017-02-23,9.721323013305664,8.506957054138184,7.2777485847473145,7.014028072357178,6.35779333114624,10.910062789916992,9.85783863067627,8.046191215515137,,12.275640487670898,
2017-02-24,9.724557876586914,8.511731147766113,7.279615879058838,7.019399642944336,6.361176013946533,10.918375015258789,9.860572814941406,8.050508499145508,,12.285249710083008,
2017-02-25,9.728068351745605,8.515951156616211,7.281786918640137,7.024737358093262,6.364765167236328,10.924530029296875,9.863762855529785,8.054906845092773,,12.293869018554688,
2017-02-26,9.731801986694336,8.519522666931152,7.284188747406006,7.0300140380859375,6.368485927581787,10.929173469543457,9.8671293258667,8.059340476989746,,12.301580429077148,
2017-02-27,9.735862731933594,8.52417278289795,7.2870001792907715,7.035311698913574,6.372373580932617,10.938429832458496,9.871013641357422,8.064041137695312,,12.313128471374512,
2017-02-28,9.74038028717041,8.529768943786621,7.290369033813477,7.040500164031982,6.3765411376953125,10.949317932128906,9.875629425048828,8.069178581237793,,12.327232360839844,
2017-03-01,9.745481491088867,8.53434944152832,7.294342517852783,7.045597553253174,6.3810715675354,10.96087646484375,9.880983352661133,8.07482624053955,,12.342872619628906,
2017-03-02,9.7511625289917,8.539277076721191,7.298789978027344,7.0506486892700195,6.385915279388428,10.969629287719727,9.88675308227539,8.080815315246582,,12.357353210449219,
2017-03-03,9.757319450378418,8.544116020202637,7.303570747375488,7.055689334869385,6.390982151031494,10.976062774658203,9.892599105834961,8.086997985839844,,12.369697570800781,
2017-03-04,9.763893127441406,8.549121856689453,7.308673858642578,7.060806751251221,6.396212100982666,10.983499526977539,9.898530960083008,8.09338092803955,,12.381474494934082,
2017-03-05,9.770835876464844,8.554364204406738,7.3140764236450195,7.066061973571777,6.401577472686768,10.990978240966797,9.90456485748291,8.09996509552002,,12.392708778381348,
2017-03-06,9.778082847595215,8.55956745147705,7.319796085357666,7.071488380432129,6.407070636749268,10.997933387756348,9.910614967346191,8.10669994354248,,12.403162956237793,7.006960868835449
2017-03-07,9.785516738891602,8.564315795898438,7.3256707191467285,7.077054500579834,6.412639141082764,11.002348899841309,9.91645622253418,8.113475799560547,,12.411410331726074,
2017-03-08,9.79322338104248,8.570104598999023,7.331937313079834,7.082904815673828,6.4184088706970215,11.012043952941895,9.922528266906738,8.12055778503418,,12.421478271484375,
2017-03-09,9.801168441772461,8.575806617736816,7.338467597961426,7.08906364440918,6.4243998527526855,11.01809310913086,9.928685188293457,8.127860069274902,,12.430100440979004,
2017-03-10,9.809210777282715,8.580892562866211,7.34506368637085,7.095438480377197,6.4305267333984375,11.021689414978027,9.934621810913086,8.1351957321167,,12.436367988586426,
2017-03-11,9.817195892333984,8.585237503051758,7.3515729904174805,7.101917743682861,6.436671257019043,11.02309513092041,9.940112113952637,8.14241886138916,,12.440384864807129,
2017-03-12,9.824990272521973,8.588643074035645,7.3578691482543945,7.1084184646606445,6.442737102508545,11.023231506347656,9.945024490356445,8.149417877197266,,12.442164421081543,
2017-03-13,9.83248519897461,8.59130859375,7.363856315612793,7.114861965179443,6.448641777038574,11.022420883178711,9.949302673339844,8.156120300292969,,12.442248344421387,
2017-03-14,9.839597702026367,8.593217849731445,7.369466781616211,7.121197700500488,6.454331398010254,11.021142959594727,9.952942848205566,8.162477493286133,,12.440953254699707,7.052457809448242
2017-03-15,9.846278190612793,8.594616889953613,7.374663829803467,7.1273932456970215,6.459773063659668,11.019067764282227,9.955971717834473,8.168462753295898,,12.43850040435791,
2017-03-16,9.852487564086914,8.595499038696289,7.379415988922119,7.133426189422607,6.464949607849121,11.016624450683594,9.958412170410156,8.174057960510254,,12.435073852539062,
2017-03-17,9.858288764953613,8.59709358215332,7.383824825286865,7.139321804046631,6.469893455505371,11.016618728637695,9.96056842803955,8.179380416870117,,12.4334077835083,
2017-03-18,9.8638277053833,8.599508285522461,7.388068675994873,7.145132064819336,6.47468900680542,11.019608497619629,9.96280288696289,8.184601783752441,,12.433960914611816,
2017-03-19,9.869155883789062,8.601888656616211,7.39213752746582,7.150871276855469,6.479380130767822,11.020742416381836,9.965071678161621,8.189701080322266,,12.434696197509766,
2017-03-20,9.874347686767578,8.604677200317383,7.396123886108398,7.156559467315674,6.484002113342285,11.023858070373535,9.967496871948242,8.194742202758789,,12.436944007873535,
2017-03-21,9.879393577575684,8.606983184814453,7.399946689605713,7.162178039550781,6.488535404205322,11.024345397949219,9.969889640808105,8.199665069580078,,12.438430786132812,
2017-03-22,9.884225845336914,8.60863208770752,7.403537750244141,7.167675971984863,6.4929280281066895,11.023627281188965,9.971819877624512,8.20437240600586,,12.438772201538086,
2017-03-23,9.888775825500488,8.609478950500488,7.4068217277526855,7.173005104064941,6.497119903564453,11.021673202514648,9.973359107971191,8.208788871765137,,12.437675476074219,
2017-03-24,9.892986297607422,8.609794616699219,7.409762382507324,7.178150177001953,6.50107479095459,11.019036293029785,9.974554061889648,8.212883949279785,,12.435331344604492,
2017-03-25,9.896814346313477,8.609623908996582,7.41232967376709,7.183061599731445,6.504748821258545,11.01587963104248,9.975384712219238,8.216634750366211,,12.431883811950684,
2017-03-26,9.900238990783691,8.609046936035156,7.414506435394287,7.187735557556152,6.508128643035889,11.01240062713623,9.975823402404785,8.220035552978516,,12.427602767944336,
2017-03-27,9.903246879577637,8.608041763305664,7.416280746459961,7.192145347595215,6.511197566986084,11.008489608764648,9.975850105285645,8.223075866699219,,12.422516822814941,
2017-03-28,9.905838966369629,8.606703758239746,7.4176530838012695,7.196287155151367,6.513955593109131,11.004301071166992,9.975462913513184,8.225781440734863,,12.417012214660645,
2017-03-29,9.908026695251465,8.605080604553223,7.418632984161377,7.2001800537109375,6.516417980194092,10.999972343444824,9.97469425201416,8.228171348571777,,12.411266326904297,7.110140323638916
2017-03-30,9.909821510314941,8.603164672851562,7.419227600097656,7.203817844390869,6.518591403961182,10.995400428771973,9.973565101623535,8.230243682861328,,12.405166625976562,
2017-03-31,9.911199569702148,8.601000785827637,7.41945219039917,7.206206321716309,6.52048397064209,10.990663528442383,9.972097396850586,8.23190975189209,,12.398908615112305,
2017-04-01,9.912138938903809,8.578994750976562,7.419095993041992,7.207124710083008,6.522090911865234,10.987910270690918,9.96993350982666,8.233111381530762,,12.393386840820312,
2017-04-02,9.912611961364746,8.55967903137207,7.4180803298950195,7.206862926483154,6.523396015167236,10.984148979187012,9.967059135437012,8.233786582946777,,12.387659072875977,
2017-04-03,9.912610054016113,8.544416427612305,7.416479587554932,7.205782413482666,6.524379253387451,10.980145454406738,9.963621139526367,8.233918190002441,,12.381814002990723,
2017-04-04,9.91214370727539,8.531865119934082,7.414402961730957,7.204179763793945,6.525027751922607,10.97555160522461,9.959772109985352,8.233524322509766,,12.37569808959961,
2017-04-05,9.911236763000488,8.52128791809082,7.411947250366211,7.202261924743652,6.525345325469971,10.970675468444824,9.95562744140625,8.232656478881836,,12.369415283203125,
2017-04-06,9.909887313842773,8.512020111083984,7.409196376800537,7.200151443481445,6.52533483505249,10.965625762939453,9.951292037963867,8.231375694274902,,12.363014221191406,
2017-04-07,9.908126831054688,8.503767013549805,7.406209945678711,7.197925090789795,6.525013446807861,10.96043872833252,9.946813583374023,8.229662895202637,,12.356488227844238,
2017-04-08,9.905991554260254,8.496172904968262,7.4030280113220215,7.195620059967041,6.5243964195251465,10.95508098602295,9.942241668701172,8.227614402770996,,12.349807739257812,
2017-04-09,9.903526306152344,8.489058494567871,7.399657726287842,7.1932783126831055,6.523502826690674,10.949481964111328,9.937536239624023,8.225309371948242,,12.342893600463867,
2017-04-10,9.900744438171387,8.482331275939941,7.396120071411133,7.190890312194824,6.522343158721924,10.941434860229492,9.93272876739502,8.22276496887207,,12.33586597442627,
2017-04-11,9.89765453338623,8.475881576538086,7.392428398132324,7.1884613037109375,6.520936489105225,10.935391426086426,9.927807807922363,8.219989776611328,,12.32876205444336,
2017-04-12,9.894268035888672,8.469704627990723,7.388616561889648,7.18600606918335,6.519288063049316,10.911582946777344,9.922792434692383,8.216958045959473,,12.32174015045166,
2017-04-13,9.89065933227539,8.463706970214844,7.384688377380371,7.18350076675415,6.517429828643799,10.915870666503906,9.917715072631836,8.213757514953613,,12.314785957336426,
2017-04-14,9.88683032989502,8.457942008972168,7.380661964416504,7.180884838104248,6.515357494354248,10.915299415588379,9.912612915039062,8.210412979125977,,12.30797004699707,
2017-04-15,9.882808685302734,8.452431678771973,7.376549243927002,7.178086757659912,6.513065338134766,10.912089347839355,9.907515525817871,8.206881523132324,,12.3013916015625,
2017-04-16,9.878677368164062,8.447344779968262,7.372377395629883,7.175104141235352,6.510568141937256,10.908141136169434,9.902499198913574,8.203243255615234,,12.29527759552002,
2017-04-17,9.874515533447266,8.442687034606934,7.368181228637695,7.171987056732178,6.507872581481934,10.904406547546387,9.897624969482422,8.199586868286133,,12.290130615234375,
2017-04-18,9.870377540588379,8.43835163116455,7.363984107971191,7.168787479400635,6.505005836486816,10.900762557983398,9.892926216125488,8.195964813232422,,12.285512924194336,7.08213996887207
2017-04-19,9.866278648376465,8.434089660644531,7.359775543212891,7.165558815002441,6.5019917488098145,10.896841049194336,9.888351440429688,8.19236946105957,,12.280973434448242,
2017-04-20,9.862208366394043,8.429765701293945,7.3555402755737305,7.162306785583496,6.498849391937256,10.892559051513672,9.88385009765625,8.188765525817871,,12.276261329650879,
2017-04-21,9.858146667480469,8.425453186035156,7.351282596588135,7.159010887145996,6.495584964752197,10.888092994689941,9.879378318786621,8.185040473937988,,12.271435737609863,
2017-04-22,9.854057312011719,8.421073913574219,7.347000598907471,7.155650615692139,6.492217540740967,10.883578300476074,9.87472152709961,8.181160926818848,,12.266518592834473,
2017-04-23,9.849862098693848,8.416629791259766,7.342695713043213,7.152253150939941,6.4887471199035645,10.87890625,9.870017051696777,8.177111625671387,,12.261454582214355,
2017-04-24,9.845535278320312,8.412211418151855,7.338367462158203,7.148796081542969,6.485185146331787,10.874332427978516,9.865397453308105,8.172945976257324,,12.256352424621582,
2017-04-25,9.84111213684082,8.40785026550293,7.334019184112549,7.145293235778809,6.481543064117432,10.869669914245605,9.860868453979492,8.168726921081543,,12.251205444335938,
2017-04-26,9.836644172668457,8.403499603271484,7.329650402069092,7.141775608062744,6.477819919586182,10.862630844116211,9.856403350830078,8.16452693939209,,12.24597454071045,
2017-04-27,9.832127571105957,8.399170875549316,7.325260162353516,7.138227462768555,6.474024295806885,10.838899612426758,9.851947784423828,8.160293579101562,,12.240631103515625,
2017-04-28,9.82756233215332,8.39490032196045,7.320855617523193,7.134643077850342,6.470155715942383,10.841801643371582,9.847464561462402,8.156023979187012,,12.235397338867188,
2017-04-29,9.822951316833496,8.390586853027344,7.31643009185791,7.1310133934021,6.466209411621094,10.841938018798828,9.842936515808105,8.151764869689941,,12.230199813842773,
2017-04-30,9.818310737609863,8.386155128479004,7.311966419219971,7.128171920776367,6.462172508239746,10.840054512023926,9.838179588317871,8.147432327270508,,12.224864959716797,
2017-05-01,9.792099952697754,8.357722282409668,7.30633020401001,7.082632064819336,6.457221031188965,10.641934394836426,9.795392036437988,8.065478324890137,,12.216238021850586,7.025821685791016
2017-05-02,9.739035606384277,8.315239906311035,7.2981977462768555,7.025382995605469,6.450628280639648,10.527938842773438,9.726019859313965,7.95768404006958,,12.203471183776855,
2017-05-03,9.669644355773926,8.270541191101074,7.2869768142700195,6.979194164276123,6.442255020141602,10.472911834716797,9.649858474731445,7.863269329071045,,12.187561988830566,
2017-05-04,9.609630584716797,8.242694854736328,7.273610591888428,6.975868225097656,6.432928562164307,10.571493148803711,9.602532386779785,7.840648651123047,,12.171420097351074,
2017-05-05,9.5677490234375,8.228229522705078,7.259620189666748,6.9871392250061035,6.423445224761963,10.61013126373291,9.57713508605957,7.845360279083252,,12.157089233398438,
2017-05-06,9.541648864746094,8.22120475769043,7.246243000030518,6.999819755554199,6.414273262023926,10.638628005981445,9.565105438232422,7.857846260070801,,12.145121574401855,
2017-05-07,9.526812553405762,8.218031883239746,7.234127998352051,7.010255813598633,6.4056267738342285,10.659846305847168,9.561074256896973,7.8721513748168945,,12.135544776916504,
2017-05-08,9.51933479309082,8.216588020324707,7.2235002517700195,7.017919063568115,6.397585391998291,10.656676292419434,9.561835289001465,7.886053085327148,,12.127965927124023,
2017-05-09,9.515302658081055,8.215840339660645,7.214315414428711,7.0231242179870605,6.390146732330322,10.677271842956543,9.565436363220215,7.898196697235107,,12.121766090393066,
2017-05-10,9.51061725616455,8.211692810058594,7.206411838531494,7.020047664642334,6.383256912231445,10.683350563049316,9.57024097442627,7.907896518707275,,12.116390228271484,
2017-05-11,9.493438720703125,8.206201553344727,7.198852062225342,6.990935802459717,6.376258373260498,10.605524063110352,9.549833297729492,7.865017414093018,,12.110533714294434,
2017-05-12,9.464832305908203,8.196673393249512,7.190652370452881,6.9526801109313965,6.368585586547852,10.561059951782227,9.518982887268066,7.802685260772705,,12.1034517288208,
2017-05-13,9.433032035827637,8.184006690979004,7.18131685256958,6.921742916107178,6.36012077331543,10.547117233276367,9.489938735961914,7.746676445007324,,12.095003128051758,
2017-05-14,9.41065502166748,8.173120498657227,7.1713361740112305,6.920275688171387,6.351404666900635,10.59609603881836,9.48149585723877,7.736435413360596,,12.08612060546875,
2017-05-15,9.39925765991211,8.166816711425781,7.161560535430908,6.930689811706543,6.342922687530518,10.623756408691406,9.482766151428223,7.745145320892334,,12.077688217163086,6.861812114715576
2017-05-16,9.392391204833984,8.164090156555176,7.152667999267578,6.942677974700928,6.334921836853027,10.642012596130371,9.48738956451416,7.75541877746582,,12.069708824157715,
2017-05-17,9.385574340820312,8.163273811340332,7.144974708557129,6.945572376251221,6.327450275421143,10.654670715332031,9.491193771362305,7.7514495849609375,,12.061655044555664,
2017-05-18,9.37541675567627,8.160008430480957,7.138508319854736,6.945614814758301,6.320438861846924,10.644845962524414,9.489335060119629,7.733819484710693,,12.053189277648926,
2017-05-19,9.364387512207031,8.159940719604492,7.133118629455566,6.943999290466309,6.31377649307251,10.6600980758667,9.482735633850098,7.719257354736328,,12.044731140136719,
2017-05-20,9.35509204864502,8.16109561920166,7.128595352172852,6.943360328674316,6.3073835372924805,10.668307304382324,9.47574234008789,7.720304012298584,,12.036928176879883,
2017-05-21,9.347526550292969,8.162131309509277,7.1247334480285645,6.945255756378174,6.301219940185547,10.672462463378906,9.473041534423828,7.734077453613281,,12.030214309692383,
2017-05-22,9.331838607788086,8.162702560424805,7.121326923370361,6.941555023193359,6.29525899887085,10.672264099121094,9.472829818725586,7.749917984008789,,12.024537086486816,
2017-05-23,9.304548263549805,8.15938663482666,7.118120193481445,6.831733703613281,6.289395809173584,10.61635684967041,9.467528343200684,7.762157917022705,,12.019287109375,
2017-05-24,9.270277976989746,8.144638061523438,7.114695072174072,6.665633678436279,6.283386707305908,10.531486511230469,9.454951286315918,7.742453098297119,,12.013561248779297,
2017-05-25,9.236593246459961,8.12353801727295,7.1105194091796875,6.531548500061035,6.276852607727051,10.379517555236816,9.434186935424805,7.6814751625061035,,12.00594425201416,
2017-05-26,9.2002534866333,8.092752456665039,7.105091094970703,6.511725902557373,6.269238471984863,10.312699317932129,9.389180183410645,7.603536128997803,,11.995376586914062,
2017-05-27,9.159734725952148,8.061942100524902,7.097808837890625,6.533264636993408,6.259557247161865,10.247718811035156,9.306504249572754,7.53380012512207,,11.982009887695312,
2017-05-28,9.114245414733887,8.024005889892578,7.0881876945495605,6.5489325523376465,6.247641563415527,10.147937774658203,9.226555824279785,7.482394695281982,,11.96694564819336,
2017-05-29,9.074634552001953,7.992166996002197,7.07623291015625,6.563896179199219,6.234175205230713,10.164006233215332,9.175559043884277,7.453070640563965,,11.951773643493652,6.712155342102051
2017-05-30,9.047934532165527,7.9647955894470215,7.062601089477539,6.586794853210449,6.220297336578369,10.208938598632812,9.117818832397461,7.451920032501221,,11.938072204589844,
2017-05-31,9.035483360290527,7.9424357414245605,7.0484490394592285,6.616715431213379,6.206838607788086,10.28901481628418,9.046283721923828,7.472418785095215,,11.92659854888916,
2017-06-01,9.01916217803955,7.932058334350586,7.034857749938965,6.636811256408691,6.194175720214844,10.27788257598877,8.983502388000488,7.497664451599121,,11.917137145996094,
2017-06-02,8.990897178649902,7.907495975494385,7.022270679473877,6.546477317810059,6.182342529296875,10.236154556274414,8.948583602905273,7.518688678741455,,11.908656120300293,
2017-06-03,8.948912620544434,7.854020595550537,7.010490417480469,6.392028331756592,6.171041011810303,10.165233612060547,8.937565803527832,7.501587867736816,,11.899942398071289,
2017-06-04,8.905677795410156,7.814277172088623,6.9990434646606445,6.265211582183838,6.159761905670166,10.027657508850098,8.918835639953613,7.440959453582764,,11.889714241027832,
2017-06-05,8.857294082641602,7.780066967010498,6.9874043464660645,6.251702308654785,6.147696495056152,9.971841812133789,8.869490623474121,7.363760471343994,,11.877049446105957,
2017-06-06,8.810691833496094,7.759157180786133,6.9749274253845215,6.281664848327637,6.133604526519775,9.926244735717773,8.805736541748047,7.300863742828369,,11.862295150756836,
2017-06-07,8.772396087646484,7.7426042556762695,6.96110725402832,6.305527687072754,6.11750602722168,9.90112018585205,8.757163047790527,7.261636257171631,,11.846830368041992,
2017-06-08,8.751465797424316,7.7306365966796875,6.945915699005127,6.328121185302734,6.100486755371094,9.926398277282715,8.7344388961792,7.245174407958984,,11.83228874206543,
2017-06-09,8.746187210083008,7.71738338470459,6.929975509643555,6.312534332275391,6.083837985992432,9.977437019348145,8.703028678894043,7.252420902252197,,11.820072174072266,
2017-06-10,8.7522554397583,7.717833518981934,6.914428234100342,6.355377197265625,6.068386077880859,10.072872161865234,8.669842720031738,7.275630950927734,,11.810879707336426,
2017-06-11,8.765954971313477,7.720860481262207,6.900317192077637,6.400740623474121,6.054512977600098,10.134400367736816,8.64348316192627,7.302481651306152,,11.804771423339844,
2017-06-12,8.785625457763672,7.719983100891113,6.888199329376221,6.439919948577881,6.042332649230957,10.123696327209473,8.638875961303711,7.327482223510742,,11.801294326782227,
2017-06-13,8.80902099609375,7.720093250274658,6.878195285797119,6.466534614562988,6.031787395477295,10.119924545288086,8.674962997436523,7.350223541259766,,11.79978084564209,
2017-06-14,8.824682235717773,7.720602512359619,6.870197772979736,6.4554762840271,6.022684097290039,10.106242179870605,8.707752227783203,7.370848178863525,,11.799429893493652,6.459739685058594
2017-06-15,8.823054313659668,7.717585563659668,6.8637237548828125,6.306303977966309,6.014729022979736,10.103035926818848,8.732926368713379,7.380298614501953,,11.798812866210938,
2017-06-16,8.803709983825684,7.693143844604492,6.857852458953857,6.160065174102783,6.007144927978516,10.071218490600586,8.726819038391113,7.372363567352295,,11.796242713928223,
2017-06-17,8.776226997375488,7.681732177734375,6.8519158363342285,6.103645324707031,5.9996185302734375,9.973301887512207,8.70217514038086,7.3503851890563965,,11.790607452392578,
2017-06-18,8.748238563537598,7.669625282287598,6.8455376625061035,6.108522891998291,5.991697311401367,9.873437881469727,8.683907508850098,7.326339244842529,,11.782368659973145,
2017-06-19,8.719077110290527,7.6508684158325195,6.838107585906982,6.121792316436768,5.982728004455566,9.726715087890625,8.633382797241211,7.282916069030762,,11.772727012634277,
2017-06-20,8.685210227966309,7.640467643737793,6.829006671905518,6.150182723999023,5.97218132019043,9.666515350341797,8.57168197631836,7.217482566833496,,11.762475967407227,
2017-06-21,8.642882347106934,7.618945121765137,6.817992210388184,6.166510581970215,5.960152626037598,9.73208999633789,8.504077911376953,7.146130561828613,,11.75210189819336,
2017-06-22,8.601198196411133,7.582027435302734,6.805599689483643,6.177170276641846,5.947226047515869,9.760943412780762,8.451866149902344,7.106260299682617,,11.741901397705078,
2017-06-23,8.565834999084473,7.5462493896484375,6.79277229309082,6.188990592956543,5.934023857116699,9.811102867126465,8.44991683959961,7.0980424880981445,,11.732379913330078,
2017-06-24,8.527377128601074,7.526926040649414,6.780354022979736,6.175703525543213,5.9206695556640625,9.772239685058594,8.455992698669434,7.110672473907471,,11.723636627197266,
2017-06-25,8.486336708068848,7.521077632904053,6.768741130828857,6.037135601043701,5.907103538513184,9.744036674499512,8.46281909942627,7.119226932525635,,11.715339660644531,
2017-06-26,8.447813987731934,7.506843566894531,6.757723808288574,5.905793190002441,5.89310884475708,9.734859466552734,8.449850082397461,7.115772724151611,,11.706840515136719,
2017-06-27,8.418667793273926,7.504920482635498,6.747105121612549,5.865716934204102,5.879117012023926,9.733463287353516,8.4320707321167,7.099774360656738,,11.697542190551758,
2017-06-28,8.398669242858887,7.504295349121094,6.7368083000183105,5.886521339416504,5.865306377410889,9.695866584777832,8.429746627807617,7.082569122314453,,11.687747955322266,6.285910606384277
2017-06-29,8.389643669128418,7.500205993652344,6.7265801429748535,5.927877902984619,5.8516411781311035,9.702058792114258,8.401808738708496,7.057343006134033,,11.678268432617188,
2017-06-30,8.378779411315918,7.497992038726807,6.715941429138184,5.968220233917236,5.837066650390625,8.757607460021973,8.361929893493652,7.01030969619751,,11.668807029724121,
2017-07-01,8.361518859863281,7.49443244934082,6.704731464385986,5.989313125610352,5.8213324546813965,8.637760162353516,8.325665473937988,6.959903717041016,,11.6602144241333,
2017-07-02,8.357138633728027,7.496511459350586,6.693389892578125,6.021767616271973,5.806081295013428,9.562026023864746,8.315661430358887,6.948009967803955,,11.653756141662598,
2017-07-03,8.371456146240234,7.506584644317627,6.682706356048584,6.058918476104736,5.792426109313965,9.750384330749512,8.351449012756348,6.9599714279174805,,11.650209426879883,
2017-07-04,8.399242401123047,7.524666786193848,,6.091457366943359,,9.845505714416504,,6.982227802276611,,11.649433135986328,
2017-07-05,8.432740211486816,7.543062210083008,6.66624116897583,6.105869770050049,,9.900039672851562,,,,11.650497436523438,
2017-07-06,8.466256141662598,7.548356056213379,6.660681247711182,6.110537052154541,,9.938394546508789,,,,11.652698516845703,
2017-07-07,8.490657806396484,7.552426815032959,6.65654182434082,6.117871284484863,,9.761418342590332,,,,11.654780387878418,
2017-07-08,8.498515129089355,7.548257827758789,6.653420448303223,6.060335159301758,,9.508757591247559,,,,11.655714988708496,
2017-07-09,8.495762825012207,7.545670509338379,6.650772571563721,6.019235134124756,,,,,,11.65539264678955,
2017-07-10,8.464661598205566,7.538851737976074,6.648059368133545,6.011435508728027,,,,,,11.653136253356934,
2017-07-11,8.421321868896484,7.535886764526367,6.64497709274292,6.013363361358643,,,,,,11.648998260498047,
2017-07-12,8.392889976501465,7.535132884979248,6.641839504241943,6.0174736976623535,,,,,,11.644542694091797,
2017-07-13,8.39516544342041,7.544379711151123,6.639046669006348,6.029308795928955,,,,,,11.641447067260742,
2017-07-14,8.419021606445312,7.563904285430908,6.6371073722839355,6.044833660125732,5.703328609466553,,,,,11.640595436096191,6.15025520324707
2017-07-15,8.453697204589844,7.587918758392334,,6.060537815093994,5.699612617492676,,,,,11.641814231872559,
2017-07-16,8.491802215576172,7.612010955810547,,6.074892520904541,5.6968560218811035,,,,,11.6445951461792,
2017-07-17,8.530383110046387,7.6305036544799805,,6.087472915649414,5.6949639320373535,,,,,11.648392677307129,
2017-07-18,8.567659378051758,7.65086555480957,,6.098324775695801,5.693647861480713,,,,,11.652741432189941,
2017-07-19,8.601253509521484,7.658664703369141,6.642312526702881,6.107588768005371,5.692596912384033,,,,,11.657276153564453,
2017-07-20,8.633548736572266,7.669729709625244,6.645124435424805,6.115502834320068,5.69198751449585,,,,,11.661818504333496,
2017-07-21,8.664993286132812,7.684364318847656,6.648238182067871,6.1222968101501465,5.69196081161499,,,,,11.666243553161621,
2017-07-22,8.694804191589355,7.694497108459473,6.651676654815674,6.128209590911865,5.6925048828125,,,,,11.670419692993164,
2017-07-23,8.723011016845703,7.709481239318848,6.655721664428711,6.133403778076172,5.693572044372559,,,,,11.674784660339355,
2017-07-24,8.749940872192383,7.731612205505371,6.660380840301514,6.138039588928223,5.695108890533447,,,,,11.679712295532227,
2017-07-25,8.775813102722168,7.755426406860352,6.665566921234131,6.142236232757568,5.6970415115356445,,,,,11.68522834777832,
2017-07-26,8.80068302154541,7.778635501861572,6.671168804168701,6.14604377746582,5.699291706085205,,,,,11.691024780273438,
2017-07-27,8.82453727722168,7.8003106117248535,6.6770853996276855,6.149500370025635,5.7017822265625,,,,,11.696771621704102,
2017-07-28,8.847335815429688,7.820653915405273,6.6832275390625,6.1526780128479,5.704463958740234,,,,,11.702276229858398,6.233114242553711
2017-07-29,8.869051933288574,7.839591979980469,6.689517021179199,6.155640125274658,5.707302570343018,,,,,11.707375526428223,
2017-07-30,8.889666557312012,7.85706090927124,6.695872783660889,6.158437728881836,5.710264205932617,,,,,11.711997985839844,
2017-07-31,8.909067153930664,7.872861862182617,6.702198505401611,6.163932800292969,5.71334981918335,,,,,11.716089248657227,
2017-08-01,8.927413940429688,7.887196063995361,6.708425045013428,6.172987461090088,5.716588497161865,,,,,11.719169616699219,
2017-08-02,8.94453239440918,7.90030574798584,6.714511871337891,6.184903621673584,5.7200236320495605,,,,,11.721298217773438,
2017-08-03,8.960650444030762,7.912534713745117,6.7204389572143555,6.198568344116211,5.723674774169922,,,,,11.722809791564941,
2017-08-04,8.97598934173584,7.923860549926758,6.726170539855957,6.212976455688477,5.727540493011475,,,,,11.72400188446045,
2017-08-05,8.989928245544434,7.934900283813477,6.7317023277282715,6.2061872482299805,5.731476306915283,,,,,11.724784851074219,
2017-08-06,9.002717018127441,7.945043087005615,6.736994743347168,6.22395133972168,5.7354736328125,,,,,11.725199699401855,
2017-08-07,9.014632225036621,7.954133033752441,6.74203634262085,6.23347806930542,5.739437580108643,,,,,11.724940299987793,
2017-08-08,9.023712158203125,7.958657741546631,6.746771812438965,6.147956848144531,5.742896556854248,,,,,11.723450660705566,
2017-08-09,9.03004264831543,7.964060306549072,6.7511773109436035,6.158280372619629,5.745782852172852,,,,,11.72120189666748,
2017-08-10,9.0350923538208,7.969537734985352,6.755292892456055,6.189610004425049,5.7486348152160645,,,,,11.718867301940918,
2017-08-11,9.040215492248535,7.974269866943359,6.759135723114014,6.219703674316406,5.751747131347656,,,,,11.716716766357422,
2017-08-12,9.04226303100586,7.976049423217773,6.762564659118652,6.243796348571777,5.754997730255127,,,,,11.714723587036133,
2017-08-13,9.043553352355957,7.976766109466553,6.765560626983643,6.260076999664307,5.758354663848877,,,,,11.71297836303711,
2017-08-14,9.043999671936035,7.971372604370117,6.768097400665283,6.267517566680908,5.761260032653809,,,,,11.711311340332031,
2017-08-15,9.041789054870605,7.959023475646973,6.770054340362549,6.244136810302734,5.763087749481201,,,,,11.708982467651367,6.310510158538818
2017-08-16,9.039592742919922,7.951617240905762,6.771414279937744,6.255438327789307,5.764405250549316,,,,,11.705946922302246,
2017-08-17,9.038750648498535,7.937221527099609,6.77227783203125,6.264321804046631,5.765819072723389,,,,,11.702768325805664,
2017-08-18,9.038703918457031,7.925235271453857,6.772781848907471,6.201007843017578,5.767691612243652,,,,,11.699831008911133,
2017-08-19,9.039807319641113,7.927433967590332,6.773160934448242,6.229694366455078,5.77008581161499,,,,,11.697453498840332,
2017-08-20,9.041950225830078,7.933187007904053,6.773591995239258,6.263676643371582,5.772900104522705,,,,,11.695656776428223,
2017-08-21,9.045007705688477,7.930837631225586,6.774103164672852,6.289858818054199,5.776008605957031,,,,,11.694128036499023,
2017-08-22,9.045516014099121,7.928102016448975,6.7744245529174805,6.309755325317383,5.779297351837158,,,,,11.692574501037598,
2017-08-23,9.040609359741211,7.919705867767334,6.7744855880737305,6.317586898803711,5.782552719116211,,,,,11.690886497497559,
2017-08-24,9.037395477294922,7.909207344055176,6.7742156982421875,6.328024864196777,5.785610675811768,,,,,11.688899993896484,
2017-08-25,9.034843444824219,7.895220756530762,6.773600101470947,6.313844680786133,5.788416862487793,,,,,11.68625545501709,
2017-08-26,9.03383731842041,7.890866756439209,6.772736072540283,6.321491241455078,5.7910308837890625,,,,,11.6830472946167,
2017-08-27,9.034634590148926,7.871324062347412,6.771676540374756,6.315552234649658,5.793190956115723,,,,,11.679763793945312,
2017-08-28,9.032864570617676,7.870565891265869,6.770384788513184,6.246160507202148,5.794895648956299,,,,,11.676677703857422,6.335479259490967
2017-08-29,9.029491424560547,7.878203868865967,6.768946647644043,6.269002914428711,5.796368598937988,,,,,11.674030303955078,
2017-08-30,9.025650024414062,7.878570079803467,6.7675371170043945,6.297327041625977,5.797791481018066,,,,,11.671875,
2017-08-31,9.026183128356934,7.8791985511779785,6.766255855560303,6.318378448486328,5.799253463745117,,,,,11.669997215270996,
2017-09-01,9.02643871307373,7.886128902435303,6.765023231506348,6.33346700668335,5.800776481628418,,,,,11.66822624206543,
2017-09-02,9.022025108337402,7.886610507965088,6.763861656188965,6.338685035705566,5.802248477935791,,,,,11.666597366333008,
2017-09-03,9.019400596618652,7.8842549324035645,6.762702941894531,6.3431901931762695,5.803550720214844,,,,,11.665119171142578,
2017-09-04,9.017317771911621,7.876102924346924,6.761508941650391,6.3247971534729,5.804653644561768,,,,,11.663647651672363,
2017-09-05,9.016886711120605,7.87736177444458,6.760341644287109,6.3309645652771,5.805639743804932,,,,,11.66226577758789,
2017-09-06,9.018487930297852,,6.759244918823242,6.329975128173828,5.806392669677734,10.19983959197998,8.948708534240723,,11.55366039276123,11.66104507446289,
2017-09-07,9.019719123840332,,6.758206844329834,6.261836051940918,5.807030200958252,10.162226676940918,8.94374942779541,,11.55282211303711,11.659852981567383,
2017-09-08,9.022624969482422,7.8898725509643555,6.757368564605713,6.279872417449951,5.807685375213623,10.18249225616455,8.968846321105957,7.42662239074707,11.552071571350098,11.658763885498047,
2017-09-09,9.026597023010254,7.900515079498291,6.7568678855896,6.303979873657227,5.8084282875061035,10.204312324523926,8.974821090698242,7.427402973175049,11.551578521728516,11.657861709594727,
2017-09-10,9.03097152709961,7.9107279777526855,6.756737232208252,6.321733474731445,5.8092756271362305,10.222370147705078,8.975997924804688,7.428756237030029,11.551010131835938,11.657024383544922,
2017-09-11,9.032281875610352,7.918211460113525,6.756855010986328,6.334310054779053,5.810227870941162,10.205409049987793,8.934759140014648,7.430492877960205,11.550774574279785,11.656294822692871,
2017-09-12,9.033967018127441,7.924996852874756,6.757181644439697,6.343541622161865,5.811288833618164,10.220234870910645,8.964323997497559,7.432429313659668,11.551241874694824,11.65594482421875,
2017-09-13,9.036664962768555,7.931837558746338,6.7577805519104,6.350595951080322,5.812462329864502,10.237781524658203,9.002164840698242,7.4345269203186035,11.552658081054688,11.656270027160645,6.353561878204346
2017-09-14,9.040569305419922,7.94369649887085,6.7594075202941895,6.356410026550293,5.813894748687744,10.256204605102539,9.038237571716309,7.437258243560791,11.557494163513184,11.659269332885742,
2017-09-15,9.045552253723145,7.957485198974609,6.761845588684082,6.361630916595459,5.81567907333374,10.272801399230957,9.071419715881348,7.440534591674805,11.564948081970215,11.665298461914062,
2017-09-16,9.05131721496582,7.971586227416992,6.764866352081299,6.36633825302124,5.817809581756592,10.287434577941895,9.101638793945312,7.444058895111084,11.573745727539062,11.673266410827637,
2017-09-17,9.057558059692383,7.984832286834717,6.7682905197143555,6.370619297027588,5.820224285125732,10.300326347351074,9.129051208496094,7.447628021240234,11.582672119140625,11.681906700134277,
2017-09-18,9.064046859741211,7.997036933898926,6.772037506103516,6.374570369720459,5.822866916656494,10.312278747558594,9.154000282287598,7.451176643371582,11.591484069824219,11.690777778625488,
2017-09-19,9.070627212524414,8.00802993774414,6.775978088378906,6.378251075744629,5.825684547424316,10.322996139526367,9.17673397064209,7.454648017883301,11.599841117858887,11.699463844299316,
2017-09-20,9.07719612121582,8.018033981323242,6.780026435852051,6.3816962242126465,5.8286237716674805,10.332695007324219,9.19745922088623,7.45801305770874,11.607458114624023,11.707576751708984,
2017-09-21,9.0836763381958,8.027017593383789,6.784082412719727,6.384922981262207,5.831641674041748,10.341358184814453,9.21634578704834,7.461242198944092,11.614147186279297,11.714847564697266,
2017-09-22,9.09001636505127,8.035114288330078,6.788098335266113,6.387935638427734,5.834700584411621,10.349244117736816,9.23355770111084,7.46432638168335,11.619892120361328,11.72120475769043,
2017-09-23,9.096175193786621,8.042346954345703,6.792015075683594,6.390743732452393,5.837765216827393,10.356308937072754,9.249229431152344,7.467254161834717,11.6246976852417,11.726624488830566,
2017-09-24,9.1021146774292,8.04880142211914,6.795788764953613,6.393341541290283,5.840812683105469,10.362725257873535,9.26351547241211,7.47001314163208,11.628619194030762,11.7311372756958,
2017-09-25,9.107819557189941,8.054601669311523,6.799405097961426,6.395735740661621,5.843805313110352,10.36847972869873,9.276521682739258,7.472611904144287,11.631752014160156,11.734831809997559,
2017-09-26,9.113275527954102,8.059802055358887,6.802834510803223,6.397939205169678,5.846736431121826,10.37366771697998,9.288372039794922,7.475057601928711,11.634190559387207,11.737788200378418,
2017-09-27,9.118464469909668,8.064427375793457,6.806067943572998,6.399953365325928,5.849588871002197,10.378297805786133,9.299158096313477,7.477350234985352,11.63602066040039,11.740095138549805,
2017-09-28,9.12337875366211,8.068685531616211,6.809098720550537,6.4018049240112305,5.852360725402832,10.382542610168457,9.30899715423584,7.479501724243164,11.637374877929688,11.74186897277832,
2017-09-29,9.12801456451416,8.072575569152832,6.811946392059326,6.403526782989502,5.855059623718262,10.386456489562988,9.317983627319336,7.481529235839844,11.638399124145508,11.743256568908691,
2017-09-30,9.132400512695312,8.076411247253418,6.814629554748535,6.405465126037598,5.8576979637146,10.3903226852417,9.326255798339844,7.4835004806518555,11.639328002929688,11.744474411010742,
2017-10-01,9.136553764343262,8.078197479248047,6.817049980163574,6.407606601715088,5.860274791717529,10.393588066101074,9.333678245544434,7.485453128814697,11.640451431274414,11.746503829956055,
2017-10-02,9.140515327453613,8.08013916015625,6.819273948669434,6.409828186035156,5.862786769866943,10.39711856842041,9.340412139892578,7.487433910369873,11.642069816589355,11.749475479125977,
2017-10-03,9.144286155700684,8.081836700439453,6.821311950683594,6.412028789520264,5.865241527557373,10.400022506713867,9.346511840820312,7.4894280433654785,11.64401912689209,11.7529878616333,
2017-10-04,9.147875785827637,8.083415031433105,6.823183059692383,6.414130210876465,5.867621421813965,10.402851104736328,9.352095603942871,7.4914116859436035,11.646160125732422,11.756688117980957,
2017-10-05,9.151290893554688,8.085407257080078,6.824979305267334,6.416083812713623,5.869932651519775,10.405823707580566,9.357288360595703,7.493411064147949,11.64851188659668,11.760461807250977,
2017-10-06,9.154555320739746,8.087686538696289,6.826749324798584,6.4178853034973145,5.872195243835449,10.409075736999512,9.362234115600586,7.495456218719482,11.651309967041016,11.764547348022461,
2017-10-07,9.157722473144531,8.091620445251465,6.828670501708984,6.419586181640625,5.874452114105225,10.4142484664917,9.367242813110352,7.4976582527160645,11.655648231506348,11.770488739013672,
2017-10-08,9.160841941833496,8.09631633758545,6.830738544464111,6.421208381652832,5.876733303070068,10.419963836669922,9.37244701385498,7.499985694885254,11.661458969116211,11.778255462646484,
2017-10-09,9.163919448852539,8.100879669189453,6.832886695861816,6.422762870788574,5.879039764404297,10.425463676452637,9.377758979797363,7.502349376678467,11.66804313659668,11.78662395477295,
2017-10-10,9.166948318481445,8.104887008666992,6.8350653648376465,6.42425012588501,5.881358623504639,10.430644989013672,9.383074760437012,7.504683017730713,11.674785614013672,11.794836044311523,
2017-10-11,9.169919967651367,8.108369827270508,6.837235927581787,6.425663948059082,5.883685111999512,10.435460090637207,9.388282775878906,7.506943225860596,11.681262016296387,11.802550315856934,
2017-10-12,9.172823905944824,8.111398696899414,6.839362144470215,6.426989555358887,5.885989665985107,10.439837455749512,9.39332389831543,7.509098052978516,11.687204360961914,11.809502601623535,
2017-10-13,9.17564868927002,8.113982200622559,6.841413974761963,6.428219318389893,5.888253688812256,10.443772315979004,9.398136138916016,7.511129856109619,11.692475318908691,11.815629959106445,
2017-10-14,9.178383827209473,8.11613941192627,6.843367099761963,6.429333686828613,5.890468597412109,10.447218894958496,9.402676582336426,7.513023853302002,11.696995735168457,11.820868492126465,
2017-10-15,9.181013107299805,8.117911338806152,6.8451995849609375,6.430306911468506,5.892604827880859,10.45055866241455,9.406922340393066,7.514765739440918,11.700767517089844,11.825251579284668,
2017-10-16,9.183533668518066,8.119318962097168,6.846901893615723,6.431145191192627,5.894659519195557,10.453437805175781,9.410870552062988,7.516356945037842,11.703817367553711,11.828814506530762,
2017-10-17,9.185930252075195,8.120452880859375,6.84849214553833,6.431857585906982,5.896636009216309,10.45608139038086,9.414509773254395,7.517811298370361,11.70622444152832,11.831698417663574,6.451380729675293
2017-10-18,9.188197135925293,8.121354103088379,6.849948883056641,6.4324469566345215,5.89853048324585,10.458343505859375,9.417860984802246,7.519131183624268,11.708066940307617,11.833962440490723,
2017-10-19,9.19033145904541,8.1220121383667,6.8512678146362305,6.432905197143555,5.900299072265625,10.460380554199219,9.4209623336792,7.520317554473877,11.7094144821167,11.835692405700684,
2017-10-20,9.192331314086914,8.122735023498535,6.852478981018066,6.433260917663574,5.901976585388184,10.462358474731445,9.423827171325684,7.521396636962891,11.710412979125977,11.83709716796875,
2017-10-21,9.1942138671875,8.123539924621582,6.853608131408691,6.4335150718688965,5.903575897216797,10.4642972946167,9.426531791687012,7.522398948669434,11.711320877075195,11.838606834411621,
2017-10-22,9.196002006530762,8.125456809997559,6.854733467102051,6.433686256408691,5.905086994171143,10.467836380004883,9.429320335388184,7.523426532745361,11.71387767791748,11.843217849731445,
2017-10-23,9.197731018066406,8.127500534057617,6.855870723724365,6.433793544769287,5.906545162200928,10.47136116027832,9.432209014892578,7.524476528167725,11.717686653137207,11.848937034606934,
2017-10-24,9.199413299560547,8.129400253295898,6.857000350952148,6.43384313583374,5.907962799072266,10.474799156188965,9.43513011932373,7.525517463684082,11.72210693359375,,
2017-10-25,9.201040267944336,8.131040573120117,6.858089923858643,6.433834552764893,5.9093337059021,10.477953910827637,9.438002586364746,7.5265092849731445,11.726602554321289,,
2017-10-26,9.20260238647461,8.132347106933594,6.859109401702881,6.433746337890625,5.910638809204102,10.480825424194336,9.440774917602539,7.527420997619629,11.73086166381836,,
2017-10-27,9.204096794128418,8.133440017700195,6.8600544929504395,6.433585166931152,5.9118852615356445,10.483469009399414,9.443416595458984,7.52824068069458,11.734785079956055,,
2017-10-28,9.205516815185547,8.134276390075684,6.860924243927002,6.433360576629639,5.913064479827881,10.485772132873535,9.445913314819336,7.528971195220947,11.738346099853516,,
2017-10-29,9.206868171691895,8.1351900100708,6.86173677444458,6.433097839355469,5.914183139801025,10.488248825073242,9.448297500610352,7.529637336730957,11.74167251586914,,
2017-10-30,9.208155632019043,8.13598918914795,6.862504482269287,6.4327874183654785,5.915255069732666,10.490472793579102,9.450566291809082,7.530246734619141,11.744717597961426,,
2017-10-31,9.20943832397461,8.136664390563965,6.863215446472168,6.434218883514404,5.916279315948486,10.492433547973633,9.452713012695312,7.530981540679932,11.747419357299805,,
2017-11-01,9.21081256866455,8.14196491241455,6.863945007324219,6.437809944152832,5.917291641235352,10.494232177734375,9.454896926879883,7.532025337219238,11.749632835388184,,
2017-11-02,9.212345123291016,8.146728515625,6.864737033843994,6.4430460929870605,5.918323993682861,10.49604606628418,9.457159996032715,7.533480167388916,11.751428604125977,,
2017-11-03,9.21405029296875,8.150452613830566,6.865564346313477,6.449244022369385,5.91939640045166,10.49769115447998,9.459444046020508,7.535328388214111,11.75282096862793,,
2017-11-04,9.215919494628906,8.153590202331543,6.866427421569824,6.455873489379883,5.920522212982178,10.499637603759766,9.461722373962402,7.5375213623046875,11.754016876220703,,
2017-11-05,9.217950820922852,8.157017707824707,6.867404460906982,6.462571144104004,5.921726226806641,10.503094673156738,9.464166641235352,7.540063381195068,11.756335258483887,,
2017-11-06,9.220129013061523,8.160274505615234,6.868491172790527,6.469117164611816,5.923010349273682,10.506818771362305,9.466775894165039,7.542870998382568,11.7594633102417,,6.478718280792236
2017-11-07,9.222419738769531,8.163122177124023,6.869637489318848,6.475381851196289,5.924368858337402,10.510456085205078,9.469447135925293,7.545836925506592,11.762829780578613,,
2017-11-08,9.224788665771484,8.165563583374023,6.8707990646362305,6.481281757354736,5.925783157348633,10.513904571533203,9.472121238708496,7.548878192901611,11.766156196594238,,
2017-11-09,9.227201461791992,8.167608261108398,6.8719401359558105,6.486781597137451,5.927236557006836,10.517083168029785,9.474740982055664,7.551937580108643,11.769248962402344,,
2017-11-10,9.229632377624512,8.1693115234375,6.873044967651367,6.491881370544434,5.928707599639893,10.51998519897461,9.477277755737305,7.554967403411865,11.772035598754883,,
2017-11-11,9.232064247131348,8.170900344848633,6.874114513397217,6.496568202972412,5.930181980133057,10.52303409576416,9.479766845703125,7.557947158813477,11.774774551391602,,
2017-11-12,9.234514236450195,8.173140525817871,6.875214576721191,6.5008625984191895,5.9316725730896,10.527304649353027,9.482410430908203,7.560941219329834,11.778512001037598,,
2017-11-13,9.236989974975586,8.175515174865723,6.876358509063721,6.504791736602783,5.9331817626953125,10.53172779083252,9.485220909118652,7.563927173614502,11.783209800720215,,
2017-11-14,9.239484786987305,8.177826881408691,6.877532482147217,6.50844669342041,5.934718608856201,10.536161422729492,9.48813247680664,7.566870212554932,11.788314819335938,,
2017-11-15,9.241986274719238,8.17979907989502,6.878706932067871,6.511906147003174,5.9362897872924805,10.540313720703125,9.491061210632324,7.569739818572998,11.793353080749512,,
2017-11-16,9.244487762451172,8.18161392211914,6.879884243011475,6.515218257904053,5.93790340423584,10.544285774230957,9.493977546691895,7.572534084320068,11.79820728302002,,6.501481533050537
2017-11-17,9.246980667114258,8.183174133300781,6.881049633026123,6.518388271331787,5.939553260803223,10.547894477844238,9.496844291687012,7.575245380401611,11.802675247192383,,
2017-11-18,9.249464988708496,8.184761047363281,6.882214069366455,6.521421432495117,5.9412312507629395,10.551469802856445,9.49968147277832,7.577884197235107,11.806907653808594,,
2017-11-19,9.251937866210938,8.186214447021484,6.883370876312256,6.524294376373291,5.94292688369751,10.554865837097168,9.50248908996582,7.580445289611816,11.810925483703613,,
2017-11-20,9.254423141479492,8.188335418701172,6.884580135345459,6.527007579803467,5.944647312164307,10.559415817260742,9.505440711975098,7.582984447479248,11.815496444702148,,
2017-11-21,9.256925582885742,8.190620422363281,6.885857105255127,6.529567241668701,5.946398735046387,10.564165115356445,9.508540153503418,7.585502624511719,11.820457458496094,,
2017-11-22,9.259437561035156,8.192729949951172,6.887168884277344,6.531973361968994,5.948175430297852,10.568655967712402,9.511690139770508,7.587971210479736,11.825316429138184,,
2017-11-23,9.261956214904785,8.194781303405762,6.888509273529053,6.534226894378662,5.9499735832214355,10.573031425476074,9.514866828918457,7.590390682220459,11.830010414123535,,
2017-11-24,9.264516830444336,8.197586059570312,6.8899617195129395,6.536349773406982,5.9518022537231445,10.579144477844238,9.518280982971191,7.592830181121826,11.835455894470215,,
2017-11-25,9.26712703704834,8.200604438781738,6.891531467437744,6.538355350494385,5.953670978546143,10.585501670837402,9.521933555603027,7.595280647277832,11.84143352508545,,
2017-11-26,9.269805908203125,8.2040376663208,6.893228530883789,6.540267467498779,5.955588340759277,10.592484474182129,9.525862693786621,7.597756862640381,11.847757339477539,,
2017-11-27,9.272672653198242,8.210000991821289,6.895326614379883,6.542141437530518,5.957619667053223,10.605813026428223,9.530802726745605,7.600537300109863,11.85832405090332,,
2017-11-28,9.275787353515625,8.216407775878906,6.8977532386779785,6.544031620025635,5.959795951843262,10.618185043334961,9.5364990234375,7.6035003662109375,11.870266914367676,,
2017-11-29,9.279147148132324,8.222410202026367,6.900424003601074,6.5459771156311035,5.9621195793151855,10.62869644165039,9.542604446411133,7.606525421142578,11.881781578063965,,
2017-11-30,9.28274154663086,8.228407859802246,6.903345584869385,6.5470099449157715,5.964584827423096,10.640056610107422,9.549101829528809,7.609545707702637,11.894391059875488,,
2017-12-01,9.286517143249512,8.23991870880127,6.906554698944092,6.5469770431518555,5.967177391052246,10.649900436401367,9.556004524230957,7.612420558929443,11.90656566619873,,
2017-12-02,9.29042911529541,8.250040054321289,6.9100236892700195,6.546200752258301,5.969870090484619,10.658766746520996,9.563175201416016,7.615085601806641,11.917430877685547,,
2017-12-03,9.294464111328125,8.258788108825684,6.9137139320373535,6.545058727264404,5.972647190093994,10.667255401611328,9.570463180541992,7.61757230758667,11.927332878112793,,
2017-12-04,9.298604965209961,8.266326904296875,6.917542934417725,6.543781280517578,5.975487232208252,10.674705505371094,9.577717781066895,7.619908809661865,11.936044692993164,,
2017-12-05,9.302826881408691,8.272903442382812,6.921432018280029,6.542522430419922,5.97836971282959,10.681516647338867,9.584798812866211,7.62212610244751,11.943541526794434,,
2017-12-06,9.307107925415039,8.278568267822266,6.925323009490967,6.541353702545166,5.98127555847168,10.687528610229492,9.591631889343262,7.624247074127197,11.949834823608398,,
2017-12-07,9.311476707458496,8.284703254699707,6.929305076599121,6.540351867675781,5.984219551086426,10.695943832397461,9.598472595214844,7.626404285430908,11.956482887268066,,
2017-12-08,9.315947532653809,8.290931701660156,6.933403491973877,6.539546489715576,5.987220764160156,10.704390525817871,9.605372428894043,7.628649711608887,11.963618278503418,,
2017-12-09,9.320510864257812,8.296701431274414,6.9375739097595215,6.538951873779297,5.99027681350708,10.711848258972168,9.612238883972168,7.63096284866333,11.970592498779297,,
2017-12-10,9.3252534866333,8.303814888000488,6.9419965744018555,6.538609981536865,5.993442058563232,10.723539352416992,9.619512557983398,7.633552551269531,11.980026245117188,,
2017-12-11,9.33033275604248,8.313209533691406,6.947018623352051,6.53863000869751,5.996863842010498,10.741816520690918,9.627847671508789,7.636724948883057,11.995031356811523,,
2017-12-12,9.33582878112793,8.322732925415039,6.952489376068115,6.539064884185791,6.000594615936279,10.756316184997559,9.636879920959473,7.640288352966309,12.010436058044434,,
2017-12-13,9.341886520385742,8.333494186401367,6.958598613739014,6.5399956703186035,6.004714488983154,10.775002479553223,9.646845817565918,7.6444220542907715,12.029268264770508,,
2017-12-14,9.348609924316406,8.344414710998535,6.96533203125,6.541500091552734,6.0092973709106445,10.79143238067627,9.657480239868164,7.649138450622559,12.048481941223145,,
2017-12-15,9.356003761291504,8.354777336120605,6.972505569458008,6.543535232543945,6.014326095581055,10.804744720458984,9.66836166381836,7.654269218444824,12.065254211425781,,6.588603496551514
2017-12-16,9.364083290100098,8.365102767944336,6.980156898498535,6.546116828918457,6.019791126251221,10.818826675415039,9.679458618164062,7.659902095794678,12.08066463470459,,
2017-12-17,9.372834205627441,8.375207901000977,6.988265514373779,6.549228191375732,6.025681972503662,10.832234382629395,9.69070053100586,7.666032791137695,12.095505714416504,,
2017-12-18,9.38216781616211,8.384593963623047,6.996713638305664,6.552799224853516,6.031949520111084,10.843250274658203,9.701836585998535,7.672545909881592,12.10834789276123,,
2017-12-19,9.391953468322754,8.393141746520996,7.005348205566406,6.556736469268799,6.038517951965332,10.852422714233398,9.71261215209961,7.679325103759766,12.118806838989258,,
2017-12-20,9.402050018310547,8.40074634552002,7.0140557289123535,6.560962200164795,6.045316219329834,10.859772682189941,9.722894668579102,7.686283588409424,12.127063751220703,,
2017-12-21,9.412363052368164,8.40812873840332,7.022806167602539,6.565428256988525,6.052275657653809,10.868058204650879,9.73278522491455,7.693403244018555,12.134405136108398,,
2017-12-22,9.422789573669434,8.414749145507812,7.031519412994385,6.570090293884277,6.059348106384277,10.874488830566406,9.742215156555176,7.700634479522705,12.140631675720215,,
2017-12-23,9.433220863342285,8.420815467834473,7.0401105880737305,6.574904441833496,6.066491603851318,10.879864692687988,9.751126289367676,7.707909107208252,12.145657539367676,,
2017-12-24,9.44356632232666,8.426191329956055,7.0485029220581055,6.579813003540039,6.0736403465271,10.88420581817627,9.759459495544434,7.715167045593262,12.149463653564453,,
2017-12-25,9.453741073608398,8.430990219116211,7.056642055511475,6.584791660308838,6.080770969390869,10.887609481811523,9.767196655273438,7.722365379333496,12.152190208435059,,
2017-12-26,9.463701248168945,8.435558319091797,7.064523220062256,6.589785575866699,6.087819576263428,10.891352653503418,9.774415969848633,7.729486465454102,12.154314994812012,,
2017-12-27,9.473455429077148,8.440703392028809,7.07220983505249,6.594818115234375,6.094810485839844,10.897073745727539,9.78138256072998,7.736591815948486,12.157221794128418,,
2017-12-28,9.482992172241211,8.445676803588867,7.079700946807861,6.599893569946289,6.101745128631592,10.901725769042969,9.788103103637695,7.743655204772949,12.160703659057617,,
2017-12-29,9.492358207702637,8.451139450073242,7.087085723876953,6.605042457580566,6.108668327331543,10.908527374267578,9.79478645324707,7.750732898712158,12.165611267089844,,
2017-12-30,9.5015869140625,8.456586837768555,7.09437894821167,6.610281944274902,6.115602970123291,10.914822578430176,9.801453590393066,7.757833957672119,12.171671867370605,,
2017-12-31,9.511152267456055,8.464981079101562,7.1019768714904785,6.615235805511475,6.122732162475586,10.930307388305664,9.813848495483398,7.765230178833008,12.18482494354248,,
2018-01-01,9.520981788635254,8.477176666259766,7.11013650894165,6.619151592254639,6.1302056312561035,10.947361946105957,9.822620391845703,7.7729716300964355,12.20327091217041,,
2018-01-02,9.531140327453613,8.489944458007812,7.118854999542236,6.622402667999268,6.138082981109619,10.96249008178711,9.831552505493164,7.780977249145508,12.22282886505127,,6.702916622161865
2018-01-03,9.54172420501709,8.502482414245605,7.128149509429932,6.625549793243408,6.146407127380371,10.977807998657227,9.841228485107422,7.7893195152282715,12.242074966430664,,
2018-01-04,9.552704811096191,8.51395320892334,7.137793064117432,6.62888765335083,6.155088901519775,10.988018035888672,9.851178169250488,7.797854900360107,12.257856369018555,,
2018-01-05,9.564090728759766,8.525357246398926,7.147868633270264,6.632657527923584,6.1641058921813965,11.000692367553711,9.861474990844727,7.80667781829834,12.27289867401123,,
2018-01-06,9.575789451599121,8.535723686218262,7.158173084259033,6.636899948120117,6.173369407653809,11.008758544921875,9.871682167053223,7.815673351287842,12.284852981567383,,
2018-01-07,9.587641716003418,8.54476261138916,7.168531894683838,6.641567707061768,6.18276309967041,11.013753890991211,9.881441116333008,7.824717044830322,12.293586730957031,,
2018-01-08,9.599480628967285,8.552557945251465,7.178782939910889,6.646597385406494,6.192185401916504,11.0174560546875,9.890533447265625,7.833707332611084,12.2995023727417,,
2018-01-09,9.61117172241211,8.559306144714355,7.188824653625488,6.651919841766357,6.201547145843506,11.019899368286133,9.898896217346191,7.842581748962402,12.303260803222656,,
2018-01-10,9.622661590576172,8.565853118896484,7.198667049407959,6.657512187957764,6.210819721221924,11.02505874633789,9.90676212310791,7.8513712882995605,12.3067045211792,,
2018-01-11,9.633890151977539,8.571700096130371,7.208228588104248,6.663329601287842,6.219968795776367,11.027711868286133,9.914081573486328,7.860044002532959,12.309188842773438,,
2018-01-12,9.64478874206543,8.576833724975586,7.217437744140625,6.669321537017822,6.228958606719971,11.029540061950684,9.920804977416992,7.868547439575195,12.310503959655762,,
2018-01-13,9.655292510986328,8.581147193908691,7.226222038269043,6.6754326820373535,6.237750053405762,11.030157089233398,9.92686939239502,7.876832008361816,12.310616493225098,,
2018-01-14,9.665340423583984,8.58481502532959,7.23454475402832,6.681598663330078,6.246304035186768,11.029888153076172,9.93226432800293,7.884853839874268,12.309690475463867,,
2018-01-15,9.675046920776367,8.589305877685547,7.242616653442383,6.687852382659912,6.25469970703125,11.035383224487305,9.937507629394531,7.892818927764893,12.310932159423828,,
2018-01-16,9.684557914733887,8.594526290893555,7.2505879402160645,6.694249629974365,6.26304817199707,11.042681694030762,9.942899703979492,7.900852680206299,12.315239906311035,,6.818684101104736
2018-01-17,9.693977355957031,8.600224494934082,7.258501052856445,6.700801372528076,6.271391868591309,11.049375534057617,9.948498725891113,7.908958911895752,12.321368217468262,,
2018-01-18,9.703447341918945,8.606793403625488,7.266488552093506,6.70754861831665,6.2798075675964355,11.059431076049805,9.954524993896484,7.917255878448486,12.33043384552002,,
2018-01-19,9.713034629821777,8.613560676574707,7.27458381652832,6.714529514312744,6.2883477210998535,11.067163467407227,9.960834503173828,7.925760746002197,12.340230941772461,,
2018-01-20,9.722763061523438,8.620402336120605,7.282779216766357,6.721750259399414,6.297011375427246,11.07496166229248,9.96735954284668,7.934449195861816,12.350196838378906,,
2018-01-21,9.732636451721191,8.627215385437012,7.291073799133301,6.729211807250977,6.305782318115234,11.08156681060791,9.973978996276855,7.94332218170166,12.359695434570312,,
2018-01-22,9.742551803588867,8.633380889892578,7.299324989318848,6.736867427825928,6.314587593078613,11.085196495056152,9.980399131774902,7.9522552490234375,12.366963386535645,,
2018-01-23,9.752385139465332,8.638765335083008,7.307431221008301,6.7446465492248535,6.323328971862793,11.086835861206055,9.986406326293945,7.9611430168151855,12.371905326843262,,
2018-01-24,9.762051582336426,8.643610954284668,7.315340518951416,6.752485752105713,6.331942558288574,11.088109970092773,9.991964340209961,7.969930171966553,12.375617980957031,,
2018-01-25,9.771469116210938,8.647808074951172,7.322988510131836,6.7603654861450195,6.3403754234313965,11.088282585144043,9.997016906738281,7.978562355041504,12.37792682647705,,
2018-01-26,9.780556678771973,8.651321411132812,7.3302998542785645,6.768214702606201,6.348578453063965,11.08752155303955,10.001504898071289,7.986968517303467,12.378694534301758,,6.9033427238464355
2018-01-27,9.789257049560547,8.65434741973877,7.33725118637085,6.7759833335876465,6.356534004211426,11.08681583404541,10.00545883178711,7.995113372802734,12.378437995910645,,
2018-01-28,9.797531127929688,8.656768798828125,7.34380578994751,6.7836527824401855,6.364197254180908,11.085007667541504,10.008861541748047,8.002967834472656,12.377129554748535,,
2018-01-29,9.805402755737305,8.659332275390625,7.350013256072998,6.791227340698242,6.371598243713379,11.085466384887695,10.011941909790039,8.01057243347168,12.376080513000488,,
2018-01-30,9.81286334991455,8.661426544189453,7.355838775634766,6.798693656921387,6.378741264343262,11.08409309387207,10.014660835266113,8.017909049987793,12.374642372131348,,
2018-01-31,9.82016658782959,8.664740562438965,7.3615593910217285,6.807316303253174,6.385747909545898,11.090895652770996,10.0176420211792,8.025350570678711,12.376326560974121,,
2018-02-01,9.827507972717285,8.66547679901123,7.367214679718018,6.817429065704346,6.392734527587891,11.096832275390625,10.020885467529297,8.033089637756348,12.380733489990234,,
2018-02-02,9.835129737854004,8.668011665344238,7.373022079467773,6.828760147094727,6.399841785430908,11.106136322021484,10.024724960327148,8.041378021240234,12.38905143737793,,
2018-02-03,9.843077659606934,8.671459197998047,7.378951549530029,6.840879440307617,6.407108306884766,11.111361503601074,10.028892517089844,8.05015754699707,12.397575378417969,,
2018-02-04,9.851238250732422,8.674787521362305,7.384882926940918,6.853370189666748,6.414471626281738,11.113561630249023,10.03305435180664,8.059226036071777,12.404242515563965,,
2018-02-05,9.859448432922363,8.677571296691895,7.390697956085205,6.865913391113281,6.421830654144287,11.113378524780273,10.036893844604492,8.068382263183594,12.408581733703613,,
2018-02-06,9.867559432983398,8.679705619812012,7.396304607391357,6.878303050994873,6.429081916809082,11.111869812011719,10.04025936126709,8.077481269836426,12.410713195800781,,
2018-02-07,9.875434875488281,8.681132316589355,7.4016218185424805,6.890394687652588,6.436145782470703,11.109367370605469,10.043037414550781,8.086397171020508,12.410898208618164,,
2018-02-08,9.882966041564941,8.68188762664795,7.406585693359375,6.9020915031433105,6.442963123321533,11.106014251708984,10.045206069946289,8.0950288772583,12.409440994262695,,
2018-02-09,9.890104293823242,8.682411193847656,7.411196708679199,6.9133501052856445,6.4495062828063965,11.103090286254883,10.046853065490723,8.103344917297363,12.407018661499023,,
2018-02-10,9.896830558776855,8.682663917541504,7.41544771194458,6.9241533279418945,6.455758094787598,11.099990844726562,10.048054695129395,8.111328125,12.403956413269043,,
2018-02-11,9.903185844421387,8.683238983154297,7.419376850128174,6.934508323669434,6.461736679077148,11.098301887512207,10.048992156982422,8.119010925292969,12.401538848876953,,
2018-02-12,9.909168243408203,8.683448791503906,7.422956466674805,6.944406032562256,6.467442512512207,11.095403671264648,10.049654006958008,8.126361846923828,12.39907455444336,,
2018-02-13,9.914745330810547,8.683250427246094,7.426161289215088,6.953843116760254,6.472860813140869,11.091792106628418,10.049975395202637,8.133337020874023,12.396056175231934,,
2018-02-14,9.919881820678711,8.6824369430542,7.428971290588379,6.962868690490723,6.477982044219971,11.087557792663574,10.049906730651855,8.139901161193848,12.39232349395752,,
2018-02-15,9.924633026123047,8.682097434997559,7.431463718414307,6.971589088439941,6.482846260070801,11.085428237915039,10.049650192260742,8.146122932434082,12.389101028442383,,
2018-02-16,9.929008483886719,8.681375503540039,7.433638095855713,6.980035781860352,6.487466812133789,11.081799507141113,10.049192428588867,8.15200138092041,12.385885238647461,,
2018-02-17,9.932995796203613,8.680355072021484,7.435488224029541,6.988213062286377,6.491849899291992,11.078065872192383,10.048476219177246,8.157526016235352,12.382292747497559,,
2018-02-18,9.936576843261719,8.678775787353516,7.437000274658203,6.996085166931152,6.495979309082031,11.07330322265625,10.047444343566895,8.162675857543945,12.378092765808105,,
2018-02-19,9.939753532409668,8.677050590515137,7.438185691833496,7.003634929656982,6.499846935272217,11.068988800048828,10.046109199523926,8.167457580566406,12.37343978881836,,
2018-02-20,9.942523956298828,8.674979209899902,7.4390459060668945,7.010824680328369,6.503438949584961,11.064101219177246,10.04448413848877,8.171871185302734,12.368395805358887,,
2018-02-21,9.944890022277832,8.672657012939453,7.439582824707031,7.017643928527832,6.506746292114258,11.059236526489258,10.042586326599121,8.175912857055664,12.362963676452637,,
2018-02-22,9.946852684020996,8.67004680633545,7.439798831939697,7.024061679840088,6.509756565093994,11.05402946472168,10.040413856506348,8.179580688476562,12.357184410095215,,
2018-02-23,9.948417663574219,8.66723346710205,7.439699649810791,7.030094623565674,6.512472152709961,11.048720359802246,10.037986755371094,8.182883262634277,12.351120948791504,,
2018-02-24,9.94959545135498,8.664207458496094,7.439298152923584,7.035732746124268,6.514890670776367,11.043277740478516,10.035308837890625,8.185827255249023,12.34484577178955,,
2018-02-25,9.950398445129395,8.66102123260498,7.438604831695557,7.040980339050293,6.517014026641846,11.037808418273926,10.032408714294434,8.188422203063965,12.338424682617188,,
2018-02-26,9.950845718383789,8.657660484313965,7.4376373291015625,7.045847415924072,6.518847942352295,11.032313346862793,10.029305458068848,8.190683364868164,12.331930160522461,,
2018-02-27,9.95095443725586,8.654184341430664,7.436410903930664,7.050341606140137,6.52039909362793,11.026795387268066,10.026022911071777,8.192621231079102,12.325409889221191,,
2018-02-28,9.95073127746582,8.650566101074219,7.434938430786133,7.0539164543151855,6.521676540374756,11.021269798278809,10.022581100463867,8.194208145141602,12.318890571594238,,
2018-03-01,9.950172424316406,8.64475154876709,7.433196067810059,7.0563812255859375,6.522670745849609,11.015789031982422,10.018924713134766,8.19540023803711,12.312417030334473,,7.090928077697754
2018-03-02,9.949300765991211,8.639284133911133,7.431214332580566,7.05787992477417,6.523382186889648,11.01081371307373,10.01511001586914,8.196206092834473,12.306238174438477,,
2018-03-03,9.948140144348145,8.634233474731445,7.429017066955566,7.058650970458984,6.5238165855407715,11.005956649780273,10.01119613647461,8.196642875671387,12.300354957580566,,
2018-03-04,9.946743965148926,8.629828453063965,7.426669120788574,7.058909893035889,6.523993492126465,11.002002716064453,10.00730037689209,8.196764945983887,12.295080184936523,,
2018-03-05,9.945141792297363,8.62555980682373,7.424187660217285,7.058816909790039,6.523929595947266,10.997702598571777,10.003419876098633,8.196590423583984,12.290120124816895,,
2018-03-06,9.943345069885254,8.62137222290039,7.4215779304504395,7.058478355407715,6.523632049560547,10.993285179138184,9.999529838562012,8.196136474609375,12.285274505615234,,
2018-03-07,9.941394805908203,8.617636680603027,7.418902397155762,7.057977676391602,6.523136615753174,10.989851951599121,9.995708465576172,8.19546890258789,12.280867576599121,,
2018-03-08,9.939352035522461,8.614457130432129,7.416223526000977,7.057371139526367,6.5224761962890625,10.987750053405762,9.992076873779297,8.194657325744629,12.277227401733398,,
2018-03-09,9.937301635742188,8.612009048461914,7.413618564605713,7.056708812713623,6.521703720092773,10.98692798614502,9.988776206970215,8.19377613067627,12.27484130859375,,
2018-03-10,9.935277938842773,8.609782218933105,7.411097049713135,7.056012153625488,6.520843982696533,10.985803604125977,9.985774040222168,8.19283676147461,12.273401260375977,,
2018-03-11,9.933348655700684,8.60827350616455,7.408731460571289,7.05531120300293,6.519942760467529,10.9867525100708,9.983193397521973,8.191913604736328,12.273679733276367,,
2018-03-12,9.931635856628418,8.607861518859863,7.406658172607422,7.054646015167236,6.519073009490967,10.989194869995117,9.98122787475586,8.191142082214355,12.276103019714355,,
2018-03-13,9.930276870727539,8.608464241027832,7.4049787521362305,7.0540666580200195,6.518317222595215,10.994380950927734,9.980061531066895,8.190621376037598,12.281880378723145,,
2018-03-14,9.929256439208984,8.60921573638916,7.403593063354492,7.053547382354736,6.517683506011963,10.99631118774414,9.979435920715332,8.190254211425781,12.288168907165527,,
2018-03-15,9.928624153137207,8.61072826385498,7.402585983276367,7.053054332733154,6.517179012298584,11.001635551452637,9.979434967041016,8.19009780883789,12.295577049255371,,
2018-03-16,9.928354263305664,8.61214828491211,7.4018874168396,7.052582263946533,6.516788482666016,11.004438400268555,9.979851722717285,8.190110206604004,12.30289363861084,,
2018-03-17,9.928400993347168,8.613612174987793,7.401456356048584,7.052130222320557,6.516479015350342,11.007573127746582,9.98055648803711,8.190247535705566,12.309545516967773,,
2018-03-18,9.928677558898926,8.614433288574219,7.401188373565674,7.051694393157959,6.516210556030273,11.008209228515625,9.981329917907715,8.190438270568848,12.314806938171387,,
2018-03-19,9.929071426391602,8.614781379699707,7.400996208190918,7.051279544830322,6.515935897827148,11.008127212524414,9.98198127746582,8.190603256225586,12.318293571472168,,
2018-03-20,9.92947769165039,8.614514350891113,7.400798320770264,7.050881862640381,6.5156121253967285,11.006884574890137,9.982378959655762,8.190681457519531,12.319998741149902,,7.092679023742676
2018-03-21,9.929816246032715,8.61378288269043,7.400540351867676,7.050499439239502,6.515206813812256,11.005145072937012,9.982475280761719,8.190644264221191,12.320162773132324,,
2018-03-22,9.9301118850708,8.613632202148438,7.400274276733398,7.050156593322754,6.514725685119629,11.00537109375,9.982490539550781,8.190567970275879,12.3201322555542,,
2018-03-23,9.930360794067383,8.613224029541016,7.399982929229736,7.049856662750244,6.514180660247803,11.004495620727539,9.982429504394531,8.19045639038086,12.319815635681152,,
2018-03-24,9.930524826049805,8.61239242553711,7.399615287780762,7.0495758056640625,6.513568878173828,11.002820014953613,9.982195854187012,8.190267562866211,12.318832397460938,,
2018-03-25,9.930556297302246,8.61109733581543,7.3991217613220215,7.049300670623779,6.512876987457275,11.000351905822754,9.98171615600586,8.189959526062012,12.316951751708984,,
2018-03-26,9.93040943145752,8.609444618225098,7.398463249206543,7.049009799957275,6.512085437774658,10.997503280639648,9.980944633483887,8.189502716064453,12.314186096191406,,
2018-03-27,9.930079460144043,8.60781478881836,7.397650718688965,7.048701286315918,6.5111870765686035,10.995065689086914,9.979963302612305,8.188919067382812,12.311076164245605,,
2018-03-28,9.929685592651367,8.607209205627441,7.396818161010742,7.0483927726745605,6.510223865509033,10.996076583862305,9.979105949401855,8.188347816467285,12.309208869934082,,7.086184501647949
2018-03-29,9.929267883300781,8.606752395629883,7.3959879875183105,7.048088073730469,6.509232044219971,10.995868682861328,9.978374481201172,8.187788963317871,12.308098793029785,,
2018-03-30,9.928863525390625,8.606497764587402,7.395177364349365,7.047798156738281,6.508236408233643,10.996709823608398,9.977791786193848,8.187259674072266,12.307722091674805,,
2018-03-31,9.928570747375488,8.607272148132324,7.394540786743164,7.047109127044678,6.507302761077881,11.001718521118164,9.977699279785156,8.186840057373047,12.309198379516602,,
2018-04-01,9.928447723388672,8.58843994140625,7.393917560577393,7.04601526260376,6.506485939025879,11.007246971130371,9.977678298950195,8.186525344848633,12.312677383422852,,
2018-04-02,9.92846393585205,8.572796821594238,7.3931708335876465,7.044684410095215,6.5057854652404785,11.011032104492188,9.977505683898926,8.186223983764648,12.316847801208496,,
2018-04-03,9.928569793701172,8.561293601989746,7.3923139572143555,7.043275356292725,6.505168437957764,11.013321876525879,9.977153778076172,8.185881614685059,12.321125030517578,,
2018-04-04,9.928791046142578,8.553025245666504,7.391456604003906,7.041894435882568,6.504621505737305,11.01638412475586,9.97679328918457,8.185530662536621,12.325746536254883,,
2018-04-05,9.929134368896484,8.546842575073242,7.390665054321289,7.040620803833008,6.5041422843933105,11.018619537353516,9.976500511169434,8.185198783874512,12.330472946166992,,
2018-04-06,9.929515838623047,8.541662216186523,7.389894008636475,7.039466381072998,6.503693103790283,11.01864242553711,9.976122856140137,8.184816360473633,12.333986282348633,,
2018-04-07,9.929819107055664,8.53668212890625,7.389090061187744,7.038407802581787,6.5032219886779785,11.016963958740234,9.975497245788574,8.18429946899414,12.335711479187012,,
2018-04-08,9.929954528808594,8.531959533691406,7.388207912445068,7.037422180175781,6.502683639526367,11.014349937438965,9.9745512008667,8.18360710144043,12.335652351379395,,
2018-04-09,9.929871559143066,8.52743911743164,7.387231826782227,7.03649377822876,6.502045154571533,11.011303901672363,9.973285675048828,8.182740211486816,12.334166526794434,,
2018-04-10,9.929744720458984,8.525243759155273,7.386351585388184,7.035665035247803,6.501352310180664,11.01516342163086,9.972334861755371,8.181931495666504,12.335051536560059,,
2018-04-11,9.929651260375977,8.523905754089355,7.385583400726318,7.0349531173706055,6.500646591186523,11.016864776611328,9.9717378616333,8.181200981140137,12.337474822998047,,
2018-04-12,9.929593086242676,8.522937774658203,7.384912967681885,7.034352779388428,6.4999470710754395,11.018155097961426,9.97136402130127,8.180512428283691,12.340081214904785,,
2018-04-13,9.929519653320312,8.521589279174805,7.384263038635254,7.033836841583252,6.499246120452881,11.01689338684082,9.970995903015137,8.179808616638184,12.341826438903809,,7.0724687576293945
2018-04-14,9.929439544677734,8.520793914794922,7.3836541175842285,7.033386707305908,6.498534202575684,11.017470359802246,9.970688819885254,8.17911434173584,12.343466758728027,,
2018-04-15,9.929328918457031,8.51977825164795,7.383045673370361,7.0329790115356445,6.497803688049316,11.016050338745117,9.970355987548828,8.178412437438965,12.344672203063965,,
2018-04-16,9.929119110107422,8.51829719543457,7.382374286651611,7.032589435577393,6.49703311920166,11.01374340057373,9.969825744628906,8.177638053894043,12.34469985961914,,
2018-04-17,9.928735733032227,8.516109466552734,7.3815741539001465,7.032185077667236,6.496190071105957,11.010257720947266,9.968979835510254,8.176724433898926,12.343169212341309,,
2018-04-18,9.928112983703613,8.513526916503906,7.380600929260254,7.031745433807373,6.49524450302124,11.006062507629395,9.967756271362305,8.175633430480957,12.34008502960205,,
2018-04-19,9.927199363708496,8.510516166687012,7.379417419433594,7.031245708465576,6.494173049926758,11.001238822937012,9.9661226272583,8.174338340759277,12.335643768310547,,
2018-04-20,9.925970077514648,8.507217407226562,7.378005027770996,7.030674457550049,6.492949485778809,10.995967864990234,9.964077949523926,8.172831535339355,12.330073356628418,,
2018-04-21,9.924379348754883,8.503608703613281,7.376350402832031,7.030021667480469,6.491578578948975,10.990357398986816,9.961633682250977,8.171109199523926,12.323627471923828,,
2018-04-22,9.922390937805176,8.500045776367188,7.374486923217773,7.029273986816406,6.490049839019775,10.984575271606445,9.95885944366455,8.169235229492188,12.316506385803223,,
2018-04-23,9.920034408569336,8.49622917175293,7.372426986694336,7.028421878814697,6.488378524780273,10.97865104675293,9.95577621459961,8.167219161987305,12.308941841125488,,
2018-04-24,9.917367935180664,8.492351531982422,7.370177268981934,7.02744722366333,6.486561298370361,10.970353126525879,9.952432632446289,8.16506576538086,12.301294326782227,,
2018-04-25,9.91445255279541,8.488263130187988,7.367743968963623,7.026352882385254,6.484613418579102,10.94543743133545,9.948829650878906,8.162775993347168,12.293763160705566,,7.049999237060547
2018-04-26,9.911354064941406,8.484118461608887,7.365131855010986,7.0251569747924805,6.482547283172607,10.949467658996582,9.945008277893066,8.160287857055664,12.286375045776367,,
2018-04-27,9.908116340637207,8.479844093322754,7.362349033355713,7.023864269256592,6.480373382568359,10.948726654052734,9.940998077392578,8.157658576965332,12.27913761138916,,
2018-04-28,9.90475082397461,8.475579261779785,7.359399795532227,7.022459983825684,6.478090763092041,10.945319175720215,9.936853408813477,8.154938697814941,12.272053718566895,,
2018-04-29,9.901533126831055,8.474982261657715,7.356805324554443,7.0210394859313965,6.4758501052856445,10.952641487121582,9.93364429473877,8.152592658996582,12.270003318786621,,
2018-04-30,9.899033546447754,8.48003101348877,7.3555073738098145,7.020019054412842,6.4740800857543945,10.972394943237305,9.932891845703125,8.151360511779785,12.28011417388916,,
2018-05-01,9.897575378417969,8.484177589416504,7.355388641357422,7.019527435302734,6.473016738891602,10.98804759979248,9.934223175048828,8.151124954223633,12.29411792755127,,
2018-05-02,9.89706802368164,8.488524436950684,7.355990886688232,7.019423007965088,6.472596645355225,10.99635124206543,9.936745643615723,8.151477813720703,12.306316375732422,,
2018-05-03,9.897147178649902,8.491939544677734,7.357025623321533,7.019557476043701,6.472635269165039,11.000263214111328,9.939492225646973,8.152114868164062,12.314943313598633,,
2018-05-04,9.897475242614746,8.494241714477539,7.35830545425415,7.019831657409668,6.472942352294922,11.000115394592285,9.941885948181152,8.152838706970215,12.319927215576172,,
2018-05-05,9.897850036621094,8.495294570922852,7.359674453735352,7.020179271697998,6.473367214202881,10.999018669128418,9.943719863891602,8.153515815734863,12.32165241241455,,
2018-05-06,9.89822006225586,8.495254516601562,7.361018180847168,7.020562648773193,6.473802089691162,10.997218132019043,9.944912910461426,8.15406322479248,12.320630073547363,,
2018-05-07,9.898542404174805,8.494132041931152,7.362236499786377,7.020958423614502,6.474176406860352,10.994755744934082,9.945478439331055,8.154424667358398,12.317401885986328,,
2018-05-08,9.898736953735352,8.492302894592285,7.363247871398926,7.021332263946533,6.4744367599487305,10.991289138793945,9.945441246032715,8.154557228088379,12.31246566772461,,
2018-05-09,9.898635864257812,8.48990249633789,7.363987922668457,7.021646499633789,6.474541664123535,10.986794471740723,9.944029808044434,8.154123306274414,12.305713653564453,,
2018-05-10,9.892471313476562,8.485081672668457,7.364210605621338,7.011889934539795,6.474432468414307,10.912412643432617,9.933462142944336,8.136006355285645,12.294977188110352,,
2018-05-11,9.874792098999023,8.468274116516113,7.3634724617004395,6.990848541259766,6.474009990692139,10.851778030395508,9.903973579406738,8.096964836120605,12.279621124267578,,
2018-05-12,9.84560489654541,8.43721866607666,7.3611555099487305,6.959212303161621,6.472684860229492,10.782646179199219,9.857150077819824,8.044177055358887,12.259990692138672,,
2018-05-13,9.809995651245117,8.40081787109375,7.356821537017822,6.926394462585449,6.470062255859375,10.787484169006348,9.797283172607422,7.9983015060424805,12.238633155822754,,
2018-05-14,9.775117874145508,8.372329711914062,7.350488185882568,6.9036970138549805,6.46612024307251,10.78148365020752,9.746362686157227,7.969984531402588,12.218045234680176,,
2018-05-15,9.744304656982422,8.3560791015625,7.342597961425781,6.896128177642822,6.46126127243042,10.77991008758545,9.712505340576172,7.949941635131836,12.199930191040039,,7.005187034606934
2018-05-16,9.716705322265625,8.348162651062012,7.333767890930176,6.900294303894043,6.455831527709961,10.764195442199707,9.698324203491211,7.938562870025635,12.184765815734863,,
2018-05-17,9.691927909851074,8.34461784362793,7.3245697021484375,6.902335166931152,6.450039386749268,10.778411865234375,9.692636489868164,7.924147605895996,12.17225456237793,,
2018-05-18,9.67081356048584,8.342592239379883,7.315515995025635,6.9049882888793945,6.444067001342773,10.779936790466309,9.689208984375,7.917327880859375,12.16198444366455,,
2018-05-19,9.655461311340332,8.337075233459473,7.307021617889404,6.908188343048096,6.438057899475098,10.777268409729004,9.688111305236816,7.9156365394592285,12.153255462646484,,
2018-05-20,9.644472122192383,8.334135055541992,7.299317359924316,6.910436630249023,6.432103633880615,10.758880615234375,9.688104629516602,7.91707181930542,12.145249366760254,,
2018-05-21,9.630228042602539,8.331334114074707,7.292378902435303,6.904096603393555,6.426248550415039,10.668510437011719,9.686324119567871,7.906106472015381,12.13581657409668,,
2018-05-22,9.607885360717773,8.324441909790039,7.285942554473877,6.883027076721191,6.420295715332031,10.5593900680542,9.664298057556152,7.856874942779541,12.123077392578125,,
2018-05-23,9.57826042175293,8.310452461242676,7.279694080352783,6.852906227111816,6.414089202880859,10.519285202026367,9.624200820922852,7.798893451690674,12.10748291015625,,
2018-05-24,9.549506187438965,8.297944068908691,7.27347469329834,6.82960844039917,6.407623767852783,10.579228401184082,9.582484245300293,7.759372711181641,12.09212875366211,,
2018-05-25,9.52762222290039,8.288887977600098,7.267306327819824,6.8229660987854,6.401116847991943,10.65101432800293,9.558344841003418,7.758159160614014,12.079736709594727,,
2018-05-26,9.51449966430664,8.282612800598145,7.261285781860352,6.829445838928223,6.39471960067749,10.684456825256348,9.552465438842773,7.773369312286377,12.0709810256958,,
2018-05-27,9.506586074829102,8.272418022155762,7.255086898803711,6.834290981292725,6.388065338134766,10.705183029174805,9.55056095123291,7.785402297973633,12.064509391784668,,
2018-05-28,9.501374244689941,8.258808135986328,7.248256683349609,6.836244583129883,6.380908966064453,10.718118667602539,9.549966812133789,7.79439640045166,12.059202194213867,,
2018-05-29,9.497830390930176,8.246962547302246,7.240716934204102,6.832865238189697,6.373279094696045,10.735336303710938,9.552002906799316,7.792293071746826,12.055466651916504,,6.870363235473633
2018-05-30,9.497049331665039,8.241512298583984,7.2327752113342285,6.830712795257568,6.365605354309082,10.74907112121582,9.559796333312988,7.7913498878479,12.053836822509766,,
2018-05-31,9.499073028564453,8.242112159729004,7.224981307983398,6.829427719116211,6.358221530914307,10.763452529907227,9.571017265319824,7.794006824493408,12.054551124572754,,
2018-06-01,9.503552436828613,8.248323440551758,7.217895984649658,6.830809593200684,6.351287841796875,10.775128364562988,9.583736419677734,7.806066989898682,12.05710220336914,,
2018-06-02,9.509987831115723,8.256178855895996,7.211848258972168,6.832111358642578,6.34485387802124,10.784558296203613,9.596899032592773,7.820535659790039,12.060547828674316,,
2018-06-03,9.517822265625,8.263500213623047,7.206892013549805,6.832276821136475,6.33890438079834,10.790689468383789,9.609858512878418,7.834408283233643,12.063826560974121,,
2018-06-04,9.526535034179688,8.270045280456543,7.202928066253662,6.830623626708984,6.333391189575195,10.795283317565918,9.622259140014648,7.846770286560059,12.066349029541016,,
2018-06-05,9.535672187805176,8.275626182556152,7.199780464172363,6.815831661224365,6.32824182510376,10.798213958740234,9.633902549743652,7.857089519500732,12.067899703979492,,
2018-06-06,9.544807434082031,8.280233383178711,7.197220802307129,6.806079864501953,6.323122978210449,10.799874305725098,9.644637107849121,7.861266136169434,12.068243026733398,,
2018-06-07,9.551419258117676,8.283931732177734,7.194993495941162,6.793453693389893,6.317529678344727,10.800512313842773,9.654390335083008,7.855885028839111,12.067105293273926,,
2018-06-08,9.552591323852539,8.286803245544434,7.19274377822876,6.770339012145996,6.311438083648682,10.800745964050293,9.662887573242188,7.840475082397461,12.063360214233398,,
2018-06-09,9.54957103729248,8.2885160446167,7.190108299255371,6.741572380065918,6.304769515991211,10.800049781799316,9.669758796691895,7.823795795440674,12.057891845703125,,
2018-06-10,9.542160987854004,8.288015365600586,7.1867523193359375,6.6981024742126465,6.297431468963623,10.796792030334473,9.672926902770996,7.793640613555908,12.051112174987793,,
2018-06-11,9.521162033081055,8.27767276763916,7.182340621948242,6.666650772094727,6.289059162139893,10.766172409057617,9.665045738220215,7.73184061050415,12.039724349975586,,
2018-06-12,9.482715606689453,8.249712944030762,7.176395893096924,6.508601665496826,6.279621124267578,10.638223648071289,9.629554748535156,7.666287422180176,12.021235466003418,,
2018-06-13,9.435613632202148,8.217185020446777,7.16867208480835,6.348420143127441,6.269304275512695,10.55960464477539,9.56268310546875,7.623589992523193,11.9987211227417,,
2018-06-14,9.392423629760742,8.185176849365234,7.159308910369873,6.240641117095947,6.258470058441162,10.45875072479248,9.50940990447998,7.607197284698486,11.977084159851074,,
2018-06-15,9.359384536743164,8.157007217407227,7.148821830749512,6.258937358856201,6.247348785400391,10.423155784606934,9.438721656799316,7.596806049346924,11.959393501281738,,6.722614288330078
2018-06-16,9.334939002990723,8.125167846679688,7.1375837326049805,6.313957214355469,6.235767841339111,10.333649635314941,9.35991382598877,7.582180023193359,11.945867538452148,,
2018-06-17,9.312790870666504,8.093585968017578,7.125843048095703,6.366291046142578,6.223334312438965,10.280877113342285,9.283811569213867,7.56308126449585,11.935378074645996,,
2018-06-18,9.285465240478516,8.071633338928223,7.113808631896973,6.399975299835205,6.210345268249512,10.268689155578613,9.252631187438965,7.540779113769531,11.925004005432129,,
2018-06-19,9.256277084350586,8.06098747253418,7.101818084716797,6.412808418273926,6.197208881378174,10.386590957641602,9.246920585632324,7.525227069854736,11.914316177368164,,
2018-06-20,9.231419563293457,8.054693222045898,7.090121269226074,6.397716045379639,6.184258937835693,10.458883285522461,9.239928245544434,7.517339706420898,11.905021667480469,,
2018-06-21,9.207388877868652,8.03934097290039,7.078749656677246,6.382946968078613,6.1714396476745605,10.46447467803955,9.19572639465332,7.476227283477783,11.897595405578613,,
2018-06-22,9.17353343963623,8.020313262939453,7.06751012802124,6.317084789276123,6.158487319946289,10.392666816711426,9.171256065368652,7.414356231689453,11.890396118164062,,
2018-06-23,9.135028839111328,8.005046844482422,7.05620002746582,6.157252311706543,6.145288944244385,10.390135765075684,9.1537504196167,7.363092422485352,11.881492614746094,,
2018-06-24,9.09411334991455,7.987384796142578,7.044643402099609,6.026676654815674,6.131847381591797,10.342508316040039,9.14378547668457,7.348268985748291,11.868475914001465,,
2018-06-25,9.055925369262695,7.956936836242676,7.032790660858154,5.974956035614014,6.118311882019043,10.211664199829102,9.101594924926758,7.349762916564941,11.850824356079102,,
2018-06-26,9.021408081054688,7.924414157867432,7.020425319671631,5.989663600921631,6.104584693908691,10.18337345123291,9.027600288391113,7.348850250244141,11.830445289611816,,
2018-06-27,8.983247756958008,7.888537883758545,7.007356643676758,6.060073375701904,6.090370178222656,10.035445213317871,8.938240051269531,7.328806400299072,11.812397003173828,,
2018-06-28,8.93861198425293,7.852761745452881,6.993578910827637,6.103417873382568,6.075817584991455,9.972832679748535,8.887975692749023,7.297082424163818,11.798473358154297,,6.4884114265441895
2018-06-29,8.893074989318848,7.834565162658691,6.979362487792969,6.109014987945557,6.060927867889404,9.9263916015625,8.857632637023926,7.269913196563721,11.788945198059082,,
2018-06-30,8.84593391418457,7.793520450592041,6.964844703674316,6.062976837158203,6.044482707977295,9.01816463470459,8.816722869873047,7.23388147354126,11.78085994720459,,
2018-07-01,8.780471801757812,7.756478786468506,6.950142860412598,6.035135746002197,6.025822162628174,8.800731658935547,8.742560386657715,7.154410362243652,11.77094554901123,,
2018-07-02,8.694375038146973,7.722139358520508,6.935245037078857,5.974737167358398,6.006290912628174,9.587559700012207,8.70455551147461,7.067149639129639,11.757015228271484,,
2018-07-03,8.613018989562988,7.7095232009887695,6.920083522796631,5.833187580108643,5.986834526062012,9.743629455566406,8.684947967529297,7.001777648925781,11.73897647857666,,
2018-07-04,8.5518798828125,7.697620391845703,6.9045820236206055,5.72041654586792,5.967423439025879,9.812207221984863,8.678370475769043,6.981581211090088,11.717988014221191,,
2018-07-05,8.510038375854492,7.68077278137207,6.888795852661133,5.681370258331299,5.948070049285889,9.796048164367676,8.630099296569824,6.98714017868042,11.69699478149414,,
2018-07-06,8.477365493774414,7.663511276245117,6.872682094573975,5.703814506530762,5.9286627769470215,9.75400447845459,8.552417755126953,6.990493297576904,11.678252220153809,,
2018-07-07,8.43438720703125,7.630667209625244,6.855996131896973,5.755112648010254,5.9079461097717285,8.638317108154297,8.453927993774414,6.950625419616699,11.66236400604248,,
2018-07-08,8.368642807006836,7.590271949768066,6.838596343994141,5.770679473876953,5.885401725769043,8.368590354919434,8.389524459838867,6.880156517028809,11.647539138793945,,
2018-07-09,8.293096542358398,7.57728910446167,6.820877552032471,5.7739410400390625,5.8624043464660645,9.217530250549316,8.349815368652344,6.830479145050049,11.633601188659668,,
2018-07-10,8.238055229187012,7.564454555511475,6.803391456604004,5.761564254760742,5.840239524841309,9.485240936279297,8.322108268737793,6.811846733093262,11.620809555053711,,
2018-07-11,8.204052925109863,7.549931049346924,6.786486625671387,5.779856204986572,5.819698810577393,9.640963554382324,8.273763656616211,6.779681205749512,11.610332489013672,,
2018-07-12,8.168578147888184,7.5348801612854,6.770241737365723,5.740574359893799,5.800970554351807,9.691426277160645,8.257328987121582,6.73268461227417,11.601374626159668,,
2018-07-13,8.134325981140137,7.533552169799805,6.7546586990356445,5.6065263748168945,5.7837114334106445,9.749817848205566,8.258323669433594,6.693401336669922,11.592395782470703,,6.126474380493164
2018-07-14,8.099732398986816,7.518359661102295,6.739462375640869,5.471789360046387,5.765676975250244,8.757660865783691,8.263116836547852,6.665864944458008,11.579732894897461,,
2018-07-15,8.058528900146484,7.478442668914795,6.724315166473389,5.40199613571167,5.7455878257751465,8.449535369873047,8.21033763885498,6.640153884887695,11.562600135803223,,
2018-07-16,8.012392044067383,7.439193248748779,6.708914756774902,5.420887470245361,5.724687099456787,9.184880256652832,8.122432708740234,6.63247537612915,11.542818069458008,,
2018-07-17,7.972316741943359,7.413619041442871,6.693116664886475,5.505092620849609,5.70395565032959,9.20711612701416,8.02568244934082,6.6188788414001465,11.524293899536133,,
2018-07-18,7.942455768585205,7.3956804275512695,6.676943778991699,5.564043045043945,5.683724403381348,9.257967948913574,7.984788417816162,6.603750228881836,11.510017395019531,,
2018-07-19,7.920372486114502,7.393743515014648,6.660787105560303,5.583942890167236,5.6639180183410645,9.362833976745605,7.973901748657227,6.596993923187256,11.50129508972168,,
2018-07-20,7.913881301879883,7.387795448303223,6.645204544067383,5.574917793273926,5.644772052764893,9.443105697631836,7.9593634605407715,6.606924057006836,11.497356414794922,,
2018-07-21,7.900638103485107,7.372504711151123,6.630349159240723,5.568444728851318,5.625361919403076,8.51073932647705,7.905765533447266,6.560317039489746,11.494540214538574,,
2018-07-22,7.85091495513916,7.3430047035217285,6.615890026092529,5.4945387840271,5.605299949645996,8.286968231201172,7.8947649002075195,6.468764305114746,11.488788604736328,,
2018-07-23,7.785092830657959,7.333056449890137,6.601602554321289,5.353357315063477,5.585999965667725,9.20837688446045,7.896579742431641,6.399944305419922,11.478347778320312,,
2018-07-24,7.734010219573975,7.331315517425537,6.587485313415527,5.249448299407959,5.56793737411499,9.392939567565918,7.912436485290527,,11.46300220489502,,
2018-07-25,7.7132344245910645,7.317497730255127,6.573593616485596,5.223282337188721,5.551034927368164,9.405255317687988,7.889394760131836,,11.44639778137207,,
2018-07-26,7.708691120147705,7.295459270477295,6.559769630432129,5.258692264556885,5.535084247589111,,7.838122367858887,,11.432185173034668,,
2018-07-27,7.707647323608398,7.277997016906738,6.545935153961182,5.346764087677002,5.519970893859863,9.254532814025879,7.771328449249268,,11.422866821289062,,5.861548900604248
2018-07-28,7.692343235015869,7.232499599456787,6.531937122344971,5.381806373596191,5.50395393371582,8.253396987915039,7.723653793334961,,11.416373252868652,,
2018-07-29,7.655404567718506,7.2145514488220215,6.517822265625,5.369699954986572,5.48584508895874,8.073748588562012,7.690334320068359,,11.410548210144043,,
2018-07-30,7.6211347579956055,7.2065277099609375,6.503952503204346,5.354275226593018,5.467172622680664,9.019942283630371,7.675694465637207,,11.404397010803223,,
2018-07-31,7.598311424255371,7.211783409118652,6.490653991699219,5.377869606018066,5.4495978355407715,9.195123672485352,7.6371989250183105,,11.397566795349121,,
2018-08-01,7.5768842697143555,7.203330039978027,6.477867126464844,5.3459153175354,5.433815956115723,9.277623176574707,7.649416923522949,,11.39096450805664,,
2018-08-02,7.558060169219971,7.210042953491211,6.46548318862915,5.219219207763672,5.419838905334473,,7.681859016418457,,11.384648323059082,,
2018-08-03,7.5479841232299805,7.207383155822754,6.453538417816162,5.114377498626709,5.406964302062988,,7.7231550216674805,,11.377095222473145,,
2018-08-04,7.541189670562744,7.182353496551514,6.441913604736328,5.058408260345459,,,7.70298433303833,,11.367156028747559,,
2018-08-05,7.5209527015686035,7.149192810058594,6.430144309997559,5.056149482727051,5.377525329589844,8.08495807647705,7.629033088684082,,11.355113983154297,,
2018-08-06,7.488927841186523,7.125793933868408,6.417965412139893,5.1333136558532715,,8.787797927856445,7.54122257232666,,11.343438148498535,,
2018-08-07,7.45698356628418,7.087523460388184,6.405375003814697,5.194121837615967,5.345743656158447,8.927510261535645,7.509028434753418,,11.333344459533691,,
2018-08-08,7.437321186065674,7.083283424377441,6.3926849365234375,5.220346927642822,5.331137657165527,9.073602676391602,7.510474681854248,,11.327164649963379,,
2018-08-09,7.440499305725098,7.085050582885742,6.380414962768555,5.2181196212768555,5.317648410797119,9.235784530639648,7.523430824279785,,11.325583457946777,,
2018-08-10,7.453176021575928,7.1083245277404785,6.369113445281982,5.241786003112793,5.305522441864014,9.330406188964844,7.510550498962402,6.201981067657471,11.327113151550293,,
2018-08-11,7.446422100067139,7.113054275512695,6.358748912811279,5.181508541107178,5.293543338775635,8.369614601135254,7.5327067375183105,6.160244941711426,11.327557563781738,,
2018-08-12,7.416786193847656,7.114823341369629,6.348944664001465,5.019214630126953,5.280810356140137,8.190875053405762,7.561129093170166,6.11154317855835,11.323583602905273,,
2018-08-13,7.38499641418457,7.121824264526367,6.339566707611084,4.90752649307251,5.268277645111084,9.089778900146484,7.601919651031494,6.107348442077637,11.313499450683594,,
2018-08-14,7.372487545013428,7.1192522048950195,6.330711841583252,4.882467746734619,5.25671911239624,9.229517936706543,7.6031694412231445,6.125873565673828,11.299485206604004,,5.589975357055664
2018-08-15,7.380410671234131,7.1115288734436035,6.322386264801025,4.922548294067383,5.246166229248047,9.301353454589844,7.582459449768066,6.149934768676758,11.286401748657227,,
2018-08-16,7.396890640258789,7.108482837677002,6.314714431762695,5.016730308532715,5.2364420890808105,9.350478172302246,7.551265239715576,6.163180351257324,11.27856731414795,,
2018-08-17,7.413532257080078,7.1105637550354,6.3080153465271,5.082767963409424,5.227768898010254,9.420374870300293,7.566884517669678,6.172116756439209,11.276267051696777,,
2018-08-18,7.425210952758789,7.113940715789795,6.302499294281006,5.087368965148926,5.219015598297119,8.640975952148438,7.598333358764648,6.163097858428955,11.277173042297363,,
2018-08-19,7.461281776428223,7.119673728942871,6.298320770263672,5.1057353019714355,5.2109222412109375,9.349698066711426,7.6324262619018555,6.1886115074157715,11.280248641967773,,
2018-08-20,7.517614364624023,7.139607906341553,6.295543193817139,5.165924549102783,5.204188346862793,9.480453491210938,7.646728515625,6.230169773101807,11.28343391418457,,
2018-08-21,7.581088066101074,7.157590866088867,6.2940673828125,5.219185829162598,5.199099540710449,9.529281616210938,7.679910659790039,6.277034759521484,11.286441802978516,,
2018-08-22,7.647032260894775,7.182092189788818,6.293754577636719,5.270641803741455,5.195676803588867,9.582511901855469,7.742395401000977,6.325510025024414,11.290695190429688,,
2018-08-23,7.715704441070557,7.203780651092529,6.2945451736450195,5.312820911407471,5.193865776062012,9.617536544799805,7.8204731941223145,6.373441696166992,11.296860694885254,,
2018-08-24,7.784483909606934,7.216212272644043,6.296370506286621,5.341666221618652,5.193506717681885,9.650460243225098,7.870201587677002,6.419476509094238,11.30485725402832,,
2018-08-25,7.849299430847168,7.2319536209106445,6.299098491668701,5.323400497436523,5.194212913513184,9.6715726852417,7.907803535461426,6.4629034996032715,11.313806533813477,,
2018-08-26,7.910223007202148,7.257154941558838,6.3025360107421875,5.35516881942749,5.195522785186768,9.690983772277832,7.9390339851379395,6.5019121170043945,11.322965621948242,,
2018-08-27,7.967554092407227,7.283712387084961,6.306546211242676,5.379588603973389,5.19752836227417,9.725513458251953,8.004435539245605,6.536977291107178,11.331343650817871,,
2018-08-28,8.017742156982422,7.312753677368164,6.311153411865234,5.383345603942871,5.200374126434326,9.765107154846191,8.071001052856445,6.5688581466674805,11.339125633239746,,5.618478298187256
2018-08-29,8.07011604309082,7.330024242401123,6.316269397735596,5.3833441734313965,5.204041957855225,9.798933982849121,8.117131233215332,6.5995564460754395,11.346222877502441,,
2018-08-30,8.12277889251709,7.346818447113037,6.321740627288818,5.4185028076171875,5.208372592926025,9.82414436340332,8.127996444702148,6.629733562469482,11.35246467590332,,
2018-08-31,8.168052673339844,7.3577961921691895,6.327388286590576,5.4470672607421875,5.213278293609619,9.794821739196777,8.157349586486816,6.659182071685791,11.358089447021484,,
2018-09-01,8.20753288269043,7.380605697631836,6.333205699920654,5.478038311004639,5.218703746795654,9.801136016845703,8.197463989257812,6.687519073486328,11.363465309143066,,
2018-09-02,8.244657516479492,7.399815082550049,6.339229106903076,5.505615711212158,5.224578380584717,9.808595657348633,8.249608039855957,6.714328765869141,11.368721961975098,,
2018-09-03,8.278945922851562,7.403043270111084,6.345434665679932,5.529655456542969,5.230812072753906,9.826655387878418,8.273490905761719,6.739614486694336,11.373824119567871,,
2018-09-04,8.313020706176758,7.420028209686279,6.351675987243652,5.504059791564941,5.237124443054199,9.856718063354492,8.292374610900879,6.763314723968506,11.378567695617676,,
2018-09-05,8.347230911254883,7.437302589416504,6.357793807983398,5.528079986572266,5.24317741394043,9.871132850646973,8.306172370910645,6.783767223358154,11.382912635803223,,
2018-09-06,8.379953384399414,7.454970836639404,6.363719940185547,5.544971942901611,5.249159812927246,9.8789701461792,8.350279808044434,6.801390647888184,11.386353492736816,,
2018-09-07,8.409010887145996,7.476343154907227,6.369563102722168,5.54141092300415,5.255242347717285,9.899871826171875,8.397738456726074,6.8170318603515625,11.389389038085938,,
2018-09-08,8.43846321105957,7.494307518005371,6.375330924987793,5.5401835441589355,5.261470317840576,9.919787406921387,8.427980422973633,6.832548141479492,11.392060279846191,,
2018-09-09,8.467120170593262,7.503220558166504,6.380950927734375,5.567580699920654,5.267723560333252,9.93420124053955,8.419668197631836,6.848381519317627,11.39421272277832,,
2018-09-10,8.487221717834473,7.498137950897217,6.386321544647217,5.587446689605713,5.273947238922119,9.895224571228027,8.427979469299316,6.86411714553833,11.396050453186035,,
2018-09-11,8.501619338989258,7.50916862487793,6.391401290893555,5.609761714935303,5.280130863189697,9.892376899719238,8.447052001953125,6.879446029663086,11.397738456726074,,
2018-09-12,8.517788887023926,7.51859712600708,6.396263122558594,5.628818511962891,5.286254405975342,9.89085865020752,8.478705406188965,6.8940110206604,11.399123191833496,,
2018-09-13,8.53569507598877,7.518312931060791,6.400984287261963,5.64448356628418,5.292248249053955,9.90223503112793,8.491960525512695,6.9078049659729,11.400290489196777,,
2018-09-14,8.550726890563965,7.52840518951416,6.405520915985107,5.648103713989258,5.297969341278076,9.928068161010742,8.498618125915527,6.920737266540527,11.40141773223877,,5.826682090759277
2018-09-15,8.563831329345703,7.538269996643066,6.409784317016602,5.624375820159912,5.303202152252197,9.935953140258789,8.498035430908203,6.931090831756592,11.402342796325684,,
2018-09-16,8.577812194824219,7.548676490783691,6.413719177246094,5.62402868270874,5.308221340179443,9.935619354248047,8.523228645324707,6.939167499542236,11.4024076461792,,
2018-09-17,8.590970039367676,7.562594413757324,6.417454719543457,5.617339611053467,5.313256740570068,9.950047492980957,8.552166938781738,6.945382118225098,11.402325630187988,,
2018-09-18,8.607104301452637,7.577915668487549,6.421114921569824,5.636698246002197,5.318329334259033,9.971014976501465,8.594801902770996,6.951781272888184,11.402756690979004,,
2018-09-19,8.625118255615234,7.593514919281006,6.424824237823486,5.66014289855957,5.323485851287842,9.992082595825195,8.641265869140625,6.959217548370361,11.403792381286621,,
2018-09-20,8.64353084564209,7.608811378479004,6.428638458251953,5.68009090423584,5.328635215759277,10.011239051818848,8.68595027923584,6.967556953430176,11.405224800109863,,
2018-09-21,8.661473274230957,7.623642921447754,6.432573318481445,5.696343421936035,5.333764553070068,10.028346061706543,8.727164268493652,6.976390838623047,11.406826972961426,,
2018-09-22,8.67861557006836,7.637888431549072,6.436615467071533,5.709826469421387,5.33886194229126,10.043683052062988,8.76464557647705,6.985323905944824,11.408454895019531,,
2018-09-23,8.694872856140137,7.6518988609313965,6.440784931182861,5.721286773681641,5.34391975402832,10.057767868041992,8.798653602600098,6.994181156158447,11.410102844238281,,
2018-09-24,8.71025562286377,7.665236473083496,6.445068836212158,5.73121976852417,5.3489227294921875,10.070712089538574,8.829526901245117,7.002838611602783,11.411787986755371,,
2018-09-25,8.72480297088623,7.677961826324463,6.449419021606445,5.739964962005615,5.353867530822754,10.082475662231445,8.857590675354004,7.011219501495361,11.413482666015625,,
2018-09-26,8.738554000854492,7.689722537994385,6.453783988952637,5.74772310256958,5.358730316162109,10.093094825744629,8.883106231689453,7.0192766189575195,11.415135383605957,,
2018-09-27,8.751541137695312,7.700716495513916,6.458116054534912,5.754653453826904,5.363498687744141,10.102652549743652,8.9063138961792,7.026984214782715,11.416692733764648,,
2018-09-28,8.763785362243652,7.710807800292969,6.462377071380615,5.760892868041992,5.368165969848633,10.111289978027344,8.927453994750977,7.034322261810303,11.418115615844727,,
2018-09-29,8.775312423706055,7.720151901245117,6.466542720794678,5.766571521759033,5.372733116149902,10.119101524353027,8.946722030639648,7.041292190551758,11.419377326965332,,
2018-09-30,8.78624153137207,7.7287278175354,6.470597743988037,5.774476528167725,5.377222061157227,10.12617301940918,8.964295387268066,7.0481791496276855,11.42047119140625,,
2018-10-01,8.796728134155273,7.735157012939453,6.474455833435059,5.785308361053467,5.381670951843262,10.132526397705078,8.980181694030762,7.055277347564697,11.421046257019043,,
2018-10-02,8.806879043579102,7.740784168243408,6.478109836578369,5.798313617706299,5.386118412017822,10.138259887695312,8.994526863098145,7.0627121925354,11.421077728271484,,
2018-10-03,8.816739082336426,7.745877742767334,6.481579303741455,5.812474250793457,5.390584468841553,10.14340591430664,9.007527351379395,7.070459365844727,11.420680046081543,,
2018-10-04,8.826308250427246,7.750535488128662,6.48488187789917,5.82697868347168,5.395071506500244,10.148005485534668,9.019357681274414,7.078431129455566,11.419986724853516,,
2018-10-05,8.8355712890625,7.754805564880371,6.488027572631836,5.841279983520508,5.399571895599365,10.152117729187012,9.03015422821045,7.086511611938477,11.419113159179688,,
2018-10-06,8.844504356384277,7.758755683898926,6.491024494171143,5.849583625793457,5.404050827026367,10.155808448791504,9.040027618408203,7.0945963859558105,11.4181547164917,,
2018-10-07,8.8530855178833,7.762391090393066,6.49387264251709,5.862489223480225,5.408482551574707,10.159113883972168,9.049063682556152,7.102469444274902,11.41716194152832,,
2018-10-08,8.86126708984375,7.76573371887207,6.496572971343994,5.875796794891357,5.412833213806152,10.16206169128418,9.057333946228027,7.110011100769043,11.416167259216309,,
2018-10-09,8.86902141571045,7.768798351287842,6.499124526977539,5.888086795806885,5.417072296142578,10.164671897888184,9.064897537231445,7.117283821105957,11.415184020996094,,
2018-10-10,8.87634563446045,7.771599769592285,6.501526832580566,5.899211406707764,5.421177387237549,10.166976928710938,9.071821212768555,7.124322414398193,11.414222717285156,,
2018-10-11,8.8832368850708,7.774195194244385,6.503779411315918,5.9037885665893555,5.4251322746276855,10.169031143188477,9.078165054321289,7.1310811042785645,11.413283348083496,,
2018-10-12,8.88972282409668,7.7765679359436035,6.505884170532227,5.912778854370117,5.428944110870361,10.170845031738281,9.08397388458252,7.137552261352539,11.412361145019531,,
2018-10-13,8.89580249786377,7.778718948364258,6.507844924926758,5.922252178192139,5.432608127593994,10.172418594360352,9.089266777038574,7.143742561340332,11.411456108093262,,
2018-10-14,8.90151309967041,7.780621528625488,6.509651184082031,5.930829048156738,5.436137676239014,10.17377758026123,9.094104766845703,7.14944314956665,11.410548210144043,,
2018-10-15,8.906777381896973,7.782304763793945,6.511313438415527,5.9385833740234375,5.439556121826172,10.174935340881348,9.098501205444336,7.154724597930908,11.40963077545166,,
2018-10-16,8.91159725189209,7.783798694610596,6.512821674346924,5.945744037628174,5.442862510681152,10.175920486450195,9.102499961853027,7.1597418785095215,11.40868854522705,,6.0126237869262695
2018-10-17,8.91606330871582,7.785125255584717,6.514219284057617,5.952495098114014,5.446103572845459,10.176742553710938,9.106125831604004,7.1645684242248535,11.407723426818848,,
2018-10-18,8.920174598693848,7.78629732131958,6.515486240386963,5.9533843994140625,5.449275016784668,10.177421569824219,9.109411239624023,7.169167995452881,11.406742095947266,,
2018-10-19,8.92399787902832,7.787323951721191,6.516639232635498,5.959228992462158,5.4523701667785645,10.177966117858887,9.112388610839844,7.173532962799072,11.405735969543457,,
2018-10-20,8.927533149719238,7.788209438323975,6.517687797546387,5.965879917144775,5.455379009246826,10.178386688232422,9.11507797241211,7.177486419677734,11.404716491699219,,
2018-10-21,8.930774688720703,7.788962364196777,6.518639087677002,5.971920490264893,5.458277702331543,10.178698539733887,9.117505073547363,7.181092262268066,11.403661727905273,,
2018-10-22,8.933700561523438,7.789599418640137,6.519495487213135,5.977231502532959,5.461059093475342,10.178906440734863,9.119690895080566,7.184501647949219,11.402582168579102,,
2018-10-23,8.936344146728516,7.790141582489014,6.520261764526367,5.981926441192627,5.463703155517578,10.179021835327148,9.121660232543945,7.187784671783447,11.40150260925293,,
2018-10-24,8.938762664794922,7.790597915649414,6.520939350128174,5.986122131347656,5.466228008270264,10.179058074951172,9.123432159423828,7.190952777862549,11.400406837463379,,
2018-10-25,8.940972328186035,7.790977478027344,6.521533489227295,5.9898881912231445,5.468640327453613,10.17902946472168,9.125022888183594,7.1939802169799805,11.399285316467285,,
2018-10-26,8.94300365447998,7.791445732116699,6.522058486938477,5.993264198303223,5.470943927764893,10.179060935974121,9.12647533416748,7.196869850158691,11.398178100585938,,
2018-10-27,8.94487476348877,7.792169094085693,6.522546291351318,5.996269702911377,5.47313117980957,10.179295539855957,9.127839088439941,7.199613094329834,11.397125244140625,,
2018-10-28,8.946605682373047,7.792991638183594,6.5230183601379395,5.998958587646484,5.4752197265625,10.17955493927002,9.129137992858887,7.20218563079834,11.396143913269043,,
2018-10-29,8.948210716247559,7.793832778930664,6.523482322692871,6.0013837814331055,5.477214813232422,10.17977237701416,9.13037395477295,7.204583168029785,11.395237922668457,,6.0537614822387695
2018-10-30,8.949716567993164,7.796350002288818,6.524120807647705,6.003599643707275,5.479152679443359,10.182159423828125,9.131816864013672,7.206967830657959,11.394951820373535,,
2018-10-31,8.951136589050293,7.799596786499023,6.524964809417725,6.005000114440918,5.481052875518799,10.18453598022461,9.133554458618164,7.209224700927734,11.395484924316406,,
2018-11-01,8.952468872070312,7.807919502258301,6.526087284088135,6.0053277015686035,5.482906818389893,10.186882019042969,9.135701179504395,7.211283206939697,11.396275520324707,,
2018-11-02,8.953712463378906,7.815451145172119,6.527458190917969,6.004696369171143,5.484692096710205,10.188898086547852,9.138152122497559,7.213100433349609,11.39697551727295,,
2018-11-03,8.95486068725586,7.821840286254883,6.529001712799072,6.003354072570801,5.486390590667725,10.190768241882324,9.1407470703125,7.214664459228516,11.397454261779785,,
2018-11-04,8.955909729003906,7.827127456665039,6.530642509460449,6.001547336578369,5.487987995147705,10.192424774169922,9.143357276916504,7.2159810066223145,11.397710800170898,,
2018-11-05,8.956855773925781,7.831724166870117,6.532326698303223,5.99946403503418,5.489476680755615,10.193975448608398,9.14591121673584,7.217068672180176,11.397805213928223,,
2018-11-06,8.957697868347168,7.835526466369629,6.534008502960205,5.997235298156738,5.490853786468506,10.19542121887207,9.14836597442627,7.217945098876953,11.397785186767578,,
2018-11-07,8.958434104919434,7.839015007019043,6.535667419433594,5.994948387145996,5.49212121963501,10.196895599365234,9.150712013244629,7.218639373779297,11.397714614868164,,
2018-11-08,8.959068298339844,7.8419189453125,6.537281036376953,5.992654323577881,5.493284225463867,10.198272705078125,9.152945518493652,7.219167709350586,11.397613525390625,,
2018-11-09,8.959602355957031,7.84459924697876,6.538832187652588,5.990390300750732,5.4943461418151855,10.199597358703613,9.155056953430176,7.219549179077148,11.397496223449707,,
2018-11-10,8.960041046142578,7.84709358215332,6.540325164794922,5.988176345825195,5.495315074920654,10.20113754272461,9.157088279724121,7.219814300537109,11.397415161132812,,
2018-11-11,8.960395812988281,7.849711894989014,6.54179048538208,5.986017227172852,5.4962029457092285,10.202964782714844,9.159089088439941,7.219995975494385,11.39751148223877,,
2018-11-12,8.96068286895752,7.852601528167725,6.543280601501465,5.983917236328125,5.4970245361328125,10.205318450927734,9.161145210266113,7.220136642456055,11.398050308227539,,
2018-11-13,8.960920333862305,7.855492115020752,6.544796943664551,5.981872081756592,5.497798919677734,10.207537651062012,9.163256645202637,7.220233917236328,11.39903736114502,,
2018-11-14,8.961116790771484,7.858248710632324,6.5463128089904785,5.979814052581787,5.498531818389893,10.209624290466309,9.165369033813477,7.220282077789307,11.400313377380371,,6.082605361938477
2018-11-15,8.961276054382324,7.860689163208008,6.547792911529541,5.977673530578613,5.499205112457275,10.211542129516602,9.167433738708496,7.220272541046143,11.401723861694336,,
2018-11-16,8.961397171020508,7.8629350662231445,6.549216270446777,5.975404262542725,5.49980354309082,10.213366508483887,9.169427871704102,7.220195293426514,11.403167724609375,,
2018-11-17,8.96147632598877,7.864840984344482,6.550572395324707,5.973025798797607,5.500321388244629,10.215068817138672,9.171335220336914,7.220042705535889,11.404572486877441,,
2018-11-18,8.961512565612793,7.866604328155518,6.551847457885742,5.970569133758545,5.500756740570068,10.216691970825195,9.173151969909668,7.219809532165527,11.405889511108398,,
2018-11-19,8.961501121520996,7.868091106414795,6.553037166595459,5.9680705070495605,5.50111198425293,10.218241691589355,9.174877166748047,7.219498157501221,11.407093048095703,,
2018-11-20,8.961442947387695,7.869474411010742,6.554140090942383,5.965564727783203,5.501395225524902,10.219745635986328,9.176517486572266,7.219112396240234,11.408172607421875,,
2018-11-21,8.961336135864258,7.870657920837402,6.5551557540893555,5.963061809539795,5.501612186431885,10.221176147460938,9.178067207336426,7.218658924102783,11.4091215133667,,
2018-11-22,8.961181640625,7.87172269821167,6.5560832023620605,5.960615158081055,5.501767635345459,10.222569465637207,9.17955493927002,7.218143939971924,11.40993881225586,,
2018-11-23,8.960981369018555,7.872635364532471,6.556925296783447,5.95817232131958,5.5018744468688965,10.223881721496582,9.180943489074707,7.217567443847656,11.410630226135254,,
2018-11-24,8.960738182067871,7.873431205749512,6.557676315307617,5.955811023712158,5.50192928314209,10.225146293640137,9.1822509765625,7.216945648193359,11.411210060119629,,
2018-11-25,8.960448265075684,7.87410831451416,6.558341979980469,5.953464031219482,5.501946449279785,10.226373672485352,9.183491706848145,7.216278076171875,11.411674499511719,,
2018-11-26,8.96012020111084,7.874971866607666,6.558945655822754,5.951171398162842,5.501925468444824,10.227836608886719,9.184687614440918,7.2155890464782715,11.412128448486328,,
2018-11-27,8.959757804870605,7.8758440017700195,6.559504508972168,5.948920726776123,5.50187349319458,10.229239463806152,9.18586254119873,7.214880466461182,11.412601470947266,,
2018-11-28,8.959369659423828,7.876796722412109,6.560031414031982,5.946694850921631,5.501795291900635,10.23070240020752,9.187023162841797,7.214161396026611,11.413132667541504,,
2018-11-29,8.958962440490723,7.878021717071533,6.560563564300537,5.944474697113037,5.501697540283203,10.232473373413086,9.188214302062988,7.213456153869629,11.413825988769531,,
2018-11-30,8.95858383178711,7.87926721572876,6.561112403869629,5.94310998916626,5.501585960388184,10.234166145324707,9.189438819885254,7.212860107421875,11.414689064025879,,
2018-12-01,8.958293914794922,7.886656284332275,6.56178617477417,5.942715167999268,5.501473903656006,10.235950469970703,9.19090747833252,7.212477207183838,11.415637969970703,,
2018-12-02,8.958158493041992,7.894617557525635,6.56277322769165,5.943009853363037,5.501406192779541,10.239629745483398,9.192865371704102,7.212471961975098,11.41735553741455,,
2018-12-03,8.958219528198242,7.90214729309082,6.564090251922607,5.94369649887085,5.5014190673828125,10.243561744689941,9.19528579711914,7.212828636169434,11.419975280761719,,6.086580276489258
2018-12-04,8.958481788635254,7.9088263511657715,6.565640926361084,5.944554328918457,5.501525402069092,10.247294425964355,9.198014259338379,7.213469982147217,11.42313003540039,,
2018-12-05,8.958931922912598,7.914689064025879,6.567354202270508,5.9454665184021,5.501725673675537,10.25094985961914,9.200907707214355,7.21433687210083,11.426639556884766,,
2018-12-06,8.959543228149414,7.919869422912598,6.5691704750061035,5.9463629722595215,5.502018451690674,10.254522323608398,9.203879356384277,7.215365886688232,11.430347442626953,,
2018-12-07,8.960329055786133,7.925968170166016,6.57124137878418,5.947206974029541,5.502429485321045,10.259941101074219,9.207161903381348,7.216646194458008,11.435359001159668,,
2018-12-08,8.961343765258789,7.933896064758301,6.573756217956543,5.94800329208374,5.5030059814453125,10.266864776611328,9.211019515991211,7.218294620513916,11.442342758178711,,
2018-12-09,8.962658882141113,7.943043231964111,6.576802730560303,5.948769569396973,5.50378942489624,10.276028633117676,9.215655326843262,7.220409393310547,11.451837539672852,,
2018-12-10,8.96428108215332,7.952420234680176,6.580255508422852,5.949526786804199,5.504791259765625,10.284940719604492,9.220911026000977,7.222848415374756,11.462706565856934,,
2018-12-11,8.966172218322754,7.960898399353027,6.583956718444824,5.950274467468262,5.505995750427246,10.293269157409668,9.226530075073242,7.225443363189697,11.47388744354248,,
2018-12-12,8.968284606933594,7.968133926391602,6.587780475616455,5.951005935668945,5.507363319396973,10.301051139831543,9.232325553894043,7.228067874908447,11.48475456237793,,
2018-12-13,8.970580101013184,7.974471569061279,6.5916571617126465,5.951724529266357,5.508867263793945,10.308355331420898,9.238144874572754,7.230653285980225,11.495019912719727,,
2018-12-14,8.973018646240234,7.980099201202393,6.595525741577148,5.952425479888916,5.510473728179932,10.315303802490234,9.243925094604492,7.233164310455322,11.504557609558105,,6.113329887390137
2018-12-15,8.975591659545898,7.985746383666992,6.599421501159668,5.953159809112549,5.5121750831604,10.322779655456543,9.249744415283203,7.235649585723877,11.513748168945312,,
2018-12-16,8.978292465209961,7.991085052490234,6.6033196449279785,5.953916072845459,5.51396369934082,10.329943656921387,9.255582809448242,7.238111972808838,11.522600173950195,,
2018-12-17,8.981109619140625,7.996212482452393,6.607204914093018,5.954696178436279,5.515834331512451,10.337215423583984,9.26142406463623,7.240553855895996,11.531102180480957,,
2018-12-18,8.984024047851562,8.000885009765625,6.611038684844971,5.955494403839111,5.517775535583496,10.34408950805664,9.267212867736816,7.242955684661865,11.539114952087402,,
2018-12-19,8.987018585205078,8.00529956817627,6.614800453186035,5.956302642822266,5.519776344299316,10.350860595703125,9.272933006286621,7.245318412780762,11.5466947555542,,
2018-12-20,8.990082740783691,8.00942611694336,6.6184797286987305,5.957112789154053,5.521830081939697,10.357488632202148,9.278573036193848,7.247643947601318,11.553902626037598,,
2018-12-21,8.993264198303223,8.014758110046387,6.622252464294434,5.957943916320801,5.523967742919922,10.366219520568848,9.284446716308594,7.250097751617432,11.562321662902832,,
2018-12-22,8.996601104736328,8.020992279052734,6.62623405456543,5.9588117599487305,5.526232719421387,10.376401901245117,9.290729522705078,7.252745628356934,11.572705268859863,,
2018-12-23,9.000134468078613,8.0282621383667,6.6305060386657715,5.959739685058594,5.528670310974121,10.388086318969727,9.297553062438965,7.255630016326904,11.585186958312988,,
2018-12-24,9.003864288330078,8.035195350646973,6.634941101074219,5.960744857788086,5.531280040740967,10.399203300476074,9.304718971252441,7.258636951446533,11.59813404083252,,
2018-12-25,9.007766723632812,8.041519165039062,6.6394500732421875,,5.534040451049805,10.409520149230957,9.312013626098633,7.26168155670166,11.610554695129395,,
2018-12-26,9.011826515197754,8.047224998474121,6.6439666748046875,,5.536920547485352,10.41889476776123,9.319311141967773,7.2647271156311035,11.6220064163208,,
2018-12-27,9.016022682189941,8.052374839782715,6.64845609664917,,5.539887428283691,10.427718162536621,9.326517105102539,7.267760276794434,11.63237476348877,,
2018-12-28,9.020330429077148,8.057043075561523,6.652894973754883,,5.542927265167236,10.435948371887207,9.333579063415527,7.270771026611328,11.641700744628906,,
2018-12-29,9.024724960327148,8.061300277709961,6.6572723388671875,,5.54602575302124,10.443734169006348,9.340465545654297,7.27376127243042,11.650096893310547,,
2018-12-30,9.029184341430664,8.065434455871582,6.66160249710083,,5.549180030822754,10.451416969299316,9.347198486328125,7.276741981506348,11.657777786254883,,
2018-12-31,9.033987998962402,8.070206642150879,6.665894985198975,,5.552395820617676,10.460413932800293,9.358769416809082,7.279743671417236,11.664802551269531,,
